X,Y,Z,x,y,Lv [cd/m²],u',v',Tcp,duv,λd/λc,Pe,Δt,ErrCode,Sync Mode,Meas Speed,Averaging Times,Integration Time,Date,Time,,,,,,,,,,,,,,,,,,,,
1281.2344,1264.6022,2383.2698,0.259932389,0.256558106,1264.6022,0.187040994,0.41537912,19071.92555,-0.003074918,476.1100453,32.26984683,3.2,0,NTSC : 59.94[Hz],SLOW,1,Double-Frame,2025/10/11,14:59:03,,,,,,,,,,,,,,,,,,,,
1281.2888,1264.5735,2383.4839,0.259930779,0.256539802,1264.5735,0.187047118,0.415365658,19079.34225,-0.00308357,476.1057984,32.27267218,3.28,0,NTSC : 59.94[Hz],SLOW,1,Double-Frame,2025/10/11,14:59:06,,,,,,,,,,,,,,,,,,,,
1281.3049,1264.6021,2383.4365,0.259934188,0.256545745,1264.6021,0.187047401,0.41537046,19075.81568,-0.003082824,476.1064056,32.27087072,3.27,0,NTSC : 59.94[Hz],SLOW,1,Double-Frame,2025/10/11,14:59:09,,,,,,,,,,,,,,,,,,,,
1281.1248,1264.4446,2383.0811,0.259934195,0.256549861,1264.4446,0.187045744,0.415373435,19074.28534,-0.003080625,476.1074555,32.27034408,3.28,0,NTSC : 59.94[Hz],SLOW,1,Double-Frame,2025/10/11,14:59:12,,,,,,,,,,,,,,,,,,,,
1281.1139,1264.3986,2383.1025,0.259933856,0.256542375,1264.3986,0.1870485,0.415367977,19077.19519,-0.003084391,476.1056335,32.2714019,3.28,0,NTSC : 59.94[Hz],SLOW,1,Double-Frame,2025/10/11,14:59:15,,,,,,,,,,,,,,,,,,,,
1280.949,1264.2163,2382.7036,0.259939748,0.256544223,1264.2163,0.18705239,0.415370192,19074.22721,-0.003087613,476.1045305,32.26936131,3.25,0,NTSC : 59.94[Hz],SLOW,1,Double-Frame,2025/10/11,14:59:18,,,,,,,,,,,,,,,,,,,,
1280.9563,1264.2534,2382.6746,0.259940417,0.25655095,1264.2534,0.187050201,0.415375152,19071.47208,-0.003084489,476.1060706,32.26829914,3.25,0,NTSC : 59.94[Hz],SLOW,1,Double-Frame,2025/10/11,14:59:21,,,,,,,,,,,,,,,,,,,,
1280.9341,1264.196,2382.6394,0.259941968,0.256545279,1264.196,0.187053711,0.415371286,19072.97607,-0.003088635,476.1042068,32.26854684,3.28,0,NTSC : 59.94[Hz],SLOW,1,Double-Frame,2025/10/11,14:59:24,,,,,,,,,,,,,,,,,,,,
1280.8463,1264.0865,2382.491,0.259942386,0.256541055,1264.0865,0.187055746,0.415368298,19074.38152,-0.003091196,476.1030157,32.26895689,3.3,0,NTSC : 59.94[Hz],SLOW,1,Double-Frame,2025/10/11,14:59:27,,,,,,,,,,,,,,,,,,,,
1280.7338,1264.0314,2382.1987,0.259943817,0.256553818,1264.0314,0.187051718,0.415377731,19069.09239,-0.003085383,476.1058946,32.26689226,3.27,0,NTSC : 59.94[Hz],SLOW,1,Double-Frame,2025/10/11,14:59:30,,,,,,,,,,,,,,,,,,,,
1280.6726,1263.9089,2382.1174,0.259945376,0.256542753,1263.9089,0.187057413,0.415369971,19072.59337,-0.003092424,476.1026501,32.26782441,3.29,0,NTSC : 59.94[Hz],SLOW,1,Double-Frame,2025/10/11,14:59:33,,,,,,,,,,,,,,,,,,,,
1280.5349,1263.7788,2381.8606,0.259945106,0.256543663,1263.7788,0.187056833,0.415370588,19072.36048,-0.003091743,476.102955,32.26779134,3.29,0,NTSC : 59.94[Hz],SLOW,1,Double-Frame,2025/10/11,14:59:36,,,,,,,,,,,,,,,,,,,,
1280.4597,1263.6782,2381.4839,0.259958996,0.256552015,1263.6782,0.18706439,0.415378698,19063.88656,-0.003097199,476.1013751,32.26247164,3.29,0,NTSC : 59.94[Hz],SLOW,1,Double-Frame,2025/10/11,14:59:39,,,,,,,,,,,,,,,,,,,,
1280.4047,1263.592,2381.5063,0.2599541,0.256540703,1263.592,0.187065106,0.415369794,19069.9767,-0.003099758,476.0997937,32.26541324,3.27,0,NTSC : 59.94[Hz],SLOW,1,Double-Frame,2025/10/11,14:59:42,,,,,,,,,,,,,,,,,,,,
1280.248,1263.4167,2381.1506,0.259958582,0.256540931,1263.4167,0.187068541,0.415370628,19068.15733,-0.003102839,476.0986537,32.26401129,3.29,0,NTSC : 59.94[Hz],SLOW,1,Double-Frame,2025/10/11,14:59:45,,,,,,,,,,,,,,,,,,,,
1280.111,1263.3108,2380.8247,0.259960788,0.256549058,1263.3108,0.187066995,0.415376829,19064.28982,-0.003100064,476.1001403,32.26229972,3.28,0,NTSC : 59.94[Hz],SLOW,1,Double-Frame,2025/10/11,14:59:48,,,,,,,,,,,,,,,,,,,,
1280.032,1263.1887,2380.6118,0.259966601,0.256545831,1263.1887,0.187072872,0.415375367,19063.23679,-0.003105947,476.0977612,32.26093004,3.29,0,NTSC : 59.94[Hz],SLOW,1,Double-Frame,2025/10/11,14:59:51,,,,,,,,,,,,,,,,,,,,
1279.9935,1263.1492,2380.4998,0.259968814,0.256547708,1263.1492,0.187073855,0.415377054,19061.68495,-0.003106523,476.0976492,32.26001299,3.28,0,NTSC : 59.94[Hz],SLOW,1,Double-Frame,2025/10/11,14:59:54,,,,,,,,,,,,,,,,,,,,
1279.8778,1262.9899,2380.3516,0.25996766,0.256537404,1262.9899,0.187077108,0.415369437,19065.95142,-0.003111218,476.095325,32.26167957,3.29,0,NTSC : 59.94[Hz],SLOW,1,Double-Frame,2025/10/11,14:59:57,,,,,,,,,,,,,,,,,,,,
1279.7938,1262.9141,2379.9749,0.259978929,0.256549965,1262.9141,0.187080903,0.415380195,19056.93665,-0.003112545,476.0955205,32.25662677,3.27,0,NTSC : 59.94[Hz],SLOW,1,Double-Frame,2025/10/11,15:00:00,,,,,,,,,,,,,,,,,,,,
1279.6587,1262.7526,2379.8455,0.259973982,0.256539358,1262.7526,0.187081294,0.415371794,19062.78055,-0.00311469,476.0941334,32.25949384,3.31,0,NTSC : 59.94[Hz],SLOW,1,Double-Frame,2025/10/11,15:00:03,,,,,,,,,,,,,,,,,,,,
1277.4458,1260.402,2374.9819,0.260022406,0.256553163,1260.402,0.187113825,0.415389004,19038.9524,-0.003141909,476.0847053,32.24289992,3.28,0,NTSC : 59.94[Hz],SLOW,1,Double-Frame,2025/10/11,15:00:06,,,,,,,,,,,,,,,,,,,,
1236.8583,1218.6434,2292.7639,0.260486334,0.256650218,1218.6434,0.187439686,0.415528444,18825.93418,-0.003421389,475.9834333,32.08865721,3.32,0,NTSC : 59.94[Hz],SLOW,1,Double-Frame,2025/10/11,15:00:09,,,,,,,,,,,,,,,,,,,,
1195.8153,1177.3601,2210.7029,0.260874138,0.256848028,1177.3601,0.187664788,0.415729189,18609.73659,-0.003592097,475.9238363,31.9455365,3.26,0,NTSC : 59.94[Hz],SLOW,1,Double-Frame,2025/10/11,15:00:12,,,,,,,,,,,,,,,,,,,,
1155.0625,1135.8016,2129.6016,0.261298827,0.256941616,1135.8016,0.187961044,0.415860201,18420.38417,-0.003844849,475.8231755,31.80500285,3.29,0,NTSC : 59.94[Hz],SLOW,1,Double-Frame,2025/10/11,15:00:15,,,,,,,,,,,,,,,,,,,,
1113.0599,1093.9739,2045.2172,0.261757808,0.257269362,1093.9739,0.18818917,0.416165015,18143.59155,-0.00399561,475.7779252,31.62328594,3.27,0,NTSC : 59.94[Hz],SLOW,1,Double-Frame,2025/10/11,15:00:18,,,,,,,,,,,,,,,,,,,,
1071.4316,1052.1632,1962.5698,0.262209604,0.257494081,1052.1632,0.188453252,0.416394334,17910.41345,-0.004196226,475.7049872,31.45730326,3.32,0,NTSC : 59.94[Hz],SLOW,1,Double-Frame,2025/10/11,15:00:21,,,,,,,,,,,,,,,,,,,,
1029.7147,1010.1784,1880.9944,0.262622863,0.257640241,1010.1784,0.18871882,0.416561276,17720.59517,-0.004411415,475.620721,31.31329825,3.27,0,NTSC : 59.94[Hz],SLOW,1,Double-Frame,2025/10/11,15:00:24,,,,,,,,,,,,,,,,,,,,
987.51245,967.52698,1798.6055,0.263080944,0.25775666,967.52698,0.189031663,0.416713508,17528.29184,-0.004674267,475.5135347,31.15967763,3.28,0,NTSC : 59.94[Hz],SLOW,1,Double-Frame,2025/10/11,15:00:27,,,,,,,,,,,,,,,,,,,,
944.89252,924.94653,1715.5879,0.26353696,0.257973888,924.94653,0.189301697,0.416937773,17309.89388,-0.004880721,475.4350324,30.99340708,3.3,0,NTSC : 59.94[Hz],SLOW,1,Double-Frame,2025/10/11,15:00:30,,,,,,,,,,,,,,,,,,,,
933.13123,912.90112,1694.1003,0.263586516,0.257872009,912.90112,0.189382241,0.416872057,17324.02788,-0.004971163,475.3905132,30.99186048,3.32,0,NTSC : 59.94[Hz],SLOW,1,Double-Frame,2025/10/11,15:00:33,,,,,,,,,,,,,,,,,,,,
933.60132,913.49823,1695.6688,0.263523106,0.257848705,913.49823,0.189341881,0.416845826,17352.09272,-0.004938735,475.4034702,31.0140719,3.32,0,NTSC : 59.94[Hz],SLOW,1,Double-Frame,2025/10/11,15:00:36,,,,,,,,,,,,,,,,,,,,
933.93365,913.97864,1696.8929,0.263465437,0.25783607,913.97864,0.189301679,0.416828117,17375.09841,-0.004904596,475.4176899,31.03314531,3.31,0,NTSC : 59.94[Hz],SLOW,1,Double-Frame,2025/10/11,15:00:39,,,,,,,,,,,,,,,,,,,,
934.28247,914.44116,1697.9191,0.263427286,0.257832894,914.44116,0.189272969,0.416820123,17388.77663,-0.0048792,475.4285721,31.04508109,3.3,0,NTSC : 59.94[Hz],SLOW,1,Double-Frame,2025/10/11,15:00:42,,,,,,,,,,,,,,,,,,,,
934.59814,914.95197,1698.9806,0.263376089,0.257839665,914.95197,0.189229941,0.41681732,17403.81181,-0.004839141,475.4463229,31.05964583,3.3,0,NTSC : 59.94[Hz],SLOW,1,Double-Frame,2025/10/11,15:00:45,,,,,,,,,,,,,,,,,,,,
934.91205,915.40741,1700.0042,0.263331499,0.257837735,915.40741,0.189195661,0.416809257,17419.29776,-0.004808493,475.4595348,31.0733616,3.33,0,NTSC : 59.94[Hz],SLOW,1,Double-Frame,2025/10/11,15:00:48,,,,,,,,,,,,,,,,,,,,
935.0694,915.63788,1700.5801,0.263304346,0.257832662,915.63788,0.189176375,0.416801548,17429.92317,-0.00479194,475.466461,31.08222678,3.3,0,NTSC : 59.94[Hz],SLOW,1,Double-Frame,2025/10/11,15:00:51,,,,,,,,,,,,,,,,,,,,
935.32452,915.94409,1701.5363,0.263263687,0.257808721,915.94409,0.189154161,0.416778265,17450.83737,-0.004776005,475.4721507,31.09765366,3.28,0,NTSC : 59.94[Hz],SLOW,1,Double-Frame,2025/10/11,15:00:54,,,,,,,,,,,,,,,,,,,,
935.57208,916.31104,1702.333,0.26322881,0.257809601,916.31104,0.189126374,0.416773676,17462.27032,-0.004750735,475.4831527,31.10806698,3.29,0,NTSC : 59.94[Hz],SLOW,1,Double-Frame,2025/10/11,15:00:57,,,,,,,,,,,,,,,,,,,,
935.82715,916.60455,1702.9739,0.263212487,0.257805903,916.60455,0.189115044,0.416768575,17468.88116,-0.004741133,475.4871244,31.11348181,3.33,0,NTSC : 59.94[Hz],SLOW,1,Double-Frame,2025/10/11,15:01:00,,,,,,,,,,,,,,,,,,,,
935.96649,916.84296,1703.4734,0.26318674,0.257809347,916.84296,0.189093393,0.416767194,17476.47776,-0.004720965,475.4960409,31.12080113,3.27,0,NTSC : 59.94[Hz],SLOW,1,Double-Frame,2025/10/11,15:01:03,,,,,,,,,,,,,,,,,,,,
936.13312,917.06866,1704.2147,0.263149711,0.257790637,917.06866,0.189071898,0.416748211,17494.66347,-0.004704769,475.5020908,31.1344434,3.29,0,NTSC : 59.94[Hz],SLOW,1,Double-Frame,2025/10/11,15:01:06,,,,,,,,,,,,,,,,,,,,
936.34137,917.28613,1704.8357,0.263130828,0.257775921,917.28613,0.189063046,0.416734813,17505.53953,-0.00469931,475.5036946,31.14208157,3.35,0,NTSC : 59.94[Hz],SLOW,1,Double-Frame,2025/10/11,15:01:09,,,,,,,,,,,,,,,,,,,,
936.44415,917.48828,1705.2075,0.263109675,0.257783706,917.48828,0.189043238,0.416737238,17510.27804,-0.004680057,475.5124299,31.14744281,3.32,0,NTSC : 59.94[Hz],SLOW,1,Double-Frame,2025/10/11,15:01:12,,,,,,,,,,,,,,,,,,,,
936.6366,917.73889,1705.7421,0.263091478,0.257783308,917.73889,0.18902909,0.416734229,17516.53578,-0.004667334,475.5179141,31.15298857,3.35,0,NTSC : 59.94[Hz],SLOW,1,Double-Frame,2025/10/11,15:01:15,,,,,,,,,,,,,,,,,,,,
936.71332,917.83527,1706.007,0.263080662,0.257778666,917.83527,0.189022475,0.416729274,17521.61275,-0.004662156,475.5199135,31.15686536,3.34,0,NTSC : 59.94[Hz],SLOW,1,Double-Frame,2025/10/11,15:01:18,,,,,,,,,,,,,,,,,,,,
936.90527,918.1524,1706.6927,0.263046304,0.257781232,918.1524,0.188994411,0.416725974,17532.42095,-0.004636339,475.5312118,31.16689985,3.32,0,NTSC : 59.94[Hz],SLOW,1,Double-Frame,2025/10/11,15:01:21,,,,,,,,,,,,,,,,,,,,
937.07422,918.29059,1707.3016,0.263026091,0.25775374,918.29059,0.188989715,0.416703198,17547.73101,-0.004636844,475.5295633,31.17662181,3.3,0,NTSC : 59.94[Hz],SLOW,1,Double-Frame,2025/10/11,15:01:24,,,,,,,,,,,,,,,,,,,,
937.16919,918.44135,1707.697,0.263005418,0.257749672,918.44135,0.188975115,0.416697181,17555.98246,-0.004624345,475.5347529,31.1833984,3.31,0,NTSC : 59.94[Hz],SLOW,1,Double-Frame,2025/10/11,15:01:27,,,,,,,,,,,,,,,,,,,,
937.2962,918.58984,1708.1154,0.262989849,0.257741153,918.58984,0.188966341,0.416688729,17563.88857,-0.004617883,475.5371006,31.18922041,3.35,0,NTSC : 59.94[Hz],SLOW,1,Double-Frame,2025/10/11,15:01:30,,,,,,,,,,,,,,,,,,,,
937.36987,918.74231,1708.2313,0.262985281,0.257759196,918.74231,0.188955399,0.416701008,17559.85606,-0.004604872,475.543662,31.1882239,3.34,0,NTSC : 59.94[Hz],SLOW,1,Double-Frame,2025/10/11,15:01:33,,,,,,,,,,,,,,,,,,,,
937.50226,918.84949,1708.8452,0.262959459,0.257727554,918.84949,0.18894798,0.416674409,17578.40056,-0.004603628,475.5425469,31.20018554,3.34,0,NTSC : 59.94[Hz],SLOW,1,Double-Frame,2025/10/11,15:01:36,,,,,,,,,,,,,,,,,,,,
937.57544,919.03088,1708.943,0.262953996,0.257752957,919.03088,0.188933338,0.416691842,17572.38424,-0.004586001,475.5514856,31.19849017,3.31,0,NTSC : 59.94[Hz],SLOW,1,Double-Frame,2025/10/11,15:01:39,,,,,,,,,,,,,,,,,,,,
937.67401,919.15399,1709.3909,0.262932264,0.257739083,919.15399,0.188921899,0.416678622,17584.0526,-0.004578052,475.5541907,31.20687742,3.33,0,NTSC : 59.94[Hz],SLOW,1,Double-Frame,2025/10/11,15:01:42,,,,,,,,,,,,,,,,,,,,
937.85376,919.4068,1709.9475,0.262909745,0.257738485,919.4068,0.188904434,0.41667482,17591.88208,-0.004562362,475.5609307,31.21375478,3.35,0,NTSC : 59.94[Hz],SLOW,1,Double-Frame,2025/10/11,15:01:45,,,,,,,,,,,,,,,,,,,,
937.88605,919.4325,1710.1033,0.26290304,0.257730243,919.4325,0.188902517,0.416667895,17596.71783,-0.004562051,475.560632,31.21686397,3.33,0,NTSC : 59.94[Hz],SLOW,1,Double-Frame,2025/10/11,15:01:48,,,,,,,,,,,,,,,,,,,,
938.09283,919.73547,1710.7515,0.262875677,0.257731513,919.73547,0.188880482,0.416664711,17605.6221,-0.004541905,475.569389,31.22495766,3.31,0,NTSC : 59.94[Hz],SLOW,1,Double-Frame,2025/10/11,15:01:51,,,,,,,,,,,,,,,,,,,,
938.18207,919.80072,1710.9889,0.262871816,0.257721495,919.80072,0.188881525,0.416656935,17610.05012,-0.004544577,475.5677098,31.22744213,3.34,0,NTSC : 59.94[Hz],SLOW,1,Double-Frame,2025/10/11,15:01:54,,,,,,,,,,,,,,,,,,,,
938.19836,919.85431,1711.1974,0.262855878,0.257716409,919.85431,0.188871062,0.416650895,17617.05561,-0.004535992,475.5711438,31.23292356,3.35,0,NTSC : 59.94[Hz],SLOW,1,Double-Frame,2025/10/11,15:01:57,,,,,,,,,,,,,,,,,,,,
938.35052,920.06445,1711.5209,0.262848005,0.257725764,920.06445,0.188861062,0.416656439,17616.82223,-0.004525334,475.5762315,31.23406863,3.33,0,NTSC : 59.94[Hz],SLOW,1,Double-Frame,2025/10/11,15:02:00,,,,,,,,,,,,,,,,,,,,
938.48547,920.21027,1711.9406,0.262834235,0.257716043,920.21027,0.188854191,0.416647393,17624.53733,-0.004520797,475.5776746,31.23950557,3.33,0,NTSC : 59.94[Hz],SLOW,1,Double-Frame,2025/10/11,15:02:03,,,,,,,,,,,,,,,,,,,,
938.57849,920.37561,1712.2803,0.262816266,0.257719182,920.37561,0.188838783,0.416646959,17629.67902,-0.00450632,475.5840792,31.24451693,3.33,0,NTSC : 59.94[Hz],SLOW,1,Double-Frame,2025/10/11,15:02:06,,,,,,,,,,,,,,,,,,,,
938.71826,920.49615,1712.7844,0.262799153,0.257697776,920.49615,0.188834039,0.416629014,17642.1929,-0.004505722,475.583206,31.25250188,3.35,0,NTSC : 59.94[Hz],SLOW,1,Double-Frame,2025/10/11,15:02:09,,,,,,,,,,,,,,,,,,,,
938.75061,920.60291,1712.7809,0.262798232,0.25771788,920.60291,0.188825132,0.416643323,17636.23058,-0.004494198,475.589233,31.25013279,3.33,0,NTSC : 59.94[Hz],SLOW,1,Double-Frame,2025/10/11,15:02:12,,,,,,,,,,,,,,,,,,,,
938.9472,920.81451,1713.499,0.262770415,0.257695865,920.81451,0.188812218,0.41662334,17652.5967,-0.004486315,475.5914631,31.26142918,3.29,0,NTSC : 59.94[Hz],SLOW,1,Double-Frame,2025/10/11,15:02:15,,,,,,,,,,,,,,,,,,,,
939.01331,920.95966,1713.7705,0.262753417,0.25770167,920.95966,0.188796489,0.416624967,17656.58477,-0.004471087,475.5983271,31.26579638,3.35,0,NTSC : 59.94[Hz],SLOW,1,Double-Frame,2025/10/11,15:02:18,,,,,,,,,,,,,,,,,,,,
939.11017,921.01282,1714.089,0.262746075,0.257682763,921.01282,0.18879841,0.41661028,17665.0119,-0.004476084,475.5951733,31.2705026,3.35,0,NTSC : 59.94[Hz],SLOW,1,Double-Frame,2025/10/11,15:02:21,,,,,,,,,,,,,,,,,,,,
939.26611,921.2652,1714.4999,0.262729485,0.25769431,921.2652,0.188780665,0.416616096,17667.06517,-0.004458043,475.6035509,31.27399044,3.32,0,NTSC : 59.94[Hz],SLOW,1,Double-Frame,2025/10/11,15:02:24,,,,,,,,,,,,,,,,,,,,
939.31036,921.26379,1714.6541,0.262727383,0.257679713,921.26379,0.188784952,0.416605291,17672.35831,-0.004464437,475.6000244,31.27654715,3.38,0,NTSC : 59.94[Hz],SLOW,1,Double-Frame,2025/10/11,15:02:27,,,,,,,,,,,,,,,,,,,,
939.40448,921.42291,1714.8834,0.26271825,0.25768944,921.42291,0.188773812,0.416610914,17672.43264,-0.004452683,475.6055985,31.27802367,3.35,0,NTSC : 59.94[Hz],SLOW,1,Double-Frame,2025/10/11,15:02:30,,,,,,,,,,,,,,,,,,,,
939.51208,921.58618,1715.1477,0.262709022,0.257696532,921.58618,0.18876367,0.416614629,17673.36506,-0.004442287,475.6104488,31.27987557,3.32,0,NTSC : 59.94[Hz],SLOW,1,Double-Frame,2025/10/11,15:02:33,,,,,,,,,,,,,,,,,,,,
939.62,921.67932,1715.5691,0.262693476,0.257677726,921.67932,0.188759098,0.416598787,17684.58394,-0.004441392,475.6098327,31.28704489,3.36,0,NTSC : 59.94[Hz],SLOW,1,Double-Frame,2025/10/11,15:02:36,,,,,,,,,,,,,,,,,,,,
939.79865,921.89618,1716.1046,0.262675052,0.257671286,921.89618,0.188747229,0.416591401,17692.91707,-0.004431766,475.6136296,31.29345515,3.33,0,NTSC : 59.94[Hz],SLOW,1,Double-Frame,2025/10/11,15:02:39,,,,,,,,,,,,,,,,,,,,
939.92444,922.0578,1716.4264,0.262665485,0.257672584,922.0578,0.188739178,0.416590902,17695.7873,-0.004424259,475.6169264,31.29617247,3.35,0,NTSC : 59.94[Hz],SLOW,1,Double-Frame,2025/10/11,15:02:42,,,,,,,,,,,,,,,,,,,,
939.9986,922.14014,1716.6178,0.262660673,0.257670543,922.14014,0.188736224,0.416588715,17698.07828,-0.004421939,475.6178151,31.29789395,3.37,0,NTSC : 59.94[Hz],SLOW,1,Double-Frame,2025/10/11,15:02:45,,,,,,,,,,,,,,,,,,,,
940.17816,922.43536,1717.0907,0.262641297,0.257684798,922.43536,0.188715189,0.416596061,17700.23652,-0.004400454,475.6278124,31.30186632,3.33,0,NTSC : 59.94[Hz],SLOW,1,Double-Frame,2025/10/11,15:02:48,,,,,,,,,,,,,,,,,,,,
940.31085,922.51556,1717.486,0.262633743,0.257663426,922.51556,0.188717944,0.416579569,17709.55318,-0.004406628,475.6240162,31.30696091,3.36,0,NTSC : 59.94[Hz],SLOW,1,Double-Frame,2025/10/11,15:02:51,,,,,,,,,,,,,,,,,,,,
940.40222,922.61877,1717.7229,0.262627613,0.257661201,922.61877,0.188714028,0.416577053,17712.3576,-0.004403469,475.6252548,31.30910456,3.35,0,NTSC : 59.94[Hz],SLOW,1,Double-Frame,2025/10/11,15:02:54,,,,,,,,,,,,,,,,,,,,
940.50946,922.75128,1718.0513,0.262615893,0.257657325,922.75128,0.188706389,0.416572513,17717.6021,-0.004397225,475.6277301,31.31315298,3.35,0,NTSC : 59.94[Hz],SLOW,1,Double-Frame,2025/10/11,15:02:57,,,,,,,,,,,,,,,,,,,,
940.73206,923.05048,1718.7057,0.262591807,0.257656248,923.05048,0.188687886,0.416568134,17726.21495,-0.004380672,475.6347831,31.32056624,3.39,0,NTSC : 59.94[Hz],SLOW,1,Double-Frame,2025/10/11,15:03:00,,,,,,,,,,,,,,,,,,,,
940.84052,923.17957,1718.9792,0.262584624,0.257655527,923.17957,0.188682531,0.41656654,17728.91117,-0.004375951,475.6367717,31.32282982,3.39,0,NTSC : 59.94[Hz],SLOW,1,Double-Frame,2025/10/11,15:03:03,,,,,,,,,,,,,,,,,,,,
940.98511,923.29236,1719.5105,0.262567183,0.257630297,923.29236,0.188679078,0.416545795,17742.88085,-0.004377172,475.6348948,31.33141708,3.33,0,NTSC : 59.94[Hz],SLOW,1,Double-Frame,2025/10/11,15:03:06,,,,,,,,,,,,,,,,,,,,
941.12402,923.53387,1719.7386,0.262561361,0.257653938,923.53387,0.188664885,0.416561917,17737.41108,-0.00436026,475.6434238,31.330062,3.35,0,NTSC : 59.94[Hz],SLOW,1,Double-Frame,2025/10/11,15:03:09,,,,,,,,,,,,,,,,,,,,
941.30719,923.73798,1720.2142,0.262549259,0.257648857,923.73798,0.188657435,0.416556454,17743.18026,-0.004354394,475.6456687,31.33438445,3.34,0,NTSC : 59.94[Hz],SLOW,1,Double-Frame,2025/10/11,15:03:12,,,,,,,,,,,,,,,,,,,,
941.42609,923.83118,1720.5476,0.262542476,0.257635653,923.83118,0.188657471,0.416545947,17749.69188,-0.004356701,475.643969,31.33817057,3.37,0,NTSC : 59.94[Hz],SLOW,1,Double-Frame,2025/10/11,15:03:15,,,,,,,,,,,,,,,,,,,,
941.50983,924.02283,1720.8319,0.262524853,0.257648885,924.02283,0.188638233,0.416552821,17751.5727,-0.004337016,475.6531279,31.34174869,3.34,0,NTSC : 59.94[Hz],SLOW,1,Double-Frame,2025/10/11,15:03:18,,,,,,,,,,,,,,,,,,,,
941.64691,924.16864,1721.0695,0.262524976,0.257652149,924.16864,0.188637002,0.416555185,17750.49776,-0.00433534,475.6540228,31.34128208,3.35,0,NTSC : 59.94[Hz],SLOW,1,Double-Frame,2025/10/11,15:03:21,,,,,,,,,,,,,,,,,,,,
941.86633,924.39923,1721.7303,0.262504854,0.257636649,924.39923,0.188627482,0.416541033,17762.33825,-0.004329395,475.6557379,31.34939738,3.35,0,NTSC : 59.94[Hz],SLOW,1,Double-Frame,2025/10/11,15:03:24,,,,,,,,,,,,,,,,,,,,
941.9917,924.6106,1722.0072,0.262494902,0.257651494,924.6106,0.188613621,0.416550214,17761.06399,-0.004314298,475.6630145,31.3504472,3.37,0,NTSC : 59.94[Hz],SLOW,1,Double-Frame,2025/10/11,15:03:27,,,,,,,,,,,,,,,,,,,,
942.22418,924.776,1722.746,0.262476546,0.257615986,924.776,0.188613625,0.416521942,17778.65941,-0.004320413,475.6584754,31.360664,3.35,0,NTSC : 59.94[Hz],SLOW,1,Double-Frame,2025/10/11,15:03:30,,,,,,,,,,,,,,,,,,,,
942.31848,924.89111,1722.951,0.262472515,0.257618312,924.89111,0.188609509,0.416523011,17779.31236,-0.004316288,475.6603693,31.36157474,3.34,0,NTSC : 59.94[Hz],SLOW,1,Double-Frame,2025/10/11,15:03:33,,,,,,,,,,,,,,,,,,,,
942.55402,925.19635,1723.4868,0.262459419,0.257626079,925.19635,0.188596053,0.416526634,17781.36693,-0.004302776,475.6665816,31.36450586,3.38,0,NTSC : 59.94[Hz],SLOW,1,Double-Frame,2025/10/11,15:03:36,,,,,,,,,,,,,,,,,,,,
942.5965,925.23242,1723.5135,0.262463555,0.257628572,925.23242,0.188598292,0.416529046,17779.14681,-0.004304373,475.6660319,31.36292872,3.37,0,NTSC : 59.94[Hz],SLOW,1,Double-Frame,2025/10/11,15:03:39,,,,,,,,,,,,,,,,,,,,
942.7674,925.46619,1724.0776,0.262440348,0.25762417,925.46619,0.188581833,0.416522409,17788.55999,-0.004290237,475.6718524,31.37051437,3.35,0,NTSC : 59.94[Hz],SLOW,1,Double-Frame,2025/10/11,15:03:42,,,,,,,,,,,,,,,,,,,,
942.88806,925.62555,1724.3641,0.26243255,0.257627903,925.62555,0.188574184,0.416523925,17790.06744,-0.004282673,475.6752959,31.37237713,3.4,0,NTSC : 59.94[Hz],SLOW,1,Double-Frame,2025/10/11,15:03:45,,,,,,,,,,,,,,,,,,,,
943.07788,925.81799,1725.0048,0.262410669,0.257608119,925.81799,0.18856502,0.416506427,17803.92953,-0.004277785,475.6763177,31.3815878,3.39,0,NTSC : 59.94[Hz],SLOW,1,Double-Frame,2025/10/11,15:03:48,,,,,,,,,,,,,,,,,,,,
943.22644,925.96796,1725.3234,0.262406946,0.257605613,925.96796,0.188563112,0.416504069,17806.01606,-0.004276489,475.676737,31.38304163,3.35,0,NTSC : 59.94[Hz],SLOW,1,Double-Frame,2025/10/11,15:03:51,,,,,,,,,,,,,,,,,,,,
943.38037,926.14868,1725.6071,0.26240463,0.257611573,926.14868,0.188558867,0.416508007,17804.91857,-0.004271622,475.6791447,31.38295625,3.34,0,NTSC : 59.94[Hz],SLOW,1,Double-Frame,2025/10/11,15:03:54,,,,,,,,,,,,,,,,,,,,
943.49664,926.30383,1726.1586,0.262376913,0.257595766,926.30383,0.188543498,0.416492495,17819.55574,-0.004260433,475.6830781,31.3934051,3.36,0,NTSC : 59.94[Hz],SLOW,1,Double-Frame,2025/10/11,15:03:57,,,,,,,,,,,,,,,,,,,,
943.59174,926.40686,1726.3035,0.26237833,0.257599844,926.40686,0.188542955,0.416495639,17817.7632,-0.00425924,475.6838104,31.39244026,3.39,0,NTSC : 59.94[Hz],SLOW,1,Double-Frame,2025/10/11,15:04:00,,,,,,,,,,,,,,,,,,,,
,,,,,,,,,,,,,,,,,,,,,,,,,,,,,,,,,,,,,,,
,,,,,,,,,,,,,,,,,,,,,,,,,,,,,,,,,,,,,,,
,,,,,,,,,,,,,,,,,,,,,,,,,,,,,,,,,,,,,,,
105,3571.5159,3846.4199,6454.2573,0.257458635,0.277275545,3846.4199,0.17717921,0.429338055,14616.55295,0.009328732,481.4450087,30.56703024,6.6,2:Δt out of range,INT : 60.00[Hz],SLOW,1,2025/6/19,15:21:31,,,,,,,,,,,,,,,,,,,,
106,3568.4028,3843.0349,6449.897,0.257435729,0.277248547,3843.0349,0.177171925,0.429316797,14625.86098,0.009330583,481.4429263,30.57738914,6.56,2:Δt out of range,INT : 60.00[Hz],SLOW,1,2025/6/19,15:21:32,,,,,,,,,,,,,,,,,,,,
107,3565.1021,3839.4507,6445.29,0.257411016,0.277219804,3839.4507,0.177163924,0.429294114,14635.85271,0.009332775,481.4407608,30.58852201,6.59,2:Δt out of range,INT : 60.00[Hz],SLOW,1,2025/6/19,15:21:33,,,,,,,,,,,,,,,,,,,,
108,3561.9241,3835.9419,6440.7998,0.257389271,0.277190154,3835.9419,0.177158479,0.429271267,14645.3889,0.009332536,481.4379566,30.59880691,6.59,2:Δt out of range,INT : 60.00[Hz],SLOW,1,2025/6/19,15:21:34,,,,,,,,,,,,,,,,,,,,
109,3558.7654,3832.4807,6436.4536,0.257364961,0.277159671,3832.4807,0.177151415,0.429247486,14655.61712,0.009333597,481.435374,30.61000585,6.58,2:Δt out of range,INT : 60.00[Hz],SLOW,1,2025/6/19,15:21:35,,,,,,,,,,,,,,,,,,,,
110,3555.5481,3828.8965,6432.0361,0.257341083,0.27712531,3828.8965,0.177146092,0.429221198,14666.42441,0.009332443,481.4319278,30.62150236,6.59,2:Δt out of range,INT : 60.00[Hz],SLOW,1,2025/6/19,15:21:36,,,,,,,,,,,,,,,,,,,,
111,3552.6621,3825.7795,6427.9019,0.257320999,0.277103022,3825.7795,0.177139196,0.429203466,14674.41048,0.009334762,481.4303948,30.6304296,6.6,2:Δt out of range,INT : 60.00[Hz],SLOW,1,2025/6/19,15:21:37,,,,,,,,,,,,,,,,,,,,
112,3549.4309,3822.2422,6423.293,0.257298994,0.277075143,3822.2422,0.177132905,0.429181744,14683.75606,0.009335585,481.4280034,30.64059896,6.57,2:Δt out of range,INT : 60.00[Hz],SLOW,1,2025/6/19,15:21:38,,,,,,,,,,,,,,,,,,,,
113,3546.2944,3818.7844,6418.9351,0.257275887,0.277044439,3818.7844,0.17712682,0.429157985,14693.82559,0.00933574,481.4251998,30.65143806,6.58,2:Δt out of range,INT : 60.00[Hz],SLOW,1,2025/6/19,15:21:39,,,,,,,,,,,,,,,,,,,,
114,3543.3228,3815.512,6414.915,0.257251863,0.277013308,3815.512,0.177120204,0.429133805,14704.17604,0.009336296,481.4224501,30.66261829,6.56,2:Δt out of range,INT : 60.00[Hz],SLOW,1,2025/6/19,15:21:40,,,,,,,,,,,,,,,,,,,,
115,3540.2839,3812.1509,6410.6187,0.257230992,0.276984384,3812.1509,0.177115143,0.429111551,14713.50057,0.009335847,481.4196765,30.6725424,6.55,2:Δt out of range,INT : 60.00[Hz],SLOW,1,2025/6/19,15:21:41,,,,,,,,,,,,,,,,,,,,
116,3537.1714,3808.749,6406.2813,0.257207644,0.27695558,3808.749,0.177108181,0.429089008,14723.34141,0.009337112,481.4173068,30.68324521,6.57,2:Δt out of range,INT : 60.00[Hz],SLOW,1,2025/6/19,15:21:42,,,,,,,,,,,,,,,,,,,,
117,3534.0886,3805.344,6402.0391,0.257184141,0.27692405,3805.344,0.1771021,0.429064633,14733.69435,0.009337128,481.414402,30.6943036,6.55,2:Δt out of range,INT : 60.00[Hz],SLOW,1,2025/6/19,15:21:43,,,,,,,,,,,,,,,,,,,,
118,3530.8787,3801.8115,6397.5522,0.257160697,0.276893254,3801.8115,0.177095792,0.42904075,14743.92524,0.009337471,481.4116415,30.70526108,6.56,2:Δt out of range,INT : 60.00[Hz],SLOW,1,2025/6/19,15:21:44,,,,,,,,,,,,,,,,,,,,
119,3527.8821,3798.5054,6393.4146,0.257137973,0.276862988,3798.5054,0.177089831,0.429017322,14753.92763,0.009337598,481.4088821,30.71592845,6.57,2:Δt out of range,INT : 60.00[Hz],SLOW,1,2025/6/19,15:21:45,,,,,,,,,,,,,,,,,,,,
120,3524.9731,3795.3323,6389.3442,0.257116207,0.276836565,3795.3323,0.177083181,0.428996583,14763.08164,0.009338998,481.4067685,30.72585802,6.57,2:Δt out of range,INT : 60.00[Hz],SLOW,1,2025/6/19,15:21:46,,,,,,,,,,,,,,,,,,,,
121,3522.001,3792.0518,6385.27,0.257093073,0.276805785,3792.0518,0.177077099,0.428972749,14773.28739,0.009339147,481.40397,30.73671409,6.53,2:Δt out of range,INT : 60.00[Hz],SLOW,1,2025/6/19,15:21:47,,,,,,,,,,,,,,,,,,,,
122,3519.0693,3788.8291,6381.0596,0.25707357,0.276779949,3788.8291,0.17707193,0.428952729,14781.88384,0.00933933,481.4016358,30.74585383,6.54,2:Δt out of range,INT : 60.00[Hz],SLOW,1,2025/6/19,15:21:48,,,,,,,,,,,,,,,,,,,,
123,3515.8057,3785.2422,6376.5,0.257049416,0.276748598,3785.2422,0.177065291,0.42892836,14792.43387,0.00933988,481.3988793,30.75710051,6.53,2:Δt out of range,INT : 60.00[Hz],SLOW,1,2025/6/19,15:21:49,,,,,,,,,,,,,,,,,,,,
124,3512.9165,3782.0479,6372.4941,0.257027779,0.276719179,3782.0479,0.177059831,0.428905644,14802.12867,0.00933971,481.3961386,30.76732505,6.53,2:Δt out of range,INT : 60.00[Hz],SLOW,1,2025/6/19,15:21:50,,,,,,,,,,,,,,,,,,,,
125,3509.6218,3778.4321,6367.875,0.25700352,0.276688033,3778.4321,0.177053037,0.42888139,14812.69676,0.009340435,481.3934443,30.77858224,6.56,2:Δt out of range,INT : 60.00[Hz],SLOW,1,2025/6/19,15:21:51,,,,,,,,,,,,,,,,,,,,
126,3506.675,3775.1924,6363.8228,0.256980405,0.276658223,3775.1924,0.177046611,0.42885819,14822.80443,0.009341062,481.3908521,30.78932346,6.54,2:Δt out of range,INT : 60.00[Hz],SLOW,1,2025/6/19,15:21:52,,,,,,,,,,,,,,,,,,,,
127,3503.7805,3772.0337,6359.7559,0.256958856,0.276631903,3772.0337,0.177040082,0.428837536,14831.98549,0.00934238,481.3887383,30.79917202,6.57,2:Δt out of range,INT : 60.00[Hz],SLOW,1,2025/6/19,15:21:53,,,,,,,,,,,,,,,,,,,,
128,3500.8008,3768.7747,6355.5786,0.256936602,0.276604189,3768.7747,0.177033533,0.42881585,14841.57218,0.009343477,481.3864479,30.8094026,6.57,2:Δt out of range,INT : 60.00[Hz],SLOW,1,2025/6/19,15:21:54,,,,,,,,,,,,,,,,,,,,
129,3497.8757,3765.5366,6351.5156,0.256914743,0.276574112,3765.5366,0.177028144,0.428792652,14851.49885,0.009343137,481.383616,30.81977213,6.55,2:Δt out of range,INT : 60.00[Hz],SLOW,1,2025/6/19,15:21:55,,,,,,,,,,,,,,,,,,,,
130,3494.9338,3762.2959,6347.5049,0.256890994,0.276543131,3762.2959,0.177021668,0.428768571,14862.00407,0.009343612,481.380888,30.8308476,6.55,2:Δt out of range,INT : 60.00[Hz],SLOW,1,2025/6/19,15:21:56,,,,,,,,,,,,,,,,,,,,
131,3491.7637,3758.7634,6343.0215,0.256869181,0.27651083,3758.7634,0.177017127,0.428743896,14872.3392,0.009342138,481.3775986,30.84145201,6.56,2:Δt out of range,INT : 60.00[Hz],SLOW,1,2025/6/19,15:21:57,,,,,,,,,,,,,,,,,,,,
132,3488.7026,3755.4028,6338.6987,0.256847008,0.276482144,3755.4028,0.177010992,0.428721567,14882.13457,0.009342705,481.3751049,30.85176565,6.56,2:Δt out of range,INT : 60.00[Hz],SLOW,1,2025/6/19,15:21:58,,,,,,,,,,,,,,,,,,,,
133,3485.6924,3752.0908,6334.4731,0.256824829,0.276452987,3752.0908,0.177005024,0.428698922,14892.02791,0.009343043,481.3725179,30.86213439,6.55,2:Δt out of range,INT : 60.00[Hz],SLOW,1,2025/6/19,15:21:59,,,,,,,,,,,,,,,,,,,,
134,3482.5742,3748.6887,6330.0317,0.256802488,0.276425578,3748.6887,0.176998295,0.428677412,14901.66313,0.009344359,481.3703137,30.87235836,6.55,2:Δt out of range,INT : 60.00[Hz],SLOW,1,2025/6/19,15:22:00,,,,,,,,,,,,,,,,,,,,
135,3479.7427,3745.5789,6326.0815,0.25678099,0.276397866,3745.5789,0.176992308,0.428655823,14911.18282,0.009344963,481.3679217,30.88234708,6.55,2:Δt out of range,INT : 60.00[Hz],SLOW,1,2025/6/19,15:22:01,,,,,,,,,,,,,,,,,,,,
136,3476.8821,3742.3979,6322.1245,0.256759341,0.276367042,3742.3979,0.176987347,0.428632141,14921.29654,0.009344122,481.3649195,30.89273304,6.54,2:Δt out of range,INT : 60.00[Hz],SLOW,1,2025/6/19,15:22:02,,,,,,,,,,,,,,,,,,,,
137,3473.9456,3739.1721,6318.0918,0.256735778,0.276336871,3739.1721,0.176980709,0.428608609,14931.72484,0.009344888,481.3623432,30.90365816,6.56,2:Δt out of range,INT : 60.00[Hz],SLOW,1,2025/6/19,15:22:03,,,,,,,,,,,,,,,,,,,,
138,3471.1072,3736.0632,6314.1104,0.256714379,0.27630986,3736.0632,0.176974538,0.428587493,14941.14045,0.009345779,481.3600843,30.91353649,6.55,2:Δt out of range,INT : 60.00[Hz],SLOW,1,2025/6/19,15:22:04,,,,,,,,,,,,,,,,,,,,
139,3468.061,3732.7102,6309.7061,0.256694188,0.27628263,3732.7102,0.176969353,0.428566409,14950.3447,0.009345754,481.3575993,30.92305259,6.55,2:Δt out of range,INT : 60.00[Hz],SLOW,1,2025/6/19,15:22:05,,,,,,,,,,,,,,,,,,,,
140,3465.0991,3729.4434,6305.458,0.256673998,0.276255056,3729.4434,0.176964295,0.428545094,14959.62205,0.009345559,481.355046,30.93260708,6.54,2:Δt out of range,INT : 60.00[Hz],SLOW,1,2025/6/19,15:22:06,,,,,,,,,,,,,,,,,,,,
141,3462.0796,3726.1013,6301.2646,0.256650994,0.276223459,3726.1013,0.176958596,0.428520686,14970.23962,0.009345248,481.3521021,30.94351334,6.56,2:Δt out of range,INT : 60.00[Hz],SLOW,1,2025/6/19,15:22:07,,,,,,,,,,,,,,,,,,,,
142,3459.1777,3722.9268,6297.0811,0.256631061,0.2761982,3722.9268,0.176952882,0.428500944,14979.07586,0.009346034,481.3499842,30.95272596,6.55,2:Δt out of range,INT : 60.00[Hz],SLOW,1,2025/6/19,15:22:08,,,,,,,,,,,,,,,,,,,,
143,3456.1934,3719.6489,6292.8604,0.256609228,0.276169798,3719.6489,0.176946892,0.428478828,14988.89812,0.009346532,481.3475166,30.96289909,6.53,2:Δt out of range,INT : 60.00[Hz],SLOW,1,2025/6/19,15:22:09,,,,,,,,,,,,,,,,,,,,
144,3453.3755,3716.5215,6289.0298,0.256586246,0.276138028,3716.5215,0.176941271,0.428454301,14999.58678,0.009346125,481.3445404,30.97381787,6.51,2:Δt out of range,INT : 60.00[Hz],SLOW,1,2025/6/19,15:22:10,,,,,,,,,,,,,,,,,,,,
145,3450.4397,3713.2534,6284.9814,0.256563552,0.27610553,3713.2534,0.176936133,0.428429329,15010.35908,0.009345166,481.3413751,30.98472608,6.54,2:Δt out of range,INT : 60.00[Hz],SLOW,1,2025/6/19,15:22:11,,,,,,,,,,,,,,,,,,,,
146,3447.4482,3709.9775,6280.7466,0.256541449,0.276077536,3709.9775,0.176929789,0.428407438,15020.21145,0.009346052,481.3390371,30.9949396,6.55,2:Δt out of range,INT : 60.00[Hz],SLOW,1,2025/6/19,15:22:12,,,,,,,,,,,,,,,,,,,,
147,3444.4575,3706.656,6276.5537,0.256519427,0.276046162,3706.656,0.176924742,0.428383308,15030.66686,0.009345205,481.3360027,31.00550681,6.52,2:Δt out of range,INT : 60.00[Hz],SLOW,1,2025/6/19,15:22:13,,,,,,,,,,,,,,,,,,,,
148,3441.5369,3703.4551,6272.3857,0.256498474,0.276019293,3703.4551,0.176918847,0.428362331,15040.09348,0.009345883,481.3337225,31.01522661,6.53,2:Δt out of range,INT : 60.00[Hz],SLOW,1,2025/6/19,15:22:14,,,,,,,,,,,,,,,,,,,,
149,3438.6494,3700.2175,6268.4248,0.256476064,0.275985455,3700.2175,0.17691441,0.428336498,15051.10805,0.009344074,481.3302516,31.02619441,6.55,2:Δt out of range,INT : 60.00[Hz],SLOW,1,2025/6/19,15:22:15,,,,,,,,,,,,,,,,,,,,
150,3435.9238,3697.2593,6264.5801,0.256455033,0.275960938,3697.2593,0.176907595,0.428317071,15060.15478,0.009345976,481.3284634,31.03567483,6.53,2:Δt out of range,INT : 60.00[Hz],SLOW,1,2025/6/19,15:22:16,,,,,,,,,,,,,,,,,,,,
151,3432.7832,3693.7646,6260.1953,0.256431544,0.275927055,3693.7646,0.176902363,0.428291043,15071.44741,0.009344871,481.3251511,31.04699293,6.52,2:Δt out of range,INT : 60.00[Hz],SLOW,1,2025/6/19,15:22:17,,,,,,,,,,,,,,,,,,,,
152,3429.863,3690.5439,6256.1187,0.256409108,0.275897046,3690.5439,0.176896503,0.428267747,15081.82451,0.009344988,481.3224665,31.0575392,6.5,2:Δt out of range,INT : 60.00[Hz],SLOW,1,2025/6/19,15:22:18,,,,,,,,,,,,,,,,,,,,
153,3426.9214,3687.2832,6251.939,0.256388193,0.275867394,3687.2832,0.176891653,0.428244911,15091.81652,0.009344265,481.3196263,31.06755914,6.54,2:Δt out of range,INT : 60.00[Hz],SLOW,1,2025/6/19,15:22:19,,,,,,,,,,,,,,,,,,,,
154,3424.0781,3684.1316,6247.9717,0.256366547,0.275837194,3684.1316,0.176886455,0.428221599,15102.08402,0.009343761,481.3167878,31.07787425,6.52,2:Δt out of range,INT : 60.00[Hz],SLOW,1,2025/6/19,15:22:20,,,,,,,,,,,,,,,,,,,,
155,3421.1882,3680.947,6243.8735,0.25634542,0.275808827,3680.947,0.176880975,0.428199583,15111.91818,0.009343821,481.3142434,31.08781756,6.53,2:Δt out of range,INT : 60.00[Hz],SLOW,1,2025/6/19,15:22:21,,,,,,,,,,,,,,,,,,,,
156,3418.4507,3677.9158,6240.1431,0.256322741,0.275777989,3677.9158,0.176875233,0.428175689,15122.56044,0.009343695,481.311436,31.09853447,6.56,2:Δt out of range,INT : 60.00[Hz],SLOW,1,2025/6/19,15:22:22,,,,,,,,,,,,,,,,,,,,
157,3415.3633,3674.4998,6235.6221,0.25630311,0.275749794,3674.4998,0.176870812,0.428154004,15132.05999,0.009342841,481.3087043,31.10797993,6.52,2:Δt out of range,INT : 60.00[Hz],SLOW,1,2025/6/19,15:22:23,,,,,,,,,,,,,,,,,,,,
158,3412.656,3671.5059,6231.8623,0.256281901,0.275720879,3671.5059,0.17686547,0.428131603,15142.05474,0.009342689,481.3060673,31.11801089,6.51,2:Δt out of range,INT : 60.00[Hz],SLOW,1,2025/6/19,15:22:24,,,,,,,,,,,,,,,,,,,,
159,3409.616,3668.1702,6227.4634,0.256260957,0.275693453,3668.1702,0.17685978,0.428110232,15151.73217,0.009343101,481.3036926,31.12779008,6.54,2:Δt out of range,INT : 60.00[Hz],SLOW,1,2025/6/19,15:22:25,,,,,,,,,,,,,,,,,,,,
160,3406.937,3665.1948,6223.8047,0.256238964,0.275662779,3665.1948,0.176854492,0.428086538,15162.25249,0.009342603,481.3008227,31.13826936,6.52,2:Δt out of range,INT : 60.00[Hz],SLOW,1,2025/6/19,15:22:26,,,,,,,,,,,,,,,,,,,,
161,3404.2197,3662.1848,6219.9541,0.256219165,0.275634951,3662.1848,0.176849807,0.428065064,15171.7764,0.00934205,481.298198,31.14772756,6.52,2:Δt out of range,INT : 60.00[Hz],SLOW,1,2025/6/19,15:22:27,,,,,,,,,,,,,,,,,,,,
162,3401.363,3659.0171,6216.0103,0.256196368,0.275603307,3659.0171,0.176844269,0.4280406,15182.68498,0.009341613,481.295258,31.15857282,6.54,2:Δt out of range,INT : 60.00[Hz],SLOW,1,2025/6/19,15:22:28,,,,,,,,,,,,,,,,,,,,
163,3398.519,3655.8857,6211.9741,0.256175332,0.275575253,3655.8857,0.176838738,0.428018787,15192.55459,0.00934178,481.2927779,31.16845166,6.54,2:Δt out of range,INT : 60.00[Hz],SLOW,1,2025/6/19,15:22:29,,,,,,,,,,,,,,,,,,,,
164,3395.5872,3652.6589,6207.7183,0.256155425,0.275548334,3652.6589,0.176833639,0.427997895,15201.97608,0.009341755,481.2903577,31.17784224,6.52,2:Δt out of range,INT : 60.00[Hz],SLOW,1,2025/6/19,15:22:30,,,,,,,,,,,,,,,,,,,,
165,3392.6653,3649.4048,6203.6631,0.256132692,0.2755155,3649.4048,0.176828582,0.427972639,15213.13791,0.009340688,481.2871748,31.18880093,6.52,2:Δt out of range,INT : 60.00[Hz],SLOW,1,2025/6/19,15:22:31,,,,,,,,,,,,,,,,,,,,
166,3390.1365,3646.614,6200.1182,0.256113177,0.275489172,3646.614,0.17682356,0.427952196,15222.38918,0.009340697,481.2848182,31.19799943,6.55,2:Δt out of range,INT : 60.00[Hz],SLOW,1,2025/6/19,15:22:32,,,,,,,,,,,,,,,,,,,,
167,3387.1121,3643.2563,6195.8711,0.256090335,0.275456701,3643.2563,0.176818287,0.427927161,15233.54077,0.009339887,481.2817292,31.20895228,6.52,2:Δt out of range,INT : 60.00[Hz],SLOW,1,2025/6/19,15:22:33,,,,,,,,,,,,,,,,,,,,
168,3384.2927,3640.1624,6191.7388,0.256071659,0.275431976,3640.1624,0.176813308,0.427907906,15242.33223,0.009340133,481.2795718,31.21770248,6.5,2:Δt out of range,INT : 60.00[Hz],SLOW,1,2025/6/19,15:22:34,,,,,,,,,,,,,,,,,,,,
169,3381.4556,3637.011,6187.6929,0.256051398,0.275402626,3637.011,0.176808831,0.427885329,15252.35313,0.009339144,481.2767252,31.22747921,6.54,2:Δt out of range,INT : 60.00[Hz],SLOW,1,2025/6/19,15:22:35,,,,,,,,,,,,,,,,,,,,
170,3378.7805,3634.0769,6184.0142,0.256028899,0.27537412,3634.0769,0.176802362,0.427862983,15262.73502,0.00934008,481.2743872,31.23787714,6.53,2:Δt out of range,INT : 60.00[Hz],SLOW,1,2025/6/19,15:22:36,,,,,,,,,,,,,,,,,,,,
171,3376.0906,3631.0693,6180.3105,0.256007445,0.275342366,3631.0693,0.176797867,0.42783862,15273.50341,0.009338701,481.2712415,31.24830515,6.52,2:Δt out of range,INT : 60.00[Hz],SLOW,1,2025/6/19,15:22:37,,,,,,,,,,,,,,,,,,,,
172,3373.0613,3627.7275,6175.9434,0.255986177,0.275313139,3627.7275,0.176792587,0.42781597,15283.77322,0.009338454,481.2685772,31.25839007,6.53,2:Δt out of range,INT : 60.00[Hz],SLOW,1,2025/6/19,15:22:38,,,,,,,,,,,,,,,,,,,,
173,3370.2397,3624.6008,6171.9102,0.255965939,0.27528438,3624.6008,0.176787908,0.427793781,15293.73737,0.00933775,481.2658537,31.26809307,6.55,2:Δt out of range,INT : 60.00[Hz],SLOW,1,2025/6/19,15:22:39,,,,,,,,,,,,,,,,,,,,
174,3367.3774,3621.408,6167.9346,0.255943533,0.275251582,3621.408,0.176783079,0.427768574,15304.96517,0.009336496,481.2626486,31.27894268,6.52,2:Δt out of range,INT : 60.00[Hz],SLOW,1,2025/6/19,15:22:40,,,,,,,,,,,,,,,,,,,,
175,3364.6304,3618.385,6163.9497,0.255924495,0.275225877,3618.385,0.176778183,0.427748596,15314.11265,0.009336507,481.2603605,31.287919,6.53,2:Δt out of range,INT : 60.00[Hz],SLOW,1,2025/6/19,15:22:41,,,,,,,,,,,,,,,,,,,,
176,3362.0479,3615.509,6160.3828,0.25590374,0.275196042,3615.509,0.176773508,0.427725605,15324.44009,0.009335619,481.2575049,31.29790815,6.53,2:Δt out of range,INT : 60.00[Hz],SLOW,1,2025/6/19,15:22:42,,,,,,,,,,,,,,,,,,,,
177,3359.2063,3612.3911,6156.334,0.255882378,0.275168341,3612.3911,0.176767595,0.427703948,15334.51744,0.009336203,481.2551698,31.30785186,6.52,2:Δt out of range,INT : 60.00[Hz],SLOW,1,2025/6/19,15:22:43,,,,,,,,,,,,,,,,,,,,
178,3356.4436,3609.335,6152.3657,0.255862683,0.275140669,3609.335,0.176762925,0.427682554,15344.22418,0.009335681,481.2525916,31.31725876,6.5,2:Δt out of range,INT : 60.00[Hz],SLOW,1,2025/6/19,15:22:44,,,,,,,,,,,,,,,,,,,,
179,3353.6548,3606.2505,6148.4766,0.255840486,0.275110271,3606.2505,0.17675737,0.427658968,15355.03066,0.009335487,481.2498459,31.32777233,6.53,2:Δt out of range,INT : 60.00[Hz],SLOW,1,2025/6/19,15:22:45,,,,,,,,,,,,,,,,,,,,
180,3350.8752,3603.1797,6144.5317,0.255819601,0.275081565,3603.1797,0.176752182,0.427636702,15365.23344,0.009335255,481.2472433,31.33767634,6.52,2:Δt out of range,INT : 60.00[Hz],SLOW,1,2025/6/19,15:22:46,,,,,,,,,,,,,,,,,,,,
181,3348.1931,3600.2283,6140.8623,0.255796511,0.27505159,3600.2283,0.1767458,0.427613261,15376.19533,0.009335876,481.2447203,31.3484282,6.53,2:Δt out of range,INT : 60.00[Hz],SLOW,1,2025/6/19,15:22:47,,,,,,,,,,,,,,,,,,,,
182,3345.4299,3597.186,6136.7881,0.255778467,0.275026752,3597.186,0.17674133,0.427593996,15385.04267,0.009335659,481.2424675,31.35698915,6.53,2:Δt out of range,INT : 60.00[Hz],SLOW,1,2025/6/19,15:22:48,,,,,,,,,,,,,,,,,,,,
183,3342.6174,3594.0872,6132.772,0.255757557,0.274998557,3594.0872,0.176735935,0.427572061,15395.19682,0.009335702,481.2399759,31.36684382,6.54,2:Δt out of range,INT : 60.00[Hz],SLOW,1,2025/6/19,15:22:49,,,,,,,,,,,,,,,,,,,,
184,3339.9353,3591.1167,6128.9717,0.255737308,0.274970152,3591.1167,0.176731113,0.427550082,15405.25393,0.009335197,481.237345,31.37651038,6.54,2:Δt out of range,INT : 60.00[Hz],SLOW,1,2025/6/19,15:22:50,,,,,,,,,,,,,,,,,,,,
185,3234.7708,3476.3665,5936.0518,0.25576994,0.274872659,3476.3665,0.176791391,0.427489717,15416.42346,0.009264764,481.2129916,31.37701344,6.49,2:Δt out of range,INT : 60.00[Hz],SLOW,1,2025/6/19,15:22:51,,,,,,,,,,,,,,,,,,,,
186,2813.48,3015.783,5160.7295,0.256003814,0.274411743,3015.783,0.177136667,0.427215739,15451.24511,0.008877772,481.0860513,31.35392599,6.54,2:Δt out of range,INT : 60.00[Hz],SLOW,1,2025/6/19,15:22:52,,,,,,,,,,,,,,,,,,,,
187,2375.8855,2539.7295,4356.6797,0.256234899,0.273905175,2539.7295,0.177497396,0.426910131,15496.04339,0.008469055,480.9458257,31.33758611,6.53,2:Δt out of range,INT : 60.00[Hz],SLOW,1,2025/6/19,15:22:53,,,,,,,,,,,,,,,,,,,,
188,2205.3457,2353.7117,4044.5454,0.256328163,0.273572799,2353.7117,0.177690476,0.426700604,15539.46423,0.008239813,480.8581616,31.34624153,6.53,2:Δt out of range,INT : 60.00[Hz],SLOW,1,2025/6/19,15:22:54,,,,,,,,,,,,,,,,,,,,
189,2206.3982,2354.197,4045.1018,0.256388088,0.273562618,2354.197,0.177739472,0.426702622,15527.40611,0.008194238,480.8458952,31.32837722,6.54,2:Δt out of range,INT : 60.00[Hz],SLOW,1,2025/6/19,15:22:55,,,,,,,,,,,,,,,,,,,,
190,2207.2451,2354.6501,4045.9236,0.256423276,0.273547824,2354.6501,0.177771504,0.426697879,15522.06468,0.00816306,480.8367806,31.31890256,6.55,2:Δt out of range,INT : 60.00[Hz],SLOW,1,2025/6/19,15:22:56,,,,,,,,,,,,,,,,,,,,
191,2207.7659,2354.8345,4046.4092,0.256448303,0.273531406,2354.8345,0.177796468,0.426690541,15519.42623,0.008137931,480.8290209,31.31284325,6.53,2:Δt out of range,INT : 60.00[Hz],SLOW,1,2025/6/19,15:22:57,,,,,,,,,,,,,,,,,,,,
192,2208.0017,2354.7991,4046.4443,0.256468677,0.273519812,2354.7991,0.177816137,0.426685758,15516.92957,0.008118359,480.8230856,31.30770621,6.54,2:Δt out of range,INT : 60.00[Hz],SLOW,1,2025/6/19,15:22:58,,,,,,,,,,,,,,,,,,,,
193,2208.5227,2355.073,4047.1233,0.256485283,0.273504803,2355.073,0.177834226,0.42667812,15515.98801,0.00809962,480.8170451,31.30415956,6.52,2:Δt out of range,INT : 60.00[Hz],SLOW,1,2025/6/19,15:22:59,,,,,,,,,,,,,,,,,,,,
194,2208.8418,2355.1873,4047.4561,0.256499518,0.273493741,2355.1873,0.177849065,0.426672786,15514.82595,0.00808446,480.8122569,31.30091164,6.5,2:Δt out of range,INT : 60.00[Hz],SLOW,1,2025/6/19,15:23:00,,,,,,,,,,,,,,,,,,,,
195,2209.3225,2355.4609,4048.1218,0.25651304,0.273480416,2355.4609,0.177864205,0.426665825,15514.27565,0.008068646,480.807099,31.29815042,6.52,2:Δt out of range,INT : 60.00[Hz],SLOW,1,2025/6/19,15:23:01,,,,,,,,,,,,,,,,,,,,
196,2209.5002,2355.4553,4048.3091,0.256522968,0.273468355,2355.4553,0.177876164,0.426659181,15514.31998,0.008055894,480.8028195,31.29638587,6.49,2:Δt out of range,INT : 60.00[Hz],SLOW,1,2025/6/19,15:23:02,,,,,,,,,,,,,,,,,,,,
197,2209.9263,2355.6921,4048.9326,0.256534125,0.273455007,2355.6921,0.177889528,0.426651852,15514.32923,0.008041665,480.7980548,31.29437913,6.53,2:Δt out of range,INT : 60.00[Hz],SLOW,1,2025/6/19,15:23:03,,,,,,,,,,,,,,,,,,,,
198,2210.1072,2355.6895,4049.2803,0.25653946,0.273438009,2355.6895,0.177899847,0.426641207,15516.42246,0.008029539,480.7934826,31.29464207,6.5,2:Δt out of range,INT : 60.00[Hz],SLOW,1,2025/6/19,15:23:04,,,,,,,,,,,,,,,,,,,,
199,2210.2463,2355.6458,4049.3513,0.256550651,0.273427655,2355.6458,0.17791213,0.426635898,15515.83448,0.008016787,480.7893593,31.29227952,6.52,2:Δt out of range,INT : 60.00[Hz],SLOW,1,2025/6/19,15:23:05,,,,,,,,,,,,,,,,,,,,
200,2210.4607,2355.6948,4049.7466,0.256555921,0.273412438,2355.6948,0.177921743,0.42662644,15517.59328,0.008005596,480.7851834,31.29235788,6.53,2:Δt out of range,INT : 60.00[Hz],SLOW,1,2025/6/19,15:23:06,,,,,,,,,,,,,,,,,,,,
201,2210.6104,2355.678,4049.9385,0.256563624,0.273400182,2355.678,0.177932097,0.426619333,15518.19867,0.007994245,480.7812372,31.29132251,6.52,2:Δt out of range,INT : 60.00[Hz],SLOW,1,2025/6/19,15:23:07,,,,,,,,,,,,,,,,,,,,
202,2210.8647,2355.7681,4050.4016,0.256569093,0.273385017,2355.7681,0.177941841,0.42660994,15519.9017,0.007982946,480.7770399,31.29133181,6.51,2:Δt out of range,INT : 60.00[Hz],SLOW,1,2025/6/19,15:23:08,,,,,,,,,,,,,,,,,,,,
203,2210.9365,2355.675,4050.4619,0.256576264,0.273372976,2355.675,0.177951716,0.426602898,15520.5902,0.007972061,480.7732302,31.29044064,6.52,2:Δt out of range,INT : 60.00[Hz],SLOW,1,2025/6/19,15:23:09,,,,,,,,,,,,,,,,,,,,
204,2211.001,2355.5947,4050.4744,0.256583847,0.273363762,2355.5947,0.177960855,0.42659782,15520.6248,0.007962315,480.7699615,31.28909283,6.5,2:Δt out of range,INT : 60.00[Hz],SLOW,1,2025/6/19,15:23:10,,,,,,,,,,,,,,,,,,,,
205,2211.2539,2355.7412,4050.8679,0.256589586,0.27335561,2355.7412,0.177968208,0.426593183,15520.88338,0.007954348,480.7672335,31.28820871,6.5,2:Δt out of range,INT : 60.00[Hz],SLOW,1,2025/6/19,15:23:11,,,,,,,,,,,,,,,,,,,,
206,2211.2083,2355.5293,4050.8655,0.256592033,0.273339265,2355.5293,0.177976109,0.426582546,15523.53087,0.007944496,480.7632923,31.28931396,6.49,2:Δt out of range,INT : 60.00[Hz],SLOW,1,2025/6/19,15:23:12,,,,,,,,,,,,,,,,,,,,
207,2211.3054,2355.4795,4050.9089,0.2566006,0.27333061,2355.4795,0.177985786,0.426577988,15523.22448,0.007934364,480.7599784,31.28758939,6.52,2:Δt out of range,INT : 60.00[Hz],SLOW,1,2025/6/19,15:23:13,,,,,,,,,,,,,,,,,,,,
208,2211.3916,2355.4351,4051.0669,0.256604653,0.273319121,2355.4351,0.177993103,0.426570855,15524.53784,0.007925861,480.7568148,31.28762505,6.52,2:Δt out of range,INT : 60.00[Hz],SLOW,1,2025/6/19,15:23:14,,,,,,,,,,,,,,,,,,,,
209,2211.5142,2355.4165,4051.3086,0.256608586,0.273305999,2355.4165,0.178000934,0.426562605,15526.20223,0.00791662,480.7533196,31.28788713,6.55,2:Δt out of range,INT : 60.00[Hz],SLOW,1,2025/6/19,15:23:15,,,,,,,,,,,,,,,,,,,,
210,2211.5078,2355.2588,4051.2854,0.25661342,0.27329364,2355.2588,0.178009164,0.426555002,15527.50459,0.007907152,480.749837,31.28777486,6.52,2:Δt out of range,INT : 60.00[Hz],SLOW,1,2025/6/19,15:23:16,,,,,,,,,,,,,,,,,,,,
211,2211.5674,2355.2148,4051.3601,0.256617647,0.273285671,2355.2148,0.17801531,0.426550263,15528.08358,0.007900296,480.7474042,31.28734996,6.52,2:Δt out of range,INT : 60.00[Hz],SLOW,1,2025/6/19,15:23:17,,,,,,,,,,,,,,,,,,,,
212,2211.571,2355.0654,4051.3262,0.256623416,0.273274033,2355.0654,0.178023979,0.426543283,15529.02432,0.007890557,480.74392,31.28685777,6.51,2:Δt out of range,INT : 60.00[Hz],SLOW,1,2025/6/19,15:23:18,,,,,,,,,,,,,,,,,,,,
213,2211.6277,2354.9985,4051.4988,0.256625159,0.273261121,2354.9985,0.17803008,0.426534849,15531.16446,0.0078829,480.7408408,31.28779119,6.5,2:Δt out of range,INT : 60.00[Hz],SLOW,1,2025/6/19,15:23:19,,,,,,,,,,,,,,,,,,,,
214,2211.6926,2354.9382,4051.6323,0.256628578,0.273249746,2354.9382,0.178036878,0.426527696,15532.60753,0.007874881,480.7378104,31.2880155,6.5,2:Δt out of range,INT : 60.00[Hz],SLOW,1,2025/6/19,15:23:20,,,,,,,,,,,,,,,,,,,,
215,2211.6914,2354.8484,4051.5371,0.256633983,0.273245229,2354.8484,0.178042635,0.426525456,15532.22759,0.00786896,480.7359236,31.28681849,6.51,2:Δt out of range,INT : 60.00[Hz],SLOW,1,2025/6/19,15:23:21,,,,,,,,,,,,,,,,,,,,
216,2211.752,2354.7476,4051.7278,0.256636533,0.273228762,2354.7476,0.178050664,0.426514746,15534.88231,0.007858972,480.7319425,31.28790518,6.48,2:Δt out of range,INT : 60.00[Hz],SLOW,1,2025/6/19,15:23:22,,,,,,,,,,,,,,,,,,,,
217,2211.7371,2354.6257,4051.6743,0.256640471,0.27322065,2354.6257,0.178056646,0.426509867,15535.55878,0.007852238,480.7295287,31.28758844,6.52,2:Δt out of range,INT : 60.00[Hz],SLOW,1,2025/6/19,15:23:23,,,,,,,,,,,,,,,,,,,,
218,2211.7129,2354.5037,4051.6514,0.256642699,0.273211855,2354.5037,0.178061589,0.426504274,15536.77358,0.007846318,480.7272565,31.28789382,6.49,2:Δt out of range,INT : 60.00[Hz],SLOW,1,2025/6/19,15:23:24,,,,,,,,,,,,,,,,,,,,
219,2211.7588,2354.4155,4051.7515,0.256646303,0.273199788,2354.4155,0.178068785,0.426496682,15538.3115,0.007837824,480.7240468,31.28813852,6.52,2:Δt out of range,INT : 60.00[Hz],SLOW,1,2025/6/19,15:23:25,,,,,,,,,,,,,,,,,,,,
220,2211.6785,2354.2158,4051.6155,0.256649375,0.273189802,2354.2158,0.178074806,0.426490413,15539.5638,0.007830735,480.7213761,31.28831303,6.5,2:Δt out of range,INT : 60.00[Hz],SLOW,1,2025/6/19,15:23:26,,,,,,,,,,,,,,,,,,,,
221,2211.573,2353.9915,4051.5071,0.256650183,0.273177665,2353.9915,0.178079916,0.426482359,15541.77598,0.007824096,480.7186245,31.28945429,6.51,2:Δt out of range,INT : 60.00[Hz],SLOW,1,2025/6/19,15:23:27,,,,,,,,,,,,,,,,,,,,
222,2211.6599,2353.9763,4051.6528,0.256653792,0.273169009,2353.9763,0.178085852,0.426477064,15542.63896,0.00781731,480.7161497,31.28930459,6.5,2:Δt out of range,INT : 60.00[Hz],SLOW,1,2025/6/19,15:23:28,,,,,,,,,,,,,,,,,,,,
223,2211.5481,2353.7502,4051.4956,0.256655564,0.273158466,2353.7502,0.1780911,0.426470225,15544.30951,0.007810819,480.713579,31.2899561,6.5,2:Δt out of range,INT : 60.00[Hz],SLOW,1,2025/6/19,15:23:29,,,,,,,,,,,,,,,,,,,,
224,2211.6077,2353.7192,4051.5605,0.256659696,0.273151904,2353.7192,0.178096655,0.426466417,15544.63496,0.007804731,480.7114673,31.2893993,6.48,2:Δt out of range,INT : 60.00[Hz],SLOW,1,2025/6/19,15:23:30,,,,,,,,,,,,,,,,,,,,
225,2211.4871,2353.4778,4051.4597,0.256659485,0.273138559,2353.4778,0.178101443,0.426457398,15547.32932,0.007798174,480.708629,31.2910034,6.5,2:Δt out of range,INT : 60.00[Hz],SLOW,1,2025/6/19,15:23:31,,,,,,,,,,,,,,,,,,,,
226,2211.4414,2353.3511,4051.3262,0.256663293,0.273133551,2353.3511,0.178106178,0.426454589,15547.42341,0.007793084,480.7069068,31.29037039,6.5,2:Δt out of range,INT : 60.00[Hz],SLOW,1,2025/6/19,15:23:32,,,,,,,,,,,,,,,,,,,,
227,2211.2786,2353.0759,4051.0801,0.256664777,0.273123297,2353.0759,0.178111102,0.426447901,15549.10642,0.007786932,480.7044479,31.29108018,6.51,2:Δt out of range,INT : 60.00[Hz],SLOW,1,2025/6/19,15:23:33,,,,,,,,,,,,,,,,,,,,
228,2211.1846,2352.8843,4050.9404,0.256666537,0.27311454,2352.8843,0.178115679,0.426442263,15550.42777,0.007781345,480.7022651,31.2915298,6.5,2:Δt out of range,INT : 60.00[Hz],SLOW,1,2025/6/19,15:23:34,,,,,,,,,,,,,,,,,,,,
229,2211.1355,2352.7483,4050.801,0.256670505,0.273109041,2352.7483,0.178120717,0.426439145,15550.5817,0.0077759,480.7004102,31.29090246,6.5,2:Δt out of range,INT : 60.00[Hz],SLOW,1,2025/6/19,15:23:35,,,,,,,,,,,,,,,,,,,,
230,2210.9377,2352.4382,4050.5603,0.256669849,0.273096775,2352.4382,0.178124769,0.426430786,15553.17028,0.007770185,480.6978812,31.29252377,6.51,2:Δt out of range,INT : 60.00[Hz],SLOW,1,2025/6/19,15:23:36,,,,,,,,,,,,,,,,,,,,
231,2210.95,2352.3499,4050.603,0.256672269,0.27308758,2352.3499,0.178130009,0.42642495,15554.42374,0.007763931,480.6954929,31.29281404,6.5,2:Δt out of range,INT : 60.00[Hz],SLOW,1,2025/6/19,15:23:37,,,,,,,,,,,,,,,,,,,,
232,2210.7949,2352.1206,4050.335,0.256673703,0.273081643,2352.1206,0.178133294,0.426421162,15555.26362,0.00775998,480.6939726,31.29304227,6.49,2:Δt out of range,INT : 60.00[Hz],SLOW,1,2025/6/19,15:23:38,,,,,,,,,,,,,,,,,,,,
233,2210.7573,2351.9885,4050.2761,0.25667615,0.273073554,2351.9885,0.178138144,0.426416074,15556.29175,0.007754262,480.691818,31.29319666,6.5,2:Δt out of range,INT : 60.00[Hz],SLOW,1,2025/6/19,15:23:39,,,,,,,,,,,,,,,,,,,,
234,2210.6157,2351.7583,4050.0132,0.256678624,0.273066949,2351.7583,0.178142464,0.426411991,15557.01867,0.007749271,480.6899784,31.29317123,6.47,2:Δt out of range,INT : 60.00[Hz],SLOW,1,2025/6/19,15:23:40,,,,,,,,,,,,,,,,,,,,
235,2210.5713,2351.6326,4050.0251,0.256678184,0.27305737,2351.6326,0.178145684,0.426405472,15559.02578,0.007744758,480.6879919,31.29441453,6.48,2:Δt out of range,INT : 60.00[Hz],SLOW,1,2025/6/19,15:23:41,,,,,,,,,,,,,,,,,,,,
236,2210.3843,2351.3457,4049.7212,0.256679652,0.273048717,2351.3457,0.178150004,0.426399859,15560.3982,0.007739419,480.6858821,31.29494475,6.5,2:Δt out of range,INT : 60.00[Hz],SLOW,1,2025/6/19,15:23:42,,,,,,,,,,,,,,,,,,,,
237,2210.3186,2351.2019,4049.6367,0.256680786,0.27304134,2351.2019,0.178153597,0.426395056,15561.59639,0.007734947,480.6841035,31.29543423,6.49,2:Δt out of range,INT : 60.00[Hz],SLOW,1,2025/6/19,15:23:43,,,,,,,,,,,,,,,,,,,,
238,2210.0691,2350.8484,4049.2456,0.256681444,0.273031808,2350.8484,0.178157631,0.42638873,15563.33588,0.007729715,480.6819421,31.29632303,6.5,2:Δt out of range,INT : 60.00[Hz],SLOW,1,2025/6/19,15:23:44,,,,,,,,,,,,,,,,,,,,
239,2210.0391,2350.7542,4049.1418,0.256684757,0.273028098,2350.7542,0.178161512,0.42638672,15563.29021,0.00772561,480.6805835,31.29569801,6.51,2:Δt out of range,INT : 60.00[Hz],SLOW,1,2025/6/19,15:23:45,,,,,,,,,,,,,,,,,,,,
240,2209.917,2350.5537,4048.9543,0.256685783,0.273020986,2350.5537,0.178164926,0.42638208,15564.46188,0.007721343,480.6788805,31.29619115,6.51,2:Δt out of range,INT : 60.00[Hz],SLOW,1,2025/6/19,15:23:46,,,,,,,,,,,,,,,,,,,,
241,2209.8843,2350.449,4048.9021,0.256687638,0.273014837,2350.449,0.178168609,0.426378211,15565.2462,0.007717,480.6772445,31.29631016,6.52,2:Δt out of range,INT : 60.00[Hz],SLOW,1,2025/6/19,15:23:47,,,,,,,,,,,,,,,,,,,,
242,2209.6746,2350.1382,4048.6147,0.256687368,0.273004355,2350.1382,0.178172294,0.426371107,15567.39566,0.007711918,480.6750365,31.29760315,6.51,2:Δt out of range,INT : 60.00[Hz],SLOW,1,2025/6/19,15:23:48,,,,,,,,,,,,,,,,,,,,
243,2209.5369,2349.918,4048.3823,0.256688974,0.272997496,2349.918,0.178176053,0.426366722,15568.38088,0.007707385,480.6732901,31.2978831,6.51,2:Δt out of range,INT : 60.00[Hz],SLOW,1,2025/6/19,15:23:49,,,,,,,,,,,,,,,,,,,,
244,2209.2935,2349.5857,4048.0613,0.256687437,0.272987329,2349.5857,0.178178663,0.426359643,15570.76885,0.007703318,480.6713648,31.2995423,6.48,2:Δt out of range,INT : 60.00[Hz],SLOW,1,2025/6/19,15:23:50,,,,,,,,,,,,,,,,,,,,
245,2209.186,2349.4143,4047.8105,0.256690745,0.272984215,2349.4143,0.178182319,0.426358034,15570.60575,0.007699516,480.6701357,31.29885016,6.5,2:Δt out of range,INT : 60.00[Hz],SLOW,1,2025/6/19,15:23:51,,,,,,,,,,,,,,,,,,,,
246,2208.9883,2349.1423,4047.5181,0.256690504,0.272976783,2349.1423,0.178184895,0.426352989,15572.14314,0.007695946,480.6685791,31.29978284,6.5,2:Δt out of range,INT : 60.00[Hz],SLOW,1,2025/6/19,15:23:52,,,,,,,,,,,,,,,,,,,,
247,2208.8994,2348.9902,4047.3179,0.256693334,0.272973104,2348.9902,0.178188399,0.426350928,15572.20589,0.007692182,480.6673093,31.29930765,6.47,2:Δt out of range,INT : 60.00[Hz],SLOW,1,2025/6/19,15:23:53,,,,,,,,,,,,,,,,,,,,
248,2208.738,2348.7454,4047.1511,0.25669167,0.272962832,2348.7454,0.178190953,0.426343758,15574.64663,0.007688148,480.6653835,31.30101927,6.48,2:Δt out of range,INT : 60.00[Hz],SLOW,1,2025/6/19,15:23:54,,,,,,,,,,,,,,,,,,,,
249,2208.5801,2348.5486,4046.8682,0.25669234,0.272960187,2348.5486,0.178192442,0.426342074,15575.01502,0.007686365,480.6647017,31.30111103,6.5,2:Δt out of range,INT : 60.00[Hz],SLOW,1,2025/6/19,15:23:55,,,,,,,,,,,,,,,,,,,,
250,2208.3623,2348.2454,4046.5317,0.256692609,0.27295215,2348.2454,0.178195627,0.426336697,15576.55319,0.007682146,480.6629294,31.30195121,6.51,2:Δt out of range,INT : 60.00[Hz],SLOW,1,2025/6/19,15:23:56,,,,,,,,,,,,,,,,,,,,
251,2208.2109,2348.0215,4046.2554,0.256694453,0.272946798,2348.0215,0.178199008,0.426333362,15577.1834,0.007678209,480.6614674,31.30198198,6.51,2:Δt out of range,INT : 60.00[Hz],SLOW,1,2025/6/19,15:23:57,,,,,,,,,,,,,,,,,,,,
252,2207.9133,2347.6389,4045.7954,0.256693881,0.272938499,2347.6389,0.178201656,0.426327683,15578.97399,0.007674426,480.6597812,31.30311952,6.46,2:Δt out of range,INT : 60.00[Hz],SLOW,1,2025/6/19,15:23:58,,,,,,,,,,,,,,,,,,,,
253,2207.6611,2347.2947,4045.3865,0.256694562,0.272930381,2347.2947,0.178205183,0.426322312,15580.43194,0.007669887,480.6579222,31.30383827,6.48,2:Δt out of range,INT : 60.00[Hz],SLOW,1,2025/6/19,15:23:59,,,,,,,,,,,,,,,,,,,,
254,2207.5017,2347.1064,4045.0994,0.256694975,0.272928632,2347.1064,0.178206144,0.426321194,15580.68309,0.007668728,480.6574766,31.30390863,6.49,2:Δt out of range,INT : 60.00[Hz],SLOW,1,2025/6/19,15:24:00,,,,,,,,,,,,,,,,,,,,
255,2207.3013,2346.8479,4044.8127,0.256693927,0.272922235,2346.8479,0.178207726,0.426316726,15582.20793,0.007666223,480.6562801,31.3049782,6.52,2:Δt out of range,INT : 60.00[Hz],SLOW,1,2025/6/19,15:24:01,,,,,,,,,,,,,,,,,,,,
256,2207.1873,2346.6628,4044.5679,0.256696906,0.272917972,2346.6628,0.178211561,0.426314293,15582.35226,0.007662065,480.6548601,31.30452284,6.5,2:Δt out of range,INT : 60.00[Hz],SLOW,1,2025/6/19,15:24:02,,,,,,,,,,,,,,,,,,,,
257,2206.9836,2346.3806,4044.2546,0.256697075,0.272910518,2346.3806,0.178214456,0.426309293,15583.80004,0.007658205,480.6532308,31.30532771,6.53,2:Δt out of range,INT : 60.00[Hz],SLOW,1,2025/6/19,15:24:03,,,,,,,,,,,,,,,,,,,,
258,2206.9282,2346.2776,4044.248,0.256695558,0.272903775,2346.2776,0.178215811,0.426304523,15585.5063,0.007655844,480.6520398,31.30658635,6.51,2:Δt out of range,INT : 60.00[Hz],SLOW,1,2025/6/19,15:24:04,,,,,,,,,,,,,,,,,,,,
259,2206.6646,2345.9199,4043.8191,0.256696254,0.272895505,2345.9199,0.178219407,0.42629905,15586.99302,0.007651218,480.6501462,31.3073179,6.51,2:Δt out of range,INT : 60.00[Hz],SLOW,1,2025/6/19,15:24:05,,,,,,,,,,,,,,,,,,,,
260,2206.4172,2345.6106,4043.4326,0.256695639,0.272889466,2345.6106,0.178221184,0.426294887,15588.34531,0.007648599,480.6489538,31.30820873,6.52,2:Δt out of range,INT : 60.00[Hz],SLOW,1,2025/6/19,15:24:06,,,,,,,,,,,,,,,,,,,,
261,2206.1506,2345.2813,4042.9771,0.256696022,0.272884535,2345.2813,0.178223304,0.426291619,15589.23987,0.007645862,480.6478303,31.30865515,6.49,2:Δt out of range,INT : 60.00[Hz],SLOW,1,2025/6/19,15:24:07,,,,,,,,,,,,,,,,,,,,
262,2206.0854,2345.1414,4042.9124,0.256696494,0.272876823,2345.1414,0.178226524,0.426286489,15590.66909,0.007641667,480.6460949,31.30939345,6.5,2:Δt out of range,INT : 60.00[Hz],SLOW,1,2025/6/19,15:24:08,,,,,,,,,,,,,,,,,,,,
263,2205.8035,2344.8354,4042.446,0.256695183,0.272874693,2344.8354,0.178226323,0.426284859,15591.40621,0.007641484,480.6458596,31.31005527,6.51,2:Δt out of range,INT : 60.00[Hz],SLOW,1,2025/6/19,15:24:09,,,,,,,,,,,,,,,,,,,,
264,2205.6411,2344.5989,4042.135,0.256697491,0.272869713,2344.5989,0.178229917,0.426281842,15591.85376,0.007637419,480.6444001,31.30989574,6.48,2:Δt out of range,INT : 60.00[Hz],SLOW,1,2025/6/19,15:24:10,,,,,,,,,,,,,,,,,,,,
265,2205.3889,2344.2825,4041.7722,0.256695964,0.272862467,2344.2825,0.178231453,0.426276731,15593.66508,0.007634811,480.6431035,31.31121511,6.52,2:Δt out of range,INT : 60.00[Hz],SLOW,1,2025/6/19,15:24:11,,,,,,,,,,,,,,,,,,,,
266,2205.2266,2344.051,4041.5884,0.256694331,0.272853866,2344.051,0.178233411,0.426270689,15595.77372,0.007631594,480.6415342,31.31272475,6.52,2:Δt out of range,INT : 60.00[Hz],SLOW,1,2025/6/19,15:24:12,,,,,,,,,,,,,,,,,,,,
267,2205.0769,2343.855,4041.3096,0.256695566,0.272850886,2343.855,0.178235451,0.426268862,15596.07669,0.007629261,480.6406856,31.31267583,6.49,2:Δt out of range,INT : 60.00[Hz],SLOW,1,2025/6/19,15:24:13,,,,,,,,,,,,,,,,,,,,
268,2204.8672,2343.5991,4041.0044,0.256694187,0.272845578,2343.5991,0.178236379,0.426265079,15597.46625,0.007627527,480.6397802,31.31372499,6.51,2:Δt out of range,INT : 60.00[Hz],SLOW,1,2025/6/19,15:24:14,,,,,,,,,,,,,,,,,,,,
269,2204.7012,2343.387,4040.655,0.256696603,0.272843994,2343.387,0.178238794,0.426264368,15597.20926,0.007625095,480.6390313,31.31314012,6.5,2:Δt out of range,INT : 60.00[Hz],SLOW,1,2025/6/19,15:24:15,,,,,,,,,,,,,,,,,,,,
270,2204.4849,2343.1292,4040.2781,0.256696853,0.272841012,2343.1292,0.17824009,0.426262394,15597.74662,0.007623427,480.6383491,31.31340411,6.49,2:Δt out of range,INT : 60.00[Hz],SLOW,1,2025/6/19,15:24:16,,,,,,,,,,,,,,,,,,,,
271,2204.3481,2342.9316,4040.1294,0.256695363,0.272833351,2342.9316,0.178241809,0.426257007,15599.63428,0.007620585,480.6369576,31.31475968,6.48,2:Δt out of range,INT : 60.00[Hz],SLOW,1,2025/6/19,15:24:17,,,,,,,,,,,,,,,,,,,,
272,2204.0576,2342.5759,4039.6135,0.256696273,0.272828851,2342.5759,0.178244167,0.426254107,15600.31924,0.007617708,480.6358382,31.31498923,6.48,2:Δt out of range,INT : 60.00[Hz],SLOW,1,2025/6/19,15:24:18,,,,,,,,,,,,,,,,,,,,
273,2203.7314,2342.1958,4039.115,0.2566943,0.272822864,2342.1958,0.178244899,0.426249777,15601.98714,0.007616034,480.634888,31.31630534,6.49,2:Δt out of range,INT : 60.00[Hz],SLOW,1,2025/6/19,15:24:19,,,,,,,,,,,,,,,,,,,,
274,2203.6003,2342.0322,4038.8684,0.256695215,0.272821009,2342.0322,0.178246279,0.426248662,15602.14121,0.007614483,480.6343354,31.31622851,6.47,2:Δt out of range,INT : 60.00[Hz],SLOW,1,2025/6/19,15:24:20,,,,,,,,,,,,,,,,,,,,
275,2203.293,2341.6509,4038.3652,0.256695055,0.272814467,2341.6509,0.178248587,0.426244226,15603.48975,0.007611303,480.6329592,31.31703275,6.49,2:Δt out of range,INT : 60.00[Hz],SLOW,1,2025/6/19,15:24:21,,,,,,,,,,,,,,,,,,,,
276,2203.0974,2341.4192,4038.0713,0.256693835,0.272810396,2341.4192,0.178249176,0.426241299,15604.59583,0.007610082,480.6322926,31.31788934,6.48,2:Δt out of range,INT : 60.00[Hz],SLOW,1,2025/6/19,15:24:22,,,,,,,,,,,,,,,,,,,,
277,2202.7974,2341.0454,4037.5955,0.256693263,0.272803383,2341.0454,0.178251348,0.426236485,15606.13725,0.007606945,480.6308855,31.31887861,6.51,2:Δt out of range,INT : 60.00[Hz],SLOW,1,2025/6/19,15:24:23,,,,,,,,,,,,,,,,,,,,
278,2202.783,2340.9978,4037.6853,0.256690754,0.272796952,2340.9978,0.178251838,0.426231776,15608.02361,0.007605412,480.6299316,31.32041654,6.47,2:Δt out of range,INT : 60.00[Hz],SLOW,1,2025/6/19,15:24:24,,,,,,,,,,,,,,,,,,,,
279,2202.5488,2340.6978,4037.3547,0.25668933,0.272789484,2340.6978,0.178253535,0.426226528,15609.86018,0.007602621,480.6285712,31.32172898,6.48,2:Δt out of range,INT : 60.00[Hz],SLOW,1,2025/6/19,15:24:25,,,,,,,,,,,,,,,,,,,,
280,2202.2854,2340.3809,4036.8494,0.256691109,0.272787064,2340.3809,0.178255779,0.426225159,15609.92208,0.007600201,480.6277511,31.32144256,6.49,2:Δt out of range,INT : 60.00[Hz],SLOW,1,2025/6/19,15:24:26,,,,,,,,,,,,,,,,,,,,
281,2202.0349,2340.0955,4036.4065,0.256691196,0.27278492,2340.0955,0.178256641,0.426223726,15610.33144,0.007599064,480.6272766,31.32166181,6.49,2:Δt out of range,INT : 60.00[Hz],SLOW,1,2025/6/19,15:24:27,,,,,,,,,,,,,,,,,,,,
282,2201.6143,2339.6306,4035.7114,0.256689462,0.272780986,2339.6306,0.17825679,0.426220816,15611.53339,0.007598261,480.626727,31.32266577,6.49,2:Δt out of range,INT : 60.00[Hz],SLOW,1,2025/6/19,15:24:28,,,,,,,,,,,,,,,,,,,,
283,2201.4299,2339.3977,4035.4092,0.256689496,0.272776715,2339.3977,0.178258402,0.426217939,15612.38249,0.007596091,480.6258056,31.3231471,6.5,2:Δt out of range,INT : 60.00[Hz],SLOW,1,2025/6/19,15:24:29,,,,,,,,,,,,,,,,,,,,
284,2201.2568,2339.1809,4035.1111,0.256689904,0.272773318,2339.1809,0.178259972,0.426215708,15612.96691,0.007594107,480.6250082,31.32340861,6.51,2:Δt out of range,INT : 60.00[Hz],SLOW,1,2025/6/19,15:24:30,,,,,,,,,,,,,,,,,,,,
285,2201.1025,2338.9949,4034.8477,0.256689982,0.272770831,2338.9949,0.178260955,0.426214042,15613.44764,0.007592804,480.624462,31.32367049,6.49,2:Δt out of range,INT : 60.00[Hz],SLOW,1,2025/6/19,15:24:31,,,,,,,,,,,,,,,,,,,,
286,2200.8079,2338.634,4034.4302,0.256687746,0.272762875,2338.634,0.178262218,0.426208344,15615.57743,0.007590319,480.6231353,31.32529726,6.5,2:Δt out of range,INT : 60.00[Hz],SLOW,1,2025/6/19,15:24:32,,,,,,,,,,,,,,,,,,,,
287,2200.5476,2338.3438,4033.9832,0.256687249,0.272760761,2338.3438,0.178262628,0.426206845,15616.12001,0.007589592,480.6227664,31.32569833,6.49,2:Δt out of range,INT : 60.00[Hz],SLOW,1,2025/6/19,15:24:33,,,,,,,,,,,,,,,,,,,,
288,2200.3926,2338.1335,4033.7051,0.256688434,0.272756701,2338.1335,0.178265032,0.426204281,15616.65321,0.007586749,480.6216955,31.32578975,6.51,2:Δt out of range,INT : 60.00[Hz],SLOW,1,2025/6/19,15:24:34,,,,,,,,,,,,,,,,,,,,
289,2200.1851,2337.8696,4033.5125,0.25668411,0.272747042,2337.8696,0.178265349,0.426197125,15619.62359,0.007584822,480.620358,31.32827572,6.51,2:Δt out of range,INT : 60.00[Hz],SLOW,1,2025/6/19,15:24:35,,,,,,,,,,,,,,,,,,,,
290,2199.9038,2337.5649,4032.8796,0.256687794,0.27275028,2337.5649,0.178266933,0.426199855,15618.09516,0.007583955,480.6204279,31.32673246,6.5,2:Δt out of range,INT : 60.00[Hz],SLOW,1,2025/6/19,15:24:36,,,,,,,,,,,,,,,,,,,,
291,2199.6638,2337.2703,4032.5884,0.256684524,0.272742186,2337.2703,0.178267465,0.42619391,15620.50085,0.007582101,480.6192474,31.32870374,6.5,2:Δt out of range,INT : 60.00[Hz],SLOW,1,2025/6/19,15:24:37,,,,,,,,,,,,,,,,,,,,
292,2199.4666,2337.031,4032.2463,0.256684833,0.272739042,2337.031,0.178268867,0.426191835,15621.0589,0.00758031,480.6185212,31.32896749,6.5,2:Δt out of range,INT : 60.00[Hz],SLOW,1,2025/6/19,15:24:38,,,,,,,,,,,,,,,,,,,,
293,2199.1323,2336.6633,4031.6492,0.256684735,0.272737479,2336.6633,0.178269373,0.426190766,15621.39629,0.007579591,480.618203,31.32917861,6.49,2:Δt out of range,INT : 60.00[Hz],SLOW,1,2025/6/19,15:24:39,,,,,,,,,,,,,,,,,,,,
294,2198.7852,2336.2495,4031.0923,0.256683703,0.27273113,2336.2495,0.178270951,0.42618633,15622.9186,0.007577098,480.6170176,31.33023776,6.49,2:Δt out of range,INT : 60.00[Hz],SLOW,1,2025/6/19,15:24:40,,,,,,,,,,,,,,,,,,,,
295,2198.6252,2336.0708,4030.8,0.256683933,0.272730359,2336.0708,0.178271411,0.426185844,15623.0189,0.007576555,480.6168134,31.33025363,6.47,2:Δt out of range,INT : 60.00[Hz],SLOW,1,2025/6/19,15:24:41,,,,,,,,,,,,,,,,,,,,
296,2198.3486,2335.7302,4030.4648,0.256680181,0.272720919,2335.7302,0.17827208,0.426178919,15625.81204,0.00757435,480.6154266,31.33253291,6.52,2:Δt out of range,INT : 60.00[Hz],SLOW,1,2025/6/19,15:24:42,,,,,,,,,,,,,,,,,,,,
297,2198.1023,2335.4646,4030.0181,0.256680152,0.272720432,2335.4646,0.178272239,0.426178586,15625.91685,0.007574125,480.6153271,31.33259813,6.49,2:Δt out of range,INT : 60.00[Hz],SLOW,1,2025/6/19,15:24:43,,,,,,,,,,,,,,,,,,,,
298,2197.8491,2335.165,4029.6057,0.256679515,0.272716184,2335.165,0.178273335,0.426175626,15626.92318,0.007572421,480.6145251,31.33328965,6.48,2:Δt out of range,INT : 60.00[Hz],SLOW,1,2025/6/19,15:24:44,,,,,,,,,,,,,,,,,,,,
299,2197.5215,2334.8071,4029.0383,0.256678814,0.272714291,2334.8071,0.178273507,0.426174244,15627.47156,0.007571944,480.6142383,31.33373066,6.49,2:Δt out of range,INT : 60.00[Hz],SLOW,1,2025/6/19,15:24:45,,,,,,,,,,,,,,,,,,,,
300,2197.3752,2334.623,4028.7432,0.256680479,0.272712712,2334.623,0.178275353,0.426173425,15627.39206,0.007570023,480.6136181,31.33338363,6.5,2:Δt out of range,INT : 60.00[Hz],SLOW,1,2025/6/19,15:24:46,,,,,,,,,,,,,,,,,,,,
301,2197.2585,2334.4622,4028.6272,0.256678645,0.272706463,2334.4622,0.178276287,0.426168938,15629.08688,0.007568123,480.6125904,31.33468581,6.53,2:Δt out of range,INT : 60.00[Hz],SLOW,1,2025/6/19,15:24:47,,,,,,,,,,,,,,,,,,,,
302,2197.0334,2334.208,4028.2869,0.256676925,0.272702878,2334.208,0.178276318,0.426166264,15630.2191,0.007567486,480.6121139,31.33564533,6.47,2:Δt out of range,INT : 60.00[Hz],SLOW,1,2025/6/19,15:24:48,,,,,,,,,,,,,,,,,,,,
303,2196.759,2333.9087,4027.7581,0.256677928,0.272703036,2333.9087,0.178277018,0.426166519,15629.94781,0.007566886,480.6119779,31.33530838,6.49,2:Δt out of range,INT : 60.00[Hz],SLOW,1,2025/6/19,15:24:49,,,,,,,,,,,,,,,,,,,,
304,2196.3582,2333.4517,4027.1553,0.256674902,0.272696177,2333.4517,0.178277276,0.426161443,15632.05093,0.007565487,480.6110217,31.33705978,6.51,2:Δt out of range,INT : 60.00[Hz],SLOW,1,2025/6/19,15:24:50,,,,,,,,,,,,,,,,,,,,
305,2196.2825,2333.3401,4027.0415,0.256675087,0.272692731,2333.3401,0.178278697,0.426159145,15632.70075,0.007563629,480.6102522,31.33739792,6.49,2:Δt out of range,INT : 60.00[Hz],SLOW,1,2025/6/19,15:24:51,,,,,,,,,,,,,,,,,,,,
306,2195.9561,2332.9778,4026.4731,0.25667465,0.272690452,2332.9778,0.178279213,0.426157543,15633.26392,0.007562779,480.6098381,31.33779906,6.52,2:Δt out of range,INT : 60.00[Hz],SLOW,1,2025/6/19,15:24:52,,,,,,,,,,,,,,,,,,,,
307,2195.7107,2332.689,4026.0273,0.256675368,0.272687931,2332.689,0.178280693,0.426155948,15633.60022,0.007561025,480.6091768,31.33786134,6.51,2:Δt out of range,INT : 60.00[Hz],SLOW,1,2025/6/19,15:24:53,,,,,,,,,,,,,,,,,,,,
308,2195.5039,2332.4583,4025.771,0.256672011,0.272683078,2332.4583,0.178279956,0.426152176,15635.37946,0.00756086,480.6087065,31.33948688,6.48,2:Δt out of range,INT : 60.00[Hz],SLOW,1,2025/6/19,15:24:54,,,,,,,,,,,,,,,,,,,,
309,2195.0457,2331.9326,4025.0857,0.256668531,0.27267483,2331.9326,0.178280387,0.426146095,15637.87277,0.00755907,480.6075301,31.34154248,6.52,2:Δt out of range,INT : 60.00[Hz],SLOW,1,2025/6/19,15:24:55,,,,,,,,,,,,,,,,,,,,
310,2194.9839,2331.8396,4024.97,0.256669423,0.27267258,2331.8396,0.178281898,0.426144709,15638.11318,0.007557334,480.6068973,31.34151825,6.51,2:Δt out of range,INT : 60.00[Hz],SLOW,1,2025/6/19,15:24:56,,,,,,,,,,,,,,,,,,,,
311,2194.6533,2331.4795,4024.4438,0.256667287,0.272669272,2331.4795,0.178281511,0.426142161,15639.29017,0.007557118,480.6065509,31.34257763,6.48,2:Δt out of range,INT : 60.00[Hz],SLOW,1,2025/6/19,15:24:57,,,,,,,,,,,,,,,,,,,,
312,2194.5872,2331.3826,4024.2993,0.256668787,0.272667746,2331.3826,0.178283213,0.426141352,15639.2396,0.007555334,480.60597,31.34227697,6.51,2:Δt out of range,INT : 60.00[Hz],SLOW,1,2025/6/19,15:24:58,,,,,,,,,,,,,,,,,,,,
313,2194.407,2331.1938,4024.0066,0.256667575,0.272666766,2331.1938,0.17828266,0.426140512,15639.7267,0.007555663,480.6059656,31.34277485,6.49,2:Δt out of range,INT : 60.00[Hz],SLOW,1,2025/6/19,15:24:59,,,,,,,,,,,,,,,,,,,,
314,2194.0474,2330.7642,4023.4905,0.256664701,0.272658146,2330.7642,0.178283688,0.426134269,15642.15198,0.007553276,480.6046073,31.34468089,6.51,2:Δt out of range,INT : 60.00[Hz],SLOW,1,2025/6/19,15:25:00,,,,,,,,,,,,,,,,,,,,
315,2193.6919,2330.3662,4022.8584,0.256664716,0.272655782,2330.3662,0.178284578,0.426132676,15642.62506,0.007552076,480.6040987,31.34494817,6.47,2:Δt out of range,INT : 60.00[Hz],SLOW,1,2025/6/19,15:25:01,,,,,,,,,,,,,,,,,,,,
316,2193.5134,2330.1604,4022.636,0.256662051,0.272651057,2330.1604,0.178284317,0.426129092,15644.21548,0.007551506,480.603539,31.3463392,6.47,2:Δt out of range,INT : 60.00[Hz],SLOW,1,2025/6/19,15:25:02,,,,,,,,,,,,,,,,,,,,
317,2193.3926,2330.0251,4022.4297,0.256661803,0.272649977,2330.0251,0.17828453,0.426128327,15644.49262,0.007551132,480.60335,31.34654234,6.53,2:Δt out of range,INT : 60.00[Hz],SLOW,1,2025/6/19,15:25:03,,,,,,,,,,,,,,,,,,,,
318,2193.093,2329.6978,4021.9041,0.256661358,0.272648448,2329.6978,0.178284762,0.426127229,15644.90754,0.007550663,480.6030979,31.34685971,6.45,2:Δt out of range,INT : 60.00[Hz],SLOW,1,2025/6/19,15:25:04,,,,,,,,,,,,,,,,,,,,
319,2192.843,2329.4277,4021.5176,0.256659332,0.272645765,2329.4277,0.178284226,0.426125119,15645.93331,0.007550687,480.602867,31.34781232,6.51,2:Δt out of range,INT : 60.00[Hz],SLOW,1,2025/6/19,15:25:05,,,,,,,,,,,,,,,,,,,,
320,2192.6582,2329.207,4021.2476,0.256657995,0.27264149,2329.207,0.178284803,0.426122035,15647.1162,0.007549444,480.6021786,31.3487297,6.52,2:Δt out of range,INT : 60.00[Hz],SLOW,1,2025/6/19,15:25:06,,,,,,,,,,,,,,,,,,,,
321,2192.4409,2328.9607,4020.8359,0.256658855,0.272640593,2328.9607,0.178285787,0.426121557,15647.09131,0.00754841,480.601841,31.3485595,6.49,2:Δt out of range,INT : 60.00[Hz],SLOW,1,2025/6/19,15:25:07,,,,,,,,,,,,,,,,,,,,
322,2192.1794,2328.6746,4020.3967,0.256657892,0.272638596,2328.6746,0.1782858,0.426120067,15647.72491,0.007548058,480.6015768,31.34909561,6.45,2:Δt out of range,INT : 60.00[Hz],SLOW,1,2025/6/19,15:25:08,,,,,,,,,,,,,,,,,,,,
323,2191.999,2328.4673,4020.1096,0.256657048,0.272635865,2328.4673,0.178286176,0.426118099,15648.47814,0.007547257,480.6011354,31.34967824,6.5,2:Δt out of range,INT : 60.00[Hz],SLOW,1,2025/6/19,15:25:09,,,,,,,,,,,,,,,,,,,,
324,2191.6262,2328.0645,4019.4314,0.256657087,0.272635111,2328.0645,0.178286486,0.426117595,15648.62128,0.007546852,480.6009675,31.34975293,6.5,2:Δt out of range,INT : 60.00[Hz],SLOW,1,2025/6/19,15:25:10,,,,,,,,,,,,,,,,,,,,
325,2191.4226,2327.8293,4019.1377,0.25665526,0.272630954,2327.8293,0.178286648,0.426114519,15649.89779,0.007545999,480.6003875,31.35081211,6.5,2:Δt out of range,INT : 60.00[Hz],SLOW,1,2025/6/19,15:25:11,,,,,,,,,,,,,,,,,,,,
326,2191.1003,2327.4436,4018.6333,0.256653956,0.272624492,2327.4436,0.178288062,0.426109965,15651.51492,0.007543633,480.5992259,31.35197055,6.5,2:Δt out of range,INT : 60.00[Hz],SLOW,1,2025/6/19,15:25:12,,,,,,,,,,,,,,,,,,,,
327,2190.969,2327.3093,4018.4238,0.256652859,0.272623933,2327.3093,0.17828744,0.426109425,15651.89041,0.007544095,480.599292,31.35238344,6.54,2:Δt out of range,INT : 60.00[Hz],SLOW,1,2025/6/19,15:25:13,,,,,,,,,,,,,,,,,,,,
328,2190.697,2326.9995,4017.9392,0.256653057,0.272621698,2326.9995,0.178288421,0.426107946,15652.29439,0.007542837,480.5987803,31.35257776,6.51,2:Δt out of range,INT : 60.00[Hz],SLOW,1,2025/6/19,15:25:14,,,,,,,,,,,,,,,,,,,,
329,2190.5369,2326.8279,4017.6882,0.256651822,0.272620205,2326.8279,0.17828804,0.426106755,15652.89183,0.007542924,480.5986703,31.35314234,6.51,2:Δt out of range,INT : 60.00[Hz],SLOW,1,2025/6/19,15:25:15,,,,,,,,,,,,,,,,,,,,
330,2190.2395,2326.5015,4017.1433,0.25665212,0.272619292,2326.5015,0.178288606,0.426106183,15653.00478,0.007542262,480.5984244,31.35315258,6.49,2:Δt out of range,INT : 60.00[Hz],SLOW,1,2025/6/19,15:25:16,,,,,,,,,,,,,,,,,,,,
331,2189.978,2326.2246,4016.8157,0.256647522,0.27261451,2326.2246,0.178286903,0.426102274,15655.07204,0.007542973,480.5981802,31.35516432,6.51,2:Δt out of range,INT : 60.00[Hz],SLOW,1,2025/6/19,15:25:17,,,,,,,,,,,,,,,,,,,,
332,2189.6824,2325.8967,4016.2324,0.256649177,0.272614638,2325.8967,0.178288108,0.426102605,15654.64998,0.007541916,480.5979272,31.35462375,6.53,2:Δt out of range,INT : 60.00[Hz],SLOW,1,2025/6/19,15:25:18,,,,,,,,,,,,,,,,,,,,
333,2189.5249,2325.7112,4016.0591,0.256646248,0.272609392,2325.7112,0.178287841,0.426098631,15656.41162,0.007541263,480.5973014,31.35615854,6.53,2:Δt out of range,INT : 60.00[Hz],SLOW,1,2025/6/19,15:25:19,,,,,,,,,,,,,,,,,,,,
334,2189.1853,2325.3022,4015.5383,0.256644628,0.272602013,2325.3022,0.178289358,0.42609341,15658.2917,0.007538649,480.5959973,31.35752298,6.53,2:Δt out of range,INT : 60.00[Hz],SLOW,1,2025/6/19,15:25:20,,,,,,,,,,,,,,,,,,,,
335,2188.9736,2325.092,4015.1331,0.256644695,0.272603803,2325.092,0.178288743,0.426094628,15657.91361,0.007539504,480.5963688,31.35729553,6.51,2:Δt out of range,INT : 60.00[Hz],SLOW,1,2025/6/19,15:25:21,,,,,,,,,,,,,,,,,,,,
336,2188.5791,2324.6855,4014.4695,0.256642512,0.272602953,2324.6855,0.178287407,0.426093732,15658.60823,0.007540556,480.5965569,31.35808695,6.52,2:Δt out of range,INT : 60.00[Hz],SLOW,1,2025/6/19,15:25:22,,,,,,,,,,,,,,,,,,,,
337,2188.5044,2324.5815,4014.3364,0.256643136,0.272600725,2324.5815,0.178288707,0.42609232,15658.90952,0.007539013,480.5959746,31.35814538,6.5,2:Δt out of range,INT : 60.00[Hz],SLOW,1,2025/6/19,15:25:23,,,,,,,,,,,,,,,,,,,,
338,2188.3318,2324.375,4014.0864,0.256641829,0.272596619,2324.375,0.178289243,0.426089355,15660.05309,0.007537834,480.595318,31.35903352,6.5,2:Δt out of range,INT : 60.00[Hz],SLOW,1,2025/6/19,15:25:24,,,,,,,,,,,,,,,,,,,,
339,2188.1323,2324.1719,4013.6868,0.256642577,0.272598446,2324.1719,0.17828913,0.426090699,15659.50431,0.007538246,480.595582,31.35858543,6.52,2:Δt out of range,INT : 60.00[Hz],SLOW,1,2025/6/19,15:25:25,,,,,,,,,,,,,,,,,,,,
340,2187.8137,2323.8215,4013.2656,0.256638024,0.272592204,2323.8215,0.178288005,0.426085811,15661.8577,0.007538192,480.5950181,31.36075059,6.5,2:Δt out of range,INT : 60.00[Hz],SLOW,1,2025/6/19,15:25:26,,,,,,,,,,,,,,,,,,,,
341,2187.5686,2323.5083,4012.8357,0.256639023,0.272587063,2323.5083,0.178290671,0.426082488,15662.65905,0.00753493,480.5937497,31.36102562,6.52,2:Δt out of range,INT : 60.00[Hz],SLOW,1,2025/6/19,15:25:27,,,,,,,,,,,,,,,,,,,,
342,2187.3232,2323.2732,4012.3909,0.256638092,0.272589072,2323.2732,0.17828922,0.426083707,15662.47536,0.007536571,480.5943369,31.36108984,6.49,2:Δt out of range,INT : 60.00[Hz],SLOW,1,2025/6/19,15:25:28,,,,,,,,,,,,,,,,,,,,
343,2187.1545,2323.0479,4012.2024,0.256635838,0.272581267,2323.0479,0.178290415,0.426078104,15664.59535,0.007534174,480.5930498,31.36270483,6.49,2:Δt out of range,INT : 60.00[Hz],SLOW,1,2025/6/19,15:25:29,,,,,,,,,,,,,,,,,,,,
344,2186.8237,2322.6973,4011.6367,0.256634577,0.272580016,2322.6973,0.178289926,0.426077073,15665.15106,0.007534399,480.5929958,31.36324973,6.5,2:Δt out of range,INT : 60.00[Hz],SLOW,1,2025/6/19,15:25:30,,,,,,,,,,,,,,,,,,,,
345,2186.5547,2322.4177,4011.1802,0.256633279,0.272579355,2322.4177,0.178289189,0.426076435,15665.59587,0.007534946,480.5930743,31.36373809,6.53,2:Δt out of range,INT : 60.00[Hz],SLOW,1,2025/6/19,15:25:31,,,,,,,,,,,,,,,,,,,,
346,2186.2893,2322.1333,4010.698,0.256633214,0.272578991,2322.1333,0.178289275,0.426076179,15665.68511,0.007534807,480.5930076,31.36380065,6.51,2:Δt out of range,INT : 60.00[Hz],SLOW,1,2025/6/19,15:25:32,,,,,,,,,,,,,,,,,,,,
347,2186.0938,2321.917,4010.3958,0.256631774,0.272576446,2321.917,0.178289132,0.426074248,15666.54556,0.007534503,480.5927073,31.36455114,6.51,2:Δt out of range,INT : 60.00[Hz],SLOW,1,2025/6/19,15:25:33,,,,,,,,,,,,,,,,,,,,
348,2185.6509,2321.4373,4009.646,0.256630165,0.272573647,2321.4373,0.178288954,0.42607212,15667.49844,0.007534186,480.5923814,31.36538495,6.54,2:Δt out of range,INT : 60.00[Hz],SLOW,1,2025/6/19,15:25:34,,,,,,,,,,,,,,,,,,,,
349,2185.4983,2321.2634,4009.344,0.256631185,0.272573343,2321.2634,0.178289839,0.426072066,15667.31531,0.007533342,480.5921436,31.3650957,6.51,2:Δt out of range,INT : 60.00[Hz],SLOW,1,2025/6/19,15:25:35,,,,,,,,,,,,,,,,,,,,
350,2185.345,2321.0759,4009.1394,0.25662962,0.272568782,2321.0759,0.178290349,0.426068755,15668.61461,0.007532109,480.5914337,31.36611844,6.52,2:Δt out of range,INT : 60.00[Hz],SLOW,1,2025/6/19,15:25:36,,,,,,,,,,,,,,,,,,,,
351,2185.0259,2320.7461,4008.6665,0.256625954,0.27256596,2320.7461,0.178288624,0.426066307,15670.06549,0.007533174,480.5914512,31.36760811,6.53,2:Δt out of range,INT : 60.00[Hz],SLOW,1,2025/6/19,15:25:37,,,,,,,,,,,,,,,,,,,,
352,2184.8142,2320.5059,4008.22,0.256628168,0.272566508,2320.5059,0.178290096,0.426067005,15669.42327,0.007531949,480.5911935,31.36684141,6.52,2:Δt out of range,INT : 60.00[Hz],SLOW,1,2025/6/19,15:25:38,,,,,,,,,,,,,,,,,,,,
353,2184.5757,2320.2502,4007.8298,0.256626813,0.272564788,2320.2502,0.178289709,0.426065643,15670.09682,0.007532003,480.5910554,31.3674701,6.52,2:Δt out of range,INT : 60.00[Hz],SLOW,1,2025/6/19,15:25:39,,,,,,,,,,,,,,,,,,,,
354,2184.3542,2319.9905,4007.4839,0.256625727,0.272560763,2319.9905,0.178290383,0.426062765,15671.17302,0.007530715,480.5903789,31.36827873,6.5,2:Δt out of range,INT : 60.00[Hz],SLOW,1,2025/6/19,15:25:40,,,,,,,,,,,,,,,,,,,,
355,2184.1326,2319.7366,4007.1633,0.256623694,0.272556426,2319.7366,0.178290457,0.426059536,15672.53974,0.007529911,480.5897961,31.36942404,6.51,2:Δt out of range,INT : 60.00[Hz],SLOW,1,2025/6/19,15:25:41,,,,,,,,,,,,,,,,,,,,
356,2183.7925,2319.3518,4006.5537,0.256623972,0.27255395,2319.3518,0.178291587,0.426057905,15672.97516,0.007528478,480.5892197,31.36962101,6.49,2:Δt out of range,INT : 60.00[Hz],SLOW,1,2025/6/19,15:25:42,,,,,,,,,,,,,,,,,,,,
357,2183.6343,2319.2012,4006.2651,0.256623397,0.272555386,2319.2012,0.178290618,0.426058789,15672.82184,0.00752959,480.5896241,31.36963822,6.53,2:Δt out of range,INT : 60.00[Hz],SLOW,1,2025/6/19,15:25:43,,,,,,,,,,,,,,,,,,,,
358,2183.3948,2318.9412,4005.9165,0.256620828,0.272551996,2318.9412,0.178289934,0.42605612,15674.12555,0.007529626,480.5893346,31.37084484,6.5,2:Δt out of range,INT : 60.00[Hz],SLOW,1,2025/6/19,15:25:44,,,,,,,,,,,,,,,,,,,,
359,2183.3149,2318.8625,4005.8052,0.256619577,0.272551392,2318.8625,0.178289213,0.426055527,15674.54799,0.007530169,480.5894172,31.37131162,6.53,2:Δt out of range,INT : 60.00[Hz],SLOW,1,2025/6/19,15:25:45,,,,,,,,,,,,,,,,,,,,
360,2183.0461,2318.5537,4005.3313,0.256619699,0.272548781,2318.5537,0.178290275,0.426053782,15675.04832,0.007528774,480.5888386,31.37157369,6.5,2:Δt out of range,INT : 60.00[Hz],SLOW,1,2025/6/19,15:25:46,,,,,,,,,,,,,,,,,,,,
361,2182.8284,2318.3132,4004.9561,0.256619249,0.27254721,2318.3132,0.178290518,0.426052655,15675.47495,0.007528289,480.5885793,31.37189773,6.5,2:Δt out of range,INT : 60.00[Hz],SLOW,1,2025/6/19,15:25:47,,,,,,,,,,,,,,,,,,,,
362,2182.6387,2318.1191,4004.6238,0.256618551,0.272547336,2318.1191,0.178289943,0.426052637,15675.61685,0.007528826,480.5887244,31.3721049,6.52,2:Δt out of range,INT : 60.00[Hz],SLOW,1,2025/6/19,15:25:48,,,,,,,,,,,,,,,,,,,,
363,2182.3728,2317.8252,4004.1667,0.256617969,0.272545367,2317.8252,0.178290235,0.426051221,15676.15579,0.007528229,480.588402,31.37251641,6.51,2:Δt out of range,INT : 60.00[Hz],SLOW,1,2025/6/19,15:25:49,,,,,,,,,,,,,,,,,,,,
364,2182.2156,2317.6582,4003.9504,0.256615794,0.272543052,2317.6582,0.178289449,0.426049336,15677.14751,0.007528539,480.5882755,31.37347413,6.48,2:Δt out of range,INT : 60.00[Hz],SLOW,1,2025/6/19,15:25:50,,,,,,,,,,,,,,,,,,,,
365,2181.9128,2317.3191,4003.438,0.256615019,0.27254017,2317.3191,0.178289934,0.426047276,15677.91819,0.007527615,480.5877909,31.37405222,6.52,2:Δt out of range,INT : 60.00[Hz],SLOW,1,2025/6/19,15:25:51,,,,,,,,,,,,,,,,,,,,
366,2181.6333,2317.0081,4002.9697,0.256614102,0.272537531,2317.0081,0.17829022,0.426045358,15678.67377,0.00752691,480.5873823,31.37464748,6.5,2:Δt out of range,INT : 60.00[Hz],SLOW,1,2025/6/19,15:25:52,,,,,,,,,,,,,,,,,,,,
367,2181.3594,2316.7134,4002.5222,0.256612555,0.27253544,2316.7134,0.178289826,0.426043717,15679.4696,0.007526907,480.5871976,31.37537992,6.48,2:Δt out of range,INT : 60.00[Hz],SLOW,1,2025/6/19,15:25:53,,,,,,,,,,,,,,,,,,,,
368,2181.1267,2316.47,4002.1287,0.256611431,0.272534687,2316.47,0.178289256,0.426043042,15679.89222,0.007527289,480.5872268,31.37582362,6.5,2:Δt out of range,INT : 60.00[Hz],SLOW,1,2025/6/19,15:25:54,,,,,,,,,,,,,,,,,,,,
369,2180.978,2316.3052,4001.8987,0.256610345,0.272532725,2316.3052,0.178289163,0.426041556,15680.55129,0.007527039,480.5869915,31.37639469,6.5,2:Δt out of range,INT : 60.00[Hz],SLOW,1,2025/6/19,15:25:55,,,,,,,,,,,,,,,,,,,,
370,2180.8137,2316.1086,4001.6372,0.256609805,0.27252955,2316.1086,0.178289935,0.426039333,15681.32522,0.007525808,480.5864047,31.3769317,6.54,2:Δt out of range,INT : 60.00[Hz],SLOW,1,2025/6/19,15:25:56,,,,,,,,,,,,,,,,,,,,
371,2180.5364,2315.8337,4001.1824,0.256607582,0.272529496,2315.8337,0.178288272,0.426038967,15681.87016,0.007527288,480.5867695,31.37764432,6.52,2:Δt out of range,INT : 60.00[Hz],SLOW,1,2025/6/19,15:25:57,,,,,,,,,,,,,,,,,,,,
372,2180.3328,2315.5889,4000.8655,0.256606732,0.272525232,2315.5889,0.178289214,0.426035962,15682.94006,0.007525719,480.5860023,31.37840537,6.52,2:Δt out of range,INT : 60.00[Hz],SLOW,1,2025/6/19,15:25:58,,,,,,,,,,,,,,,,,,,,
373,2179.9854,2315.2168,4000.2122,0.256607306,0.27252547,2315.2168,0.178289559,0.426036208,15682.75405,0.00752545,480.5859561,31.37819585,6.53,2:Δt out of range,INT : 60.00[Hz],SLOW,1,2025/6/19,15:25:59,,,,,,,,,,,,,,,,,,,,
374,2179.7434,2314.9631,3999.8057,0.256606071,0.272524548,2314.9631,0.178288968,0.426035403,15683.23772,0.007525824,480.5859683,31.37869425,6.52,2:Δt out of range,INT : 60.00[Hz],SLOW,1,2025/6/19,15:26:00,,,,,,,,,,,,,,,,,,,,
375,2179.7292,2314.9512,3999.8311,0.25660442,0.27252317,2314.9512,0.178288231,0.426034228,15683.91408,0.007526249,480.5859533,31.37937736,6.5,2:Δt out of range,INT : 60.00[Hz],SLOW,1,2025/6/19,15:26:01,,,,,,,,,,,,,,,,,,,,
376,2179.5168,2314.667,3999.5386,0.256603253,0.272515028,2314.667,0.178290373,0.426028557,15685.8483,0.007522946,480.5844117,31.38068589,6.52,2:Δt out of range,INT : 60.00[Hz],SLOW,1,2025/6/19,15:26:02,,,,,,,,,,,,,,,,,,,,
377,2179.2917,2314.4607,3999.1824,0.256600545,0.272516009,2314.4607,0.178287959,0.426028819,15686.29954,0.007525275,480.5850798,31.38143317,6.5,2:Δt out of range,INT : 60.00[Hz],SLOW,1,2025/6/19,15:26:03,,,,,,,,,,,,,,,,,,,,
378,2179.0737,2314.2275,3998.7229,0.256602392,0.272517773,2314.2275,0.178288701,0.426030283,15685.49738,0.00752491,480.5851439,31.38064318,6.49,2:Δt out of range,INT : 60.00[Hz],SLOW,1,2025/6/19,15:26:04,,,,,,,,,,,,,,,,,,,,
379,2178.978,2314.1296,3998.5969,0.25660078,0.272516501,2314.1296,0.178287954,0.426029186,15686.14315,0.007525363,480.5851451,31.38130186,6.49,2:Δt out of range,INT : 60.00[Hz],SLOW,1,2025/6/19,15:26:05,,,,,,,,,,,,,,,,,,,,
380,2178.7,2313.8225,3998.0754,0.256601482,0.27251585,2313.8225,0.178288727,0.426028849,15686.10708,0.00752456,480.5848871,31.38115414,6.5,2:Δt out of range,INT : 60.00[Hz],SLOW,1,2025/6/19,15:26:06,,,,,,,,,,,,,,,,,,,,
381,2178.3752,2313.4919,3997.5051,0.25660027,0.272516253,2313.4919,0.178287661,0.426028942,15686.31618,0.007525584,480.5851783,31.38149252,6.49,2:Δt out of range,INT : 60.00[Hz],SLOW,1,2025/6/19,15:26:07,,,,,,,,,,,,,,,,,,,,
382,2178.1003,2313.1724,3997.0576,0.256599381,0.272512063,2313.1724,0.178288545,0.426025981,15687.38122,0.007524079,480.5844339,31.38225761,6.52,2:Δt out of range,INT : 60.00[Hz],SLOW,1,2025/6/19,15:26:08,,,,,,,,,,,,,,,,,,,,
383,2177.8914,2312.9509,3996.7019,0.256598534,0.272511205,2312.9509,0.178288223,0.426025277,15687.75896,0.007524222,480.5843941,31.38262539,6.55,2:Δt out of range,INT : 60.00[Hz],SLOW,1,2025/6/19,15:26:09,,,,,,,,,,,,,,,,,,,,
384,2177.572,2312.6104,3996.2043,0.256595896,0.272508251,2312.6104,0.178287324,0.426022892,15688.99328,0.007524525,480.5842098,31.38380367,6.53,2:Δt out of range,INT : 60.00[Hz],SLOW,1,2025/6/19,15:26:10,,,,,,,,,,,,,,,,,,,,
385,2177.5066,2312.5195,3996.1079,0.25659583,0.272505655,2312.5195,0.178288239,0.426021128,15689.53698,0.007523263,480.5836663,31.38412367,6.53,2:Δt out of range,INT : 60.00[Hz],SLOW,1,2025/6/19,15:26:11,,,,,,,,,,,,,,,,,,,,
386,2177.3628,2312.3655,3995.8513,0.256595648,0.27250531,2312.3655,0.17828823,0.426020869,15689.65071,0.007523213,480.5836235,31.38422112,6.49,2:Δt out of range,INT : 60.00[Hz],SLOW,1,2025/6/19,15:26:12,,,,,,,,,,,,,,,,,,,,
387,2177.0144,2312.0183,3995.3267,0.256591488,0.272503579,2312.0183,0.178285724,0.426019084,15691.0028,0.007525163,480.5839581,31.38574235,6.52,2:Δt out of range,INT : 60.00[Hz],SLOW,1,2025/6/19,15:26:13,,,,,,,,,,,,,,,,,,,,
388,2176.8862,2311.8638,3995.0596,0.256593005,0.272503027,2311.8638,0.178287078,0.426018936,15690.75015,0.007523857,480.5835835,31.38532378,6.53,2:Δt out of range,INT : 60.00[Hz],SLOW,1,2025/6/19,15:26:14,,,,,,,,,,,,,,,,,,,,
389,2176.606,2311.5432,3994.6145,0.256591611,0.272498832,2311.5432,0.178287582,0.426015896,15691.93851,0.007522692,480.5829236,31.38625003,6.52,2:Δt out of range,INT : 60.00[Hz],SLOW,1,2025/6/19,15:26:15,,,,,,,,,,,,,,,,,,,,
390,2176.4214,2311.3372,3994.3364,0.256590076,0.272496028,2311.3372,0.178287462,0.426013776,15692.87768,0.007522323,480.5825847,31.38706048,6.53,2:Δt out of range,INT : 60.00[Hz],SLOW,1,2025/6/19,15:26:16,,,,,,,,,,,,,,,,,,,,
391,2176.2476,2311.1794,3993.99,0.256590096,0.272499206,2311.1794,0.178286296,0.426015925,15692.22658,0.007523907,480.5832599,31.38668816,6.52,2:Δt out of range,INT : 60.00[Hz],SLOW,1,2025/6/19,15:26:17,,,,,,,,,,,,,,,,,,,,
392,2175.9946,2310.9001,3993.5745,0.25658894,0.272496727,2310.9001,0.178286343,0.426014079,15693.00878,0.007523444,480.5829262,31.38734098,6.52,2:Δt out of range,INT : 60.00[Hz],SLOW,1,2025/6/19,15:26:18,,,,,,,,,,,,,,,,,,,,
393,2175.8474,2310.7336,3993.3582,0.256587618,0.272494124,2310.7336,0.17828631,0.426012125,15693.85614,0.007523031,480.582594,31.38806071,6.52,2:Δt out of range,INT : 60.00[Hz],SLOW,1,2025/6/19,15:26:19,,,,,,,,,,,,,,,,,,,,
394,2175.6523,2310.5576,3992.9695,0.256587601,0.272497784,2310.5576,0.178284937,0.426014595,15693.11556,0.007524883,480.5833786,31.38764448,6.52,2:Δt out of range,INT : 60.00[Hz],SLOW,1,2025/6/19,15:26:20,,,,,,,,,,,,,,,,,,,,
395,2175.4556,2310.3286,3992.6294,0.256587577,0.272495388,2310.3286,0.178285809,0.426012973,15693.60893,0.007523694,480.5828709,31.38792823,6.51,2:Δt out of range,INT : 60.00[Hz],SLOW,1,2025/6/19,15:26:21,,,,,,,,,,,,,,,,,,,,
396,2175.2297,2310.0779,3992.2878,0.256585694,0.272492115,2310.0779,0.1782856,0.426010484,15694.72742,0.007523325,480.5824907,31.38890325,6.52,2:Δt out of range,INT : 60.00[Hz],SLOW,1,2025/6/19,15:26:22,,,,,,,,,,,,,,,,,,,,
397,2175.1357,2309.9963,3992.1157,0.25658513,0.272493666,2309.9963,0.178284597,0.426011448,15694.54766,0.007524487,480.5829174,31.38890396,6.5,2:Δt out of range,INT : 60.00[Hz],SLOW,1,2025/6/19,15:26:23,,,,,,,,,,,,,,,,,,,,
398,2174.7341,2309.562,3991.4871,0.256582082,0.272489509,2309.562,0.178283835,0.426008189,15696.12642,0.007524462,480.5825457,31.39035093,6.52,2:Δt out of range,INT : 60.00[Hz],SLOW,1,2025/6/19,15:26:24,,,,,,,,,,,,,,,,,,,,
399,2174.4734,2309.2756,3991.0215,0.256581981,0.272488276,2309.2756,0.178284217,0.426007342,15696.40175,0.007523911,480.5822995,31.39052516,6.52,2:Δt out of range,INT : 60.00[Hz],SLOW,1,2025/6/19,15:26:25,,,,,,,,,,,,,,,,,,,,
400,2174.2546,2309.0347,3990.5911,0.256583112,0.272488469,2309.0347,0.178285001,0.42600764,15696.0903,0.007523242,480.5821495,31.39014356,6.53,2:Δt out of range,INT : 60.00[Hz],SLOW,1,2025/6/19,15:26:26,,,,,,,,,,,,,,,,,,,,
401,2174.095,2308.8711,3990.3362,0.256581782,0.272487753,2308.8711,0.178284261,0.426006959,15696.55608,0.007523783,480.5822215,31.39064864,6.55,2:Δt out of range,INT : 60.00[Hz],SLOW,1,2025/6/19,15:26:27,,,,,,,,,,,,,,,,,,,,
402,2173.9817,2308.7485,3990.2012,0.256579641,0.272485211,2308.7485,0.178283586,0.426004926,15697.58817,0.007523956,480.5820411,31.39162128,6.5,2:Δt out of range,INT : 60.00[Hz],SLOW,1,2025/6/19,15:26:28,,,,,,,,,,,,,,,,,,,,
403,2173.7605,2308.5039,3989.8809,0.256577339,0.272481623,2308.5039,0.178283177,0.426002161,15698.87241,0.007523711,480.5816647,31.39276586,6.54,2:Δt out of range,INT : 60.00[Hz],SLOW,1,2025/6/19,15:26:29,,,,,,,,,,,,,,,,,,,,
404,2173.543,2308.2925,3989.3835,0.25657972,0.272486463,2308.2925,0.17828318,0.426005783,15697.31445,0.007524532,480.5822951,31.39145209,6.52,2:Δt out of range,INT : 60.00[Hz],SLOW,1,2025/6/19,15:26:30,,,,,,,,,,,,,,,,,,,,
405,2173.2815,2308.0015,3988.9675,0.256578185,0.272483264,2308.0015,0.178283207,0.426003395,15698.33492,0.007523963,480.5818719,31.39230823,6.56,2:Δt out of range,INT : 60.00[Hz],SLOW,1,2025/6/19,15:26:31,,,,,,,,,,,,,,,,,,,,
406,2173.0454,2307.7664,3988.5317,0.256577786,0.272484686,2307.7664,0.178282376,0.426004296,15698.14158,0.007524949,480.5822431,31.39227137,6.53,2:Δt out of range,INT : 60.00[Hz],SLOW,1,2025/6/19,15:26:32,,,,,,,,,,,,,,,,,,,,
407,2172.7969,2307.5056,3988.1448,0.256575594,0.272482725,2307.5056,0.178281447,0.426002648,15699.06774,0.007525449,480.5821954,31.3931932,6.55,2:Δt out of range,INT : 60.00[Hz],SLOW,1,2025/6/19,15:26:33,,,,,,,,,,,,,,,,,,,,
408,2172.6348,2307.3469,3987.7722,0.256577461,0.272486297,2307.3469,0.178281533,0.426005336,15697.89159,0.007525979,480.5826419,31.39218876,6.51,2:Δt out of range,INT : 60.00[Hz],SLOW,1,2025/6/19,15:26:34,,,,,,,,,,,,,,,,,,,,
409,2172.4807,2307.155,3987.4797,0.25657861,0.27248418,2307.155,0.178283188,0.426004077,15698.04606,0.007524136,480.5819957,31.39206763,6.53,2:Δt out of range,INT : 60.00[Hz],SLOW,1,2025/6/19,15:26:35,,,,,,,,,,,,,,,,,,,,
410,2172.2634,2306.917,3987.2012,0.256575182,0.272479686,2306.917,0.178282264,0.426000534,15699.78582,0.0075242,480.5816163,31.3936743,6.51,2:Δt out of range,INT : 60.00[Hz],SLOW,1,2025/6/19,15:26:36,,,,,,,,,,,,,,,,,,,,
411,2172.0049,2306.6487,3986.7693,0.256573703,0.27247885,2306.6487,0.178281455,0.425999751,15700.31187,0.007524782,480.5816883,31.39424043,6.55,2:Δt out of range,INT : 60.00[Hz],SLOW,1,2025/6/19,15:26:37,,,,,,,,,,,,,,,,,,,,
412,2171.8259,2306.4448,3986.5591,0.256570534,0.272473854,2306.4448,0.178280914,0.425995907,15702.09209,0.007524418,480.581158,31.39582267,6.55,2:Δt out of range,INT : 60.00[Hz],SLOW,1,2025/6/19,15:26:38,,,,,,,,,,,,,,,,,,,,
413,2171.5515,2306.1526,3986.0188,0.256571668,0.272474965,2306.1526,0.178281359,0.425996825,15701.59293,0.007524208,480.5812032,31.39533448,6.5,2:Δt out of range,INT : 60.00[Hz],SLOW,1,2025/6/19,15:26:39,,,,,,,,,,,,,,,,,,,,
414,2171.439,2306.0386,3985.8181,0.256571326,0.272475249,2306.0386,0.178280995,0.425996966,15701.61739,0.007524582,480.5813217,31.39541038,6.55,2:Δt out of range,INT : 60.00[Hz],SLOW,1,2025/6/19,15:26:40,,,,,,,,,,,,,,,,,,,,
415,2171.187,2305.7617,3985.437,0.256569137,0.272471828,2305.7617,0.17828061,0.425994332,15702.84091,0.007524345,480.5809618,31.39649963,6.54,2:Δt out of range,INT : 60.00[Hz],SLOW,1,2025/6/19,15:26:41,,,,,,,,,,,,,,,,,,,,
416,2171.0063,2305.571,3985.0808,0.256569844,0.27247272,2305.571,0.178280813,0.425995039,15702.48905,0.007524315,480.5810327,31.39617235,6.53,2:Δt out of range,INT : 60.00[Hz],SLOW,1,2025/6/19,15:26:42,,,,,,,,,,,,,,,,,,,,
417,2170.7783,2305.3201,3984.717,0.256568451,0.272470204,2305.3201,0.178280694,0.425993134,15703.33697,0.007523994,480.5807314,31.39690477,6.53,2:Δt out of range,INT : 60.00[Hz],SLOW,1,2025/6/19,15:26:43,,,,,,,,,,,,,,,,,,,,
418,2170.4111,2304.9275,3984.1147,0.256566355,0.272467666,2304.9275,0.178280051,0.425991109,15704.35852,0.007524139,480.5805444,31.39786283,6.51,2:Δt out of range,INT : 60.00[Hz],SLOW,1,2025/6/19,15:26:44,,,,,,,,,,,,,,,,,,,,
419,2170.3218,2304.8572,3983.9419,0.25656588,0.272470062,2304.8572,0.178278801,0.425992658,15703.98463,0.007525666,480.5811362,31.39773772,6.55,2:Δt out of range,INT : 60.00[Hz],SLOW,1,2025/6/19,15:26:45,,,,,,,,,,,,,,,,,,,,
420,2170.2222,2304.7415,3983.783,0.256565455,0.272468438,2304.7415,0.178279083,0.425991497,15704.41791,0.007525137,480.5808613,31.39805978,6.54,2:Δt out of range,INT : 60.00[Hz],SLOW,1,2025/6/19,15:26:46,,,,,,,,,,,,,,,,,,,,
421,2170.0771,2304.5686,3983.5559,0.256564835,0.272465556,2304.5686,0.178279685,0.425989459,15705.15455,0.007524108,480.5803511,31.39858878,6.54,2:Δt out of range,INT : 60.00[Hz],SLOW,1,2025/6/19,15:26:47,,,,,,,,,,,,,,,,,,,,
422,2169.6328,2304.1177,3982.7905,0.256562677,0.27246574,2304.1177,0.178277984,0.425989264,15705.63658,0.007525663,480.5807556,31.39925311,6.5,2:Δt out of range,INT : 60.00[Hz],SLOW,1,2025/6/19,15:26:48,,,,,,,,,,,,,,,,,,,,
423,2169.5544,2304.0349,3982.7134,0.256560636,0.272463626,2304.0349,0.178277224,0.425987534,15706.55882,0.007525984,480.5806499,31.40014498,6.53,2:Δt out of range,INT : 60.00[Hz],SLOW,1,2025/6/19,15:26:49,,,,,,,,,,,,,,,,,,,,
424,2169.2947,2303.7451,3982.1533,0.25656359,0.272465108,2303.7451,0.17827891,0.425988972,15705.54553,0.007524726,480.5804662,31.39903581,6.53,2:Δt out of range,INT : 60.00[Hz],SLOW,1,2025/6/19,15:26:50,,,,,,,,,,,,,,,,,,,,
425,2169.0808,2303.4976,3981.8064,0.256562819,0.272461883,2303.4976,0.178279524,0.42598668,15706.38856,0.007523627,480.5799083,31.39965226,6.55,2:Δt out of range,INT : 60.00[Hz],SLOW,1,2025/6/19,15:26:51,,,,,,,,,,,,,,,,,,,,
426,2168.8787,2303.2932,3981.4888,0.256560888,0.272461042,2303.2932,0.178278376,0.425985826,15707.02496,0.007524513,480.5800555,31.40036254,6.5,2:Δt out of range,INT : 60.00[Hz],SLOW,1,2025/6/19,15:26:52,,,,,,,,,,,,,,,,,,,,
427,2168.7585,2303.1506,3981.3542,0.25655873,0.272456981,2303.1506,0.178278252,0.425982764,15708.37251,0.007523934,480.5795541,31.4015158,6.53,2:Δt out of range,INT : 60.00[Hz],SLOW,1,2025/6/19,15:26:53,,,,,,,,,,,,,,,,,,,,
428,2168.5864,2302.9851,3980.9988,0.256559404,0.272459739,2302.9851,0.178277736,0.425984726,15707.6479,0.007524864,480.5800287,31.40098407,6.55,2:Δt out of range,INT : 60.00[Hz],SLOW,1,2025/6/19,15:26:54,,,,,,,,,,,,,,,,,,,,
429,2168.3149,2302.689,3980.5535,0.256558028,0.272457358,2302.689,0.17827758,0.425982914,15708.46485,0.0075246,480.5797534,31.40169554,6.55,2:Δt out of range,INT : 60.00[Hz],SLOW,1,2025/6/19,15:26:55,,,,,,,,,,,,,,,,,,,,
430,2168.1433,2302.5261,3980.2786,0.256556223,0.272457729,2302.5261,0.178276076,0.425982898,15708.82391,0.00752601,480.580138,31.4022262,6.52,2:Δt out of range,INT : 60.00[Hz],SLOW,1,2025/6/19,15:26:56,,,,,,,,,,,,,,,,,,,,
431,2168.0415,2302.4121,3980.1477,0.256554702,0.272455417,2302.4121,0.178275784,0.425981111,15709.66172,0.007525878,480.5799019,31.40297565,6.54,2:Δt out of range,INT : 60.00[Hz],SLOW,1,2025/6/19,15:26:57,,,,,,,,,,,,,,,,,,,,
432,2167.7959,2302.1541,3979.7175,0.256553989,0.272454993,2302.1541,0.178275402,0.425980719,15709.92003,0.007526149,480.5799322,31.40325115,6.55,2:Δt out of range,INT : 60.00[Hz],SLOW,1,2025/6/19,15:26:58,,,,,,,,,,,,,,,,,,,,
433,2167.719,2302.0635,3979.627,0.256552721,0.27245259,2302.0635,0.178275336,0.425978908,15710.71553,0.0075258,480.5796338,31.4039306,6.54,2:Δt out of range,INT : 60.00[Hz],SLOW,1,2025/6/19,15:26:59,,,,,,,,,,,,,,,,,,,,
434,2167.4678,2301.7959,3979.1455,0.256553364,0.272453174,2301.7959,0.178275605,0.425979398,15710.44157,0.007525658,480.5796497,31.40365916,6.5,2:Δt out of range,INT : 60.00[Hz],SLOW,1,2025/6/19,15:27:00,,,,,,,,,,,,,,,,,,,,
435,2167.3545,2301.6733,3978.9453,0.256553196,0.272452726,2301.6733,0.178275645,0.42597907,15710.57332,0.007525546,480.5795825,31.40376403,6.51,2:Δt out of range,INT : 60.00[Hz],SLOW,1,2025/6/19,15:27:01,,,,,,,,,,,,,,,,,,,,
436,2167.1443,2301.4729,3978.6162,0.256550778,0.27245286,2301.4729,0.178273764,0.425978803,15711.12853,0.007527253,480.5800203,31.40451681,6.56,2:Δt out of range,INT : 60.00[Hz],SLOW,1,2025/6/19,15:27:02,,,,,,,,,,,,,,,,,,,,
437,2166.9031,2301.2102,3978.1428,0.256551906,0.272453283,2301.2102,0.178274461,0.425979255,15710.77062,0.007526701,480.5799196,31.40410982,6.54,2:Δt out of range,INT : 60.00[Hz],SLOW,1,2025/6/19,15:27:03,,,,,,,,,,,,,,,,,,,,
438,2166.7075,2300.9954,3977.823,0.256550927,0.272451405,2300.9954,0.178274418,0.425977842,15711.38934,0.00752642,480.5796846,31.40463696,6.52,2:Δt out of range,INT : 60.00[Hz],SLOW,1,2025/6/19,15:27:04,,,,,,,,,,,,,,,,,,,,
439,2166.4734,2300.7346,3977.4568,0.256549366,0.272448304,2300.7346,0.178274389,0.425975516,15712.39825,0.007525919,480.5792869,31.40549018,6.52,2:Δt out of range,INT : 60.00[Hz],SLOW,1,2025/6/19,15:27:05,,,,,,,,,,,,,,,,,,,,
440,2166.271,2300.5391,3977.0493,0.256549866,0.272451138,2300.5391,0.178273715,0.425977505,15711.69952,0.007527005,480.579807,31.40500481,6.52,2:Δt out of range,INT : 60.00[Hz],SLOW,1,2025/6/19,15:27:06,,,,,,,,,,,,,,,,,,,,
441,2166.1182,2300.3826,3976.7446,0.256550426,0.272452415,2300.3826,0.178273663,0.42597845,15711.30422,0.007527268,480.579985,31.40468003,6.52,2:Δt out of range,INT : 60.00[Hz],SLOW,1,2025/6/19,15:27:07,,,,,,,,,,,,,,,,,,,,
442,2166.0186,2300.271,3976.613,0.256549045,0.272450259,2300.271,0.17827342,0.42597679,15712.07663,0.00752712,480.5797584,31.40536689,6.52,2:Δt out of range,INT : 60.00[Hz],SLOW,1,2025/6/19,15:27:08,,,,,,,,,,,,,,,,,,,,
443,2165.6921,2299.9314,3976.0403,0.256548016,0.272450012,2299.9314,0.178272733,0.42597647,15712.37505,0.007527693,480.5798798,31.4057223,6.54,2:Δt out of range,INT : 60.00[Hz],SLOW,1,2025/6/19,15:27:09,,,,,,,,,,,,,,,,,,,,
444,2165.6389,2299.8704,3976.0615,0.25654454,0.272445787,2299.8704,0.178271672,0.425973102,15714.07461,0.007527925,480.5795664,31.40731307,6.54,2:Δt out of range,INT : 60.00[Hz],SLOW,1,2025/6/19,15:27:10,,,,,,,,,,,,,,,,,,,,
445,2165.4905,2299.7073,3975.7686,0.256545329,0.272445973,2299.7073,0.1782722,0.425973344,15713.84674,0.007527483,480.5794726,31.40704122,6.54,2:Δt out of range,INT : 60.00[Hz],SLOW,1,2025/6/19,15:27:11,,,,,,,,,,,,,,,,,,,,
446,2165.2732,2299.4717,3975.3594,0.256545787,0.272445887,2299.4717,0.178272579,0.425973354,15713.75382,0.00752713,480.5793767,31.40690552,6.52,2:Δt out of range,INT : 60.00[Hz],SLOW,1,2025/6/19,15:27:12,,,,,,,,,,,,,,,,,,,,
447,2165.0396,2299.2463,3974.9626,0.256544122,0.272446806,2299.2463,0.178270977,0.425973729,15713.96733,0.00752872,480.5798546,31.40732844,6.55,2:Δt out of range,INT : 60.00[Hz],SLOW,1,2025/6/19,15:27:13,,,,,,,,,,,,,,,,,,,,
448,2164.9709,2299.1477,3974.8926,0.256543195,0.272442783,2299.1477,0.178271771,0.425970874,15715.01173,0.007527326,480.579153,31.40808624,6.54,2:Δt out of range,INT : 60.00[Hz],SLOW,1,2025/6/19,15:27:14,,,,,,,,,,,,,,,,,,,,
449,2164.8472,2299.0369,3974.666,0.256542555,0.27244454,2299.0369,0.178270633,0.425971966,15714.80765,0.007528644,480.5796363,31.4080875,6.55,2:Δt out of range,INT : 60.00[Hz],SLOW,1,2025/6/19,15:27:15,,,,,,,,,,,,,,,,,,,,
450,2164.5369,2298.6807,3974.1814,0.256540778,0.272439492,2298.6807,0.178271164,0.425968293,15716.26632,0.00752731,480.5788599,31.40923344,6.53,2:Δt out of range,INT : 60.00[Hz],SLOW,1,2025/6/19,15:27:16,,,,,,,,,,,,,,,,,,,,
451,2164.4775,2298.6257,3974.1047,0.256539548,0.272439144,2298.6257,0.178270363,0.425967876,15716.6338,0.007527969,480.5789937,31.40966417,6.55,2:Δt out of range,INT : 60.00[Hz],SLOW,1,2025/6/19,15:27:17,,,,,,,,,,,,,,,,,,,,
452,2164.2078,2298.3384,3973.5449,0.25654154,0.272441155,2298.3384,0.178271123,0.425969529,15715.74326,0.007527629,480.5790856,31.40879984,6.54,2:Δt out of range,INT : 60.00[Hz],SLOW,1,2025/6/19,15:27:18,,,,,,,,,,,,,,,,,,,,
453,2164.0234,2298.1653,3973.1646,0.256542118,0.272444463,2298.1653,0.178270331,0.425971849,15714.92863,0.007528901,480.5796937,31.40823514,6.56,2:Δt out of range,INT : 60.00[Hz],SLOW,1,2025/6/19,15:27:19,,,,,,,,,,,,,,,,,,,,
454,2163.9036,2298.0381,3973.0686,0.256538347,0.272440462,2298.0381,0.178268964,0.425968588,15716.6543,0.007529445,480.5794779,31.4098939,6.55,2:Δt out of range,INT : 60.00[Hz],SLOW,1,2025/6/19,15:27:20,,,,,,,,,,,,,,,,,,,,
455,2163.666,2297.7913,3972.646,0.256537764,0.272440498,2297.7913,0.178268509,0.425968526,15716.78756,0.007529859,480.5795843,31.41007506,6.53,2:Δt out of range,INT : 60.00[Hz],SLOW,1,2025/6/19,15:27:21,,,,,,,,,,,,,,,,,,,,
456,2163.6174,2297.728,3972.5898,0.256537114,0.272438422,2297.728,0.178268789,0.425967028,15717.36779,0.007529255,480.5792513,31.41052036,6.58,2:Δt out of range,INT : 60.00[Hz],SLOW,1,2025/6/19,15:27:22,,,,,,,,,,,,,,,,,,,,
457,2163.4243,2297.5225,3972.2219,0.256537534,0.272438817,2297.5225,0.17826896,0.425967356,15717.18624,0.007529169,480.5792645,31.41034177,6.54,2:Δt out of range,INT : 60.00[Hz],SLOW,1,2025/6/19,15:27:23,,,,,,,,,,,,,,,,,,,,
458,2163.1946,2297.2922,3971.8049,0.256536974,0.27243984,2297.2922,0.178268156,0.425967965,15717.11215,0.007530063,480.5795775,31.41040159,6.53,2:Δt out of range,INT : 60.00[Hz],SLOW,1,2025/6/19,15:27:24,,,,,,,,,,,,,,,,,,,,
459,2163.0112,2297.0896,3971.4875,0.256536624,0.272438539,2297.0896,0.178268375,0.425967035,15717.46209,0.007529647,480.5793592,31.41066261,6.56,2:Δt out of range,INT : 60.00[Hz],SLOW,1,2025/6/19,15:27:25,,,,,,,,,,,,,,,,,,,,
460,2162.9282,2296.9995,3971.4412,0.256533456,0.272434942,2296.9995,0.178267313,0.425964136,15718.96055,0.007529986,480.5791279,31.41208352,6.54,2:Δt out of range,INT : 60.00[Hz],SLOW,1,2025/6/19,15:27:26,,,,,,,,,,,,,,,,,,,,
461,2162.6572,2296.7126,3970.9309,0.256533815,0.27243543,2296.7126,0.178267404,0.425964519,15718.77423,0.007529988,480.5791712,31.41191315,6.54,2:Δt out of range,INT : 60.00[Hz],SLOW,1,2025/6/19,15:27:27,,,,,,,,,,,,,,,,,,,,
462,2162.5093,2296.5562,3970.6731,0.256533376,0.272435043,2296.5562,0.178267215,0.425964192,15718.95921,0.007530091,480.5791629,31.41209728,6.57,2:Δt out of range,INT : 60.00[Hz],SLOW,1,2025/6/19,15:27:28,,,,,,,,,,,,,,,,,,,,
463,2162.2458,2296.2776,3970.2515,0.256531444,0.272433139,2296.2776,0.178266461,0.42596262,15719.81393,0.007530443,480.5790833,31.41293021,6.56,2:Δt out of range,INT : 60.00[Hz],SLOW,1,2025/6/19,15:27:29,,,,,,,,,,,,,,,,,,,,
464,2162.1873,2296.2263,3970.1477,0.256531005,0.272433956,2296.2263,0.178265825,0.425963107,15719.75291,0.007531152,480.5793321,31.41297567,6.55,2:Δt out of range,INT : 60.00[Hz],SLOW,1,2025/6/19,15:27:30,,,,,,,,,,,,,,,,,,,,
465,2161.9934,2296.0088,3969.8699,0.256528976,0.272430428,2296.0088,0.178265601,0.425960423,15720.96297,0.007530753,480.5789225,31.41402662,6.56,2:Δt out of range,INT : 60.00[Hz],SLOW,1,2025/6/19,15:27:31,,,,,,,,,,,,,,,,,,,,
466,2162.0034,2296.0369,3969.8857,0.256528522,0.272432019,2296.0369,0.178264665,0.425961431,15720.74727,0.007531861,480.5793389,31.41398752,6.54,2:Δt out of range,INT : 60.00[Hz],SLOW,1,2025/6/19,15:27:32,,,,,,,,,,,,,,,,,,,,
467,2161.7683,2295.7803,3969.4646,0.25652841,0.272431079,2295.7803,0.17826493,0.425960779,15720.9663,0.007531464,480.5791572,31.41413129,6.55,2:Δt out of range,INT : 60.00[Hz],SLOW,1,2025/6/19,15:27:33,,,,,,,,,,,,,,,,,,,,
468,2161.5227,2295.53,3969.0232,0.256527798,0.272431678,2295.53,0.178264245,0.425961094,15720.99143,0.00753218,480.5793885,31.41425665,6.55,2:Δt out of range,INT : 60.00[Hz],SLOW,1,2025/6/19,15:27:34,,,,,,,,,,,,,,,,,,,,
469,2161.3096,2295.2954,3968.5813,0.256529592,0.272432599,2295.2954,0.17826526,0.425961981,15720.37098,0.007531427,480.5792816,31.413581,6.54,2:Δt out of range,INT : 60.00[Hz],SLOW,1,2025/6/19,15:27:35,,,,,,,,,,,,,,,,,,,,
470,2161.238,2295.2141,3968.5269,0.256527405,0.272429652,2295.2141,0.1782647,0.425959667,15721.50025,0.007531428,480.5790229,31.414615,6.55,2:Δt out of range,INT : 60.00[Hz],SLOW,1,2025/6/19,15:27:36,,,,,,,,,,,,,,,,,,,,
471,2160.9851,2294.9648,3968.0374,0.256527583,0.27243213,2294.9648,0.178263914,0.425961366,15720.95125,0.007532553,480.5795213,31.41427317,6.55,2:Δt out of range,INT : 60.00[Hz],SLOW,1,2025/6/19,15:27:37,,,,,,,,,,,,,,,,,,,,
472,2160.8855,2294.8643,3967.8923,0.256526271,0.272431363,2294.8643,0.178263206,0.425960655,15721.4241,0.007533057,480.5795796,31.41477805,6.52,2:Δt out of range,INT : 60.00[Hz],SLOW,1,2025/6/19,15:27:38,,,,,,,,,,,,,,,,,,,,
473,2160.7849,2294.7378,3967.7881,0.256524418,0.27242706,2294.7378,0.178263402,0.425957474,15722.75034,0.00753215,480.5789752,31.41586247,6.55,2:Δt out of range,INT : 60.00[Hz],SLOW,1,2025/6/19,15:27:39,,,,,,,,,,,,,,,,,,,,
474,2160.6252,2294.5847,3967.4697,0.256524681,0.272429299,2294.5847,0.17826277,0.425959025,15722.22935,0.007533097,480.5794083,31.41552095,6.54,2:Δt out of range,INT : 60.00[Hz],SLOW,1,2025/6/19,15:27:40,,,,,,,,,,,,,,,,,,,,
475,2160.5,2294.4592,3967.2451,0.256524293,0.272429772,2294.4592,0.1782623,0.425959287,15722.22641,0.007533599,480.579575,31.41558993,6.54,2:Δt out of range,INT : 60.00[Hz],SLOW,1,2025/6/19,15:27:41,,,,,,,,,,,,,,,,,,,,
476,2160.2632,2294.1863,3966.8535,0.256523628,0.272426524,2294.1863,0.178263004,0.425956994,15723.05053,0.007532415,480.5789943,31.41617518,6.55,2:Δt out of range,INT : 60.00[Hz],SLOW,1,2025/6/19,15:27:42,,,,,,,,,,,,,,,,,,,,
477,2160.1829,2294.1226,3966.7185,0.256522592,0.272427985,2294.1226,0.178261676,0.425957828,15723.00193,0.007533853,480.5794814,31.41633618,6.57,2:Δt out of range,INT : 60.00[Hz],SLOW,1,2025/6/19,15:27:43,,,,,,,,,,,,,,,,,,,,
478,2159.969,2293.8967,3966.3198,0.256522733,0.272428286,2293.8967,0.178261672,0.425958052,15722.9063,0.007533908,480.5795215,31.4162565,6.57,2:Δt out of range,INT : 60.00[Hz],SLOW,1,2025/6/19,15:27:44,,,,,,,,,,,,,,,,,,,,
479,2159.7305,2293.6418,3966.0088,0.256518914,0.272424038,2293.6418,0.17826036,0.425954618,15724.69561,0.007534362,480.5792615,31.4179589,6.56,2:Δt out of range,INT : 60.00[Hz],SLOW,1,2025/6/19,15:27:45,,,,,,,,,,,,,,,,,,,,
480,2159.4614,2293.3596,3965.4946,0.256519416,0.272424997,2293.3596,0.178260383,0.425955339,15724.37876,0.007534503,480.5793811,31.41768923,6.54,2:Δt out of range,INT : 60.00[Hz],SLOW,1,2025/6/19,15:27:46,,,,,,,,,,,,,,,,,,,,
481,2159.4639,2293.3616,3965.4749,0.256520176,0.272425726,2293.3616,0.178260688,0.425955944,15724.04628,0.007534355,480.5794081,31.41736373,6.54,2:Δt out of range,INT : 60.00[Hz],SLOW,1,2025/6/19,15:27:47,,,,,,,,,,,,,,,,,,,,
482,2159.2109,2293.0845,3965.1323,0.256516715,0.272421051,2293.0845,0.178259805,0.425952274,15725.83708,0.007534351,480.5789963,31.4190018,6.56,2:Δt out of range,INT : 60.00[Hz],SLOW,1,2025/6/19,15:27:48,,,,,,,,,,,,,,,,,,,,
483,2159.1318,2293.009,3964.9246,0.256518359,0.272423807,2293.009,0.178260025,0.425954379,15724.87703,0.007534622,480.5793062,31.41816215,6.56,2:Δt out of range,INT : 60.00[Hz],SLOW,1,2025/6/19,15:27:49,,,,,,,,,,,,,,,,,,,,
484,2158.8523,2292.7158,3964.4229,0.256517896,0.272423747,2292.7158,0.178259697,0.42595427,15725.00108,0.007534906,480.5793716,31.41831619,6.55,2:Δt out of range,INT : 60.00[Hz],SLOW,1,2025/6/19,15:27:50,,,,,,,,,,,,,,,,,,,,
485,2158.6223,2292.4788,3964.0356,0.256516605,0.272423239,2292.4788,0.178258909,0.425953736,15725.41604,0.007535525,480.5794816,31.41878447,6.58,2:Δt out of range,INT : 60.00[Hz],SLOW,1,2025/6/19,15:27:51,,,,,,,,,,,,,,,,,,,,
486,2158.4854,2292.3311,3963.739,0.256518054,0.272424503,2292.3311,0.178259536,0.425954804,15724.80829,0.007535179,480.5795062,31.41817881,6.56,2:Δt out of range,INT : 60.00[Hz],SLOW,1,2025/6/19,15:27:52,,,,,,,,,,,,,,,,,,,,
487,2158.2554,2292.0764,3963.3704,0.256516733,0.27242186,2292.0764,0.178259519,0.425952823,15725.66734,0.007534745,480.5791657,31.41890287,6.55,2:Δt out of range,INT : 60.00[Hz],SLOW,1,2025/6/19,15:27:53,,,,,,,,,,,,,,,,,,,,
488,2158.2061,2292.0403,3963.2698,0.256516544,0.272423591,2292.0403,0.178258732,0.425953965,15725.35884,0.007535744,480.5795671,31.41876336,6.54,2:Δt out of range,INT : 60.00[Hz],SLOW,1,2025/6/19,15:27:54,,,,,,,,,,,,,,,,,,,,
489,2158.0327,2291.8628,3962.9519,0.256516325,0.27242415,2291.8628,0.178258359,0.42595431,15725.29753,0.007536173,480.5797232,31.4187686,6.53,2:Δt out of range,INT : 60.00[Hz],SLOW,1,2025/6/19,15:27:55,,,,,,,,,,,,,,,,,,,,
490,2157.9009,2291.738,3962.7476,0.256514712,0.27242424,2291.738,0.178257104,0.425954132,15725.6683,0.007537312,480.5800153,31.4192707,6.57,2:Δt out of range,INT : 60.00[Hz],SLOW,1,2025/6/19,15:27:56,,,,,,,,,,,,,,,,,,,,
491,2157.7681,2291.5972,3962.5986,0.256511812,0.272421188,2291.5972,0.178256043,0.425951641,15726.99213,0.007537744,480.5798548,31.42054359,6.56,2:Δt out of range,INT : 60.00[Hz],SLOW,1,2025/6/19,15:27:57,,,,,,,,,,,,,,,,,,,,
492,2157.603,2291.4233,3962.2449,0.256513308,0.272422948,2291.4233,0.178256522,0.425953051,15726.27115,0.007537614,480.5799772,31.4198655,6.52,2:Δt out of range,INT : 60.00[Hz],SLOW,1,2025/6/19,15:27:58,,,,,,,,,,,,,,,,,,,,
493,2157.3655,2291.156,3961.8589,0.256512238,0.27242002,2291.156,0.1782568,0.425950915,15727.128,0.007536868,480.5795336,31.42054262,6.54,2:Δt out of range,INT : 60.00[Hz],SLOW,1,2025/6/19,15:27:59,,,,,,,,,,,,,,,,,,,,
494,2157.2122,2290.9905,3961.606,0.256511447,0.27241886,2290.9905,0.178256633,0.425950014,15727.55615,0.00753682,480.5794199,31.42092753,6.58,2:Δt out of range,INT : 60.00[Hz],SLOW,1,2025/6/19,15:28:00,,,,,,,,,,,,,,,,,,,,
495,2157.0945,2290.8647,3961.3845,0.256511635,0.272418964,2290.8647,0.178256736,0.425950112,15727.4896,0.007536746,480.5794104,31.42085595,6.58,2:Δt out of range,INT : 60.00[Hz],SLOW,1,2025/6/19,15:28:01,,,,,,,,,,,,,,,,,,,,
496,2156.9902,2290.7886,3961.1899,0.256510671,0.272422063,2290.7886,0.178254855,0.425952063,15727.08863,0.007538957,480.5802344,31.42080535,6.56,2:Δt out of range,INT : 60.00[Hz],SLOW,1,2025/6/19,15:28:02,,,,,,,,,,,,,,,,,,,,
497,2156.908,2290.698,3961.0894,0.256509232,0.272420143,2290.698,0.17825448,0.425950553,15727.82845,0.007538967,480.5800681,31.4214835,6.56,2:Δt out of range,INT : 60.00[Hz],SLOW,1,2025/6/19,15:28:03,,,,,,,,,,,,,,,,,,,,
498,2156.7322,2290.512,3960.7749,0.256508956,0.272419933,2290.512,0.178254348,0.42595037,15727.93798,0.007539049,480.5800701,31.4215954,6.59,2:Δt out of range,INT : 60.00[Hz],SLOW,1,2025/6/19,15:28:04,,,,,,,,,,,,,,,,,,,,
499,2156.5283,2290.3018,3960.3606,0.256509978,0.272421773,2290.3018,0.178254438,0.425951765,15727.31499,0.007539281,480.5802898,31.42105876,6.57,2:Δt out of range,INT : 60.00[Hz],SLOW,1,2025/6/19,15:28:05,,,,,,,,,,,,,,,,,,,,
500,2156.3381,2290.1147,3960.0508,0.256508318,0.272421783,2290.1147,0.178253178,0.425951526,15727.71353,0.007540412,480.5805726,31.42158489,6.56,2:Δt out of range,INT : 60.00[Hz],SLOW,1,2025/6/19,15:28:06,,,,,,,,,,,,,,,,,,,,
501,2156.2292,2289.9797,3959.929,0.256506522,0.272417575,2289.9797,0.178253383,0.425948417,15729.00759,0.007539513,480.5799786,31.42264006,6.55,2:Δt out of range,INT : 60.00[Hz],SLOW,1,2025/6/19,15:28:07,,,,,,,,,,,,,,,,,,,,
502,2156.1074,2289.8518,3959.729,0.256505755,0.272416933,2289.8518,0.178253041,0.42594787,15729.32403,0.007539711,480.5799715,31.4229577,6.55,2:Δt out of range,INT : 60.00[Hz],SLOW,1,2025/6/19,15:28:08,,,,,,,,,,,,,,,,,,,,
503,2155.8831,2289.6262,3959.3098,0.256505592,0.272418261,2289.6262,0.178252424,0.425948743,15729.09186,0.007540489,480.5802823,31.42285661,6.56,2:Δt out of range,INT : 60.00[Hz],SLOW,1,2025/6/19,15:28:09,,,,,,,,,,,,,,,,,,,,
504,2155.6658,2289.3718,3958.9121,0.256506271,0.272416171,2289.3718,0.178253714,0.425947431,15729.35537,0.007538978,480.5797218,31.42288158,6.58,2:Δt out of range,INT : 60.00[Hz],SLOW,1,2025/6/19,15:28:10,,,,,,,,,,,,,,,,,,,,
505,2155.4929,2289.2141,3958.6042,0.256505186,0.272418103,2289.2141,0.178252175,0.425948576,15729.22209,0.007540685,480.5803175,31.42300382,6.58,2:Δt out of range,INT : 60.00[Hz],SLOW,1,2025/6/19,15:28:11,,,,,,,,,,,,,,,,,,,,
506,2155.52,2289.2617,3958.6182,0.256505703,0.272420892,2289.2617,0.17825153,0.425950537,15728.52678,0.007541737,480.5808248,31.42251822,6.56,2:Δt out of range,INT : 60.00[Hz],SLOW,1,2025/6/19,15:28:12,,,,,,,,,,,,,,,,,,,,
507,2155.2932,2289.0042,3958.3418,0.256501933,0.27241491,2289.0042,0.1782509,0.425945937,15730.66049,0.007541284,480.5801863,31.42440488,6.59,2:Δt out of range,INT : 60.00[Hz],SLOW,1,2025/6/19,15:28:13,,,,,,,,,,,,,,,,,,,,
508,2155.0837,2288.7793,3957.8987,0.256503788,0.272416593,2288.7793,0.178251678,0.425947349,15729.86844,0.007540874,480.5802318,31.42362186,6.57,2:Δt out of range,INT : 60.00[Hz],SLOW,1,2025/6/19,15:28:14,,,,,,,,,,,,,,,,,,,,
509,2154.8469,2288.532,3957.5291,0.256501666,0.272414839,2288.532,0.178250724,0.42594585,15730.73947,0.00754143,480.5802164,31.42449789,6.54,2:Δt out of range,INT : 60.00[Hz],SLOW,1,2025/6/19,15:28:15,,,,,,,,,,,,,,,,,,,,
510,2154.8218,2288.4954,3957.5015,0.256501405,0.272413378,2288.4954,0.178251069,0.425944824,15731.10144,0.007540872,480.579949,31.42474915,6.55,2:Δt out of range,INT : 60.00[Hz],SLOW,1,2025/6/19,15:28:16,,,,,,,,,,,,,,,,,,,,
511,2154.5862,2288.2825,3957.0022,0.256502299,0.27241877,2288.2825,0.178249742,0.425948599,15729.78241,0.007542977,480.5809478,31.42384398,6.58,2:Δt out of range,INT : 60.00[Hz],SLOW,1,2025/6/19,15:28:17,,,,,,,,,,,,,,,,,,,,
512,2154.3831,2288.0654,3956.6506,0.256501688,0.272417955,2288.0654,0.178249583,0.425947958,15730.09666,0.007542982,480.5808772,31.42413196,6.58,2:Δt out of range,INT : 60.00[Hz],SLOW,1,2025/6/19,15:28:18,,,,,,,,,,,,,,,,,,,,
513,2154.3113,2287.9937,3956.5234,0.256501407,0.272418198,2287.9937,0.178249279,0.425948081,15730.11485,0.007543295,480.5809767,31.42419339,6.58,2:Δt out of range,INT : 60.00[Hz],SLOW,1,2025/6/19,15:28:19,,,,,,,,,,,,,,,,,,,,
514,2154.1646,2287.8372,3956.2832,0.256500536,0.27241719,2287.8372,0.178248995,0.425947271,15730.53144,0.007543379,480.580909,31.42458631,6.57,2:Δt out of range,INT : 60.00[Hz],SLOW,1,2025/6/19,15:28:20,,,,,,,,,,,,,,,,,,,,
515,2153.9373,2287.5999,3955.9187,0.256498793,0.272415828,2287.5999,0.178248182,0.425946093,15731.23087,0.007543875,480.5809132,31.42529688,6.58,2:Δt out of range,INT : 60.00[Hz],SLOW,1,2025/6/19,15:28:21,,,,,,,,,,,,,,,,,,,,
516,2153.8147,2287.4622,3955.6912,0.256499093,0.272415254,2287.4622,0.178248622,0.42594575,15731.27575,0.007543384,480.5807401,31.42526759,6.58,2:Δt out of range,INT : 60.00[Hz],SLOW,1,2025/6/19,15:28:22,,,,,,,,,,,,,,,,,,,,
517,2153.5815,2287.217,3955.342,0.256496601,0.272412902,2287.217,0.17824761,0.425943792,15732.35866,0.00754389,480.5806598,31.4263301,6.57,2:Δt out of range,INT : 60.00[Hz],SLOW,1,2025/6/19,15:28:23,,,,,,,,,,,,,,,,,,,,
518,2153.4849,2287.1392,3955.0952,0.256497963,0.272417302,2287.1392,0.178247006,0.425946966,15731.12948,0.007545179,480.5813678,31.42539058,6.57,2:Δt out of range,INT : 60.00[Hz],SLOW,1,2025/6/19,15:28:24,,,,,,,,,,,,,,,,,,,,
519,2153.2813,2286.9146,3954.7646,0.256496895,0.272415171,2286.9146,0.178246989,0.425945368,15731.82345,0.007544832,480.581094,31.42597545,6.57,2:Δt out of range,INT : 60.00[Hz],SLOW,1,2025/6/19,15:28:25,,,,,,,,,,,,,,,,,,,,
520,2153.2517,2286.853,3954.7192,0.256497542,0.272412266,2286.853,0.178248559,0.425943501,15732.26155,0.007542932,480.5803649,31.4261043,6.58,2:Δt out of range,INT : 60.00[Hz],SLOW,1,2025/6/19,15:28:26,,,,,,,,,,,,,,,,,,,,
521,2153.0837,2286.6868,3954.4802,0.256495044,0.272411068,2286.6868,0.178247113,0.425942322,15733.11,0.007544024,480.580532,31.42703607,6.56,2:Δt out of range,INT : 60.00[Hz],SLOW,1,2025/6/19,15:28:27,,,,,,,,,,,,,,,,,,,,
522,2152.8687,2286.4858,3954.0359,0.256495718,0.272415042,2286.4858,0.178246147,0.425945107,15732.13383,0.007545565,480.5812655,31.42636401,6.55,2:Δt out of range,INT : 60.00[Hz],SLOW,1,2025/6/19,15:28:28,,,,,,,,,,,,,,,,,,,,
523,2152.8074,2286.4336,3953.9375,0.25649489,0.2724157,2286.4336,0.178245276,0.425945429,15732.19901,0.007546457,480.5815458,31.4265512,6.6,2:Δt out of range,INT : 60.00[Hz],SLOW,1,2025/6/19,15:28:29,,,,,,,,,,,,,,,,,,,,
524,2152.647,2286.269,3953.7246,0.256492218,0.272413548,2286.269,0.178244053,0.425943579,15733.28491,0.007547187,480.5815386,31.42764823,6.58,2:Δt out of range,INT : 60.00[Hz],SLOW,1,2025/6/19,15:28:30,,,,,,,,,,,,,,,,,,,,
525,2152.3796,2285.9868,3953.2627,0.256491269,0.272412755,2285.9868,0.17824363,0.425942903,15733.67618,0.007547431,480.5815299,31.42804083,6.61,2:Δt out of range,INT : 60.00[Hz],SLOW,1,2025/6/19,15:28:31,,,,,,,,,,,,,,,,,,,,
526,2152.3853,2285.9756,3953.2959,0.256491102,0.272410521,2285.9756,0.178244333,0.425941369,15734.17385,0.007546422,480.5810818,31.42835131,6.58,2:Δt out of range,INT : 60.00[Hz],SLOW,1,2025/6/19,15:28:32,,,,,,,,,,,,,,,,,,,,
527,2152.2566,2285.8372,3952.9966,0.256493077,0.272412415,2285.8372,0.178245124,0.425942941,15733.30913,0.007546034,480.5811517,31.42750557,6.57,2:Δt out of range,INT : 60.00[Hz],SLOW,1,2025/6/19,15:28:33,,,,,,,,,,,,,,,,,,,,
528,2152.0063,2285.5769,3952.6501,0.256489447,0.272409219,2285.5769,0.178243564,0.425940245,15734.84002,0.007546889,480.5810839,31.42902699,6.57,2:Δt out of range,INT : 60.00[Hz],SLOW,1,2025/6/19,15:28:34,,,,,,,,,,,,,,,,,,,,
529,2151.9333,2285.4988,3952.4888,0.256490297,0.272410053,2285.4988,0.178243897,0.425940934,15734.46405,0.007546732,480.5811182,31.42866101,6.6,2:Δt out of range,INT : 60.00[Hz],SLOW,1,2025/6/19,15:28:35,,,,,,,,,,,,,,,,,,,,
530,2151.7407,2285.3013,3952.1514,0.256489581,0.272410134,2285.3013,0.178243326,0.425940883,15734.62031,0.007547258,480.5812565,31.42887903,6.59,2:Δt out of range,INT : 60.00[Hz],SLOW,1,2025/6/19,15:28:36,,,,,,,,,,,,,,,,,,,,
531,2151.6592,2285.2275,3951.9636,0.256490356,0.272412478,2285.2275,0.178243041,0.425942581,15733.95333,0.007547911,480.5816253,31.42836283,6.58,2:Δt out of range,INT : 60.00[Hz],SLOW,1,2025/6/19,15:28:37,,,,,,,,,,,,,,,,,,,,
532,2151.5381,2285.1177,3951.7927,0.256488205,0.272412437,2285.1177,0.178241429,0.425942235,15734.48113,0.007549349,480.5819802,31.42905084,6.59,2:Δt out of range,INT : 60.00[Hz],SLOW,1,2025/6/19,15:28:38,,,,,,,,,,,,,,,,,,,,
533,2151.4124,2284.9805,3951.5593,0.256488395,0.272412199,2284.9805,0.178241661,0.425942102,15734.48406,0.0075491,480.5818971,31.42901792,6.6,2:Δt out of range,INT : 60.00[Hz],SLOW,1,2025/6/19,15:28:39,,,,,,,,,,,,,,,,,,,,
534,2151.198,2284.7634,3951.1538,0.256488429,0.272413499,2284.7634,0.178241203,0.425942986,15734.20973,0.007549731,480.5821689,31.42885747,6.59,2:Δt out of range,INT : 60.00[Hz],SLOW,1,2025/6/19,15:28:40,,,,,,,,,,,,,,,,,,,,
535,2151.0417,2284.592,3950.918,0.256487026,0.272411365,2284.592,0.178240934,0.425941336,15734.98541,0.00754961,480.5819511,31.42954903,6.56,2:Δt out of range,INT : 60.00[Hz],SLOW,1,2025/6/19,15:28:41,,,,,,,,,,,,,,,,,,,,
536,2150.8455,2284.385,3950.6147,0.256485238,0.272409631,2284.385,0.178240225,0.4259399,15735.77218,0.00754995,480.5818835,31.4303167,6.56,2:Δt out of range,INT : 60.00[Hz],SLOW,1,2025/6/19,15:28:42,,,,,,,,,,,,,,,,,,,,
537,2150.7366,2284.2705,3950.3911,0.256485923,0.272410498,2284.2705,0.178240422,0.425940587,15735.42917,0.007549921,480.5819524,31.42999908,6.62,2:Δt out of range,INT : 60.00[Hz],SLOW,1,2025/6/19,15:28:43,,,,,,,,,,,,,,,,,,,,
538,2150.6226,2284.1497,3950.1804,0.256485955,0.272410565,2284.1497,0.178240421,0.425940637,15735.40791,0.007549933,480.5819613,31.42998138,6.56,2:Δt out of range,INT : 60.00[Hz],SLOW,1,2025/6/19,15:28:44,,,,,,,,,,,,,,,,,,,,
539,2150.3328,2283.8384,3949.7085,0.256484215,0.272408298,2283.8384,0.178239946,0.425938848,15736.29232,0.007549974,480.5817722,31.43079532,6.6,2:Δt out of range,INT : 60.00[Hz],SLOW,1,2025/6/19,15:28:45,,,,,,,,,,,,,,,,,,,,
540,2150.1379,2283.6541,3949.3281,0.256484206,0.272410996,2283.6541,0.178238937,0.42594067,15735.74197,0.007551336,480.5823491,31.43048734,6.58,2:Δt out of range,INT : 60.00[Hz],SLOW,1,2025/6/19,15:28:46,,,,,,,,,,,,,,,,,,,,
541,2150.1792,2283.7117,3949.3828,0.256484433,0.272412876,2283.7117,0.17823841,0.425941973,15735.30229,0.007552127,480.5827116,31.43019869,6.57,2:Δt out of range,INT : 60.00[Hz],SLOW,1,2025/6/19,15:28:47,,,,,,,,,,,,,,,,,,,,
542,2149.9661,2283.4773,3949.0259,0.256483624,0.272411054,2283.4773,0.178238475,0.425940623,15735.87073,0.00755176,480.5824599,31.43066562,6.6,2:Δt out of range,INT : 60.00[Hz],SLOW,1,2025/6/19,15:28:48,,,,,,,,,,,,,,,,,,,,
543,2149.6907,2283.1897,3948.5742,0.256481816,0.27240972,2283.1897,0.178237603,0.425939454,15736.58043,0.007552315,480.5824808,31.4313934,6.56,2:Δt out of range,INT : 60.00[Hz],SLOW,1,2025/6/19,15:28:49,,,,,,,,,,,,,,,,,,,,
544,2149.5776,2283.0654,3948.3806,0.256481511,0.272408898,2283.0654,0.178237677,0.425938853,15736.82248,0.007552108,480.582357,31.431585,6.61,2:Δt out of range,INT : 60.00[Hz],SLOW,1,2025/6/19,15:28:50,,,,,,,,,,,,,,,,,,,,
545,2149.4446,2282.9358,3948.1428,0.256480956,0.272409699,2282.9358,0.178236959,0.425939312,15736.79265,0.007552887,480.5826218,31.43166926,6.58,2:Δt out of range,INT : 60.00[Hz],SLOW,1,2025/6/19,15:28:51,,,,,,,,,,,,,,,,,,,,
546,2149.2813,2282.7698,3947.8711,0.256479863,0.272409426,2282.7698,0.178236234,0.425938966,15737.1123,0.007553491,480.5827484,31.43204768,6.6,2:Δt out of range,INT : 60.00[Hz],SLOW,1,2025/6/19,15:28:52,,,,,,,,,,,,,,,,,,,,
547,2149.2361,2282.708,3947.8105,0.256479599,0.2724075,2282.708,0.17823675,0.425937626,15737.57066,0.007552702,480.5823822,31.43235351,6.6,2:Δt out of range,INT : 60.00[Hz],SLOW,1,2025/6/19,15:28:53,,,,,,,,,,,,,,,,,,,,
548,2149.0054,2282.4736,3947.4063,0.256478675,0.272407787,2282.4736,0.178235944,0.425937683,15737.73512,0.007553473,480.5825996,31.43261401,6.61,2:Δt out of range,INT : 60.00[Hz],SLOW,1,2025/6/19,15:28:54,,,,,,,,,,,,,,,,,,,,
549,2148.8867,2282.3711,3947.1462,0.256479241,0.272411201,2282.3711,0.178235103,0.425940074,15736.89909,0.007554805,480.5832321,31.43204086,6.6,2:Δt out of range,INT : 60.00[Hz],SLOW,1,2025/6/19,15:28:55,,,,,,,,,,,,,,,,,,,,
550,2148.7451,2282.2246,3946.8862,0.256479119,0.272411537,2282.2246,0.178234886,0.425940282,15736.85995,0.007555057,480.5833242,31.43204106,6.59,2:Δt out of range,INT : 60.00[Hz],SLOW,1,2025/6/19,15:28:56,,,,,,,,,,,,,,,,,,,,
551,2148.6729,2282.1387,3946.814,0.256477551,0.272408772,2282.1387,0.178234727,0.425938182,15737.80483,0.00755473,480.5829996,31.43285753,6.61,2:Δt out of range,INT : 60.00[Hz],SLOW,1,2025/6/19,15:28:57,,,,,,,,,,,,,,,,,,,,
552,2148.5745,2282.0469,3946.6362,0.256477072,0.27240978,2282.0469,0.17823399,0.425938792,15737.71416,0.007555562,480.5832956,31.4328937,6.59,2:Δt out of range,INT : 60.00[Hz],SLOW,1,2025/6/19,15:28:58,,,,,,,,,,,,,,,,,,,,
553,2148.4055,2281.8657,3946.3828,0.256475378,0.272407778,2281.8657,0.178233451,0.425937189,15738.5335,0.007555703,480.583155,31.4336625,6.58,2:Δt out of range,INT : 60.00[Hz],SLOW,1,2025/6/19,15:28:59,,,,,,,,,,,,,,,,,,,,
554,2148.2737,2281.7373,3946.1182,0.256475712,0.272409516,2281.7373,0.178233058,0.425938412,15738.09678,0.007556351,480.5834692,31.43335616,6.59,2:Δt out of range,INT : 60.00[Hz],SLOW,1,2025/6/19,15:29:00,,,,,,,,,,,,,,,,,,,,
555,2148.0864,2281.5291,3945.7957,0.256475336,0.27240801,2281.5291,0.178233333,0.42593734,15738.49602,0.007555849,480.5832117,31.43364908,6.62,2:Δt out of range,INT : 60.00[Hz],SLOW,1,2025/6/19,15:29:01,,,,,,,,,,,,,,,,,,,,
556,2147.9692,2281.4219,3945.5752,0.256474966,0.272409681,2281.4219,0.178232433,0.425938414,15738.24303,0.00755694,480.5836305,31.43357398,6.58,2:Δt out of range,INT : 60.00[Hz],SLOW,1,2025/6/19,15:29:02,,,,,,,,,,,,,,,,,,,,
557,2147.8733,2281.3228,3945.4614,0.256472972,0.272407893,2281.3228,0.178231588,0.42593691,15739.09117,0.007557392,480.5835861,31.43441351,6.58,2:Δt out of range,INT : 60.00[Hz],SLOW,1,2025/6/19,15:29:03,,,,,,,,,,,,,,,,,,,,
558,2147.6414,2281.074,3944.9949,0.25647429,0.272408994,2281.074,0.178232176,0.425937849,15738.54726,0.007557053,480.5835984,31.43386813,6.58,2:Δt out of range,INT : 60.00[Hz],SLOW,1,2025/6/19,15:29:04,,,,,,,,,,,,,,,,,,,,
559,2147.5557,2280.9976,3944.7979,0.256475054,0.272411552,2280.9976,0.178231804,0.425939691,15737.83865,0.007557821,480.5840147,31.43333064,6.63,2:Δt out of range,INT : 60.00[Hz],SLOW,1,2025/6/19,15:29:05,,,,,,,,,,,,,,,,,,,,
560,2147.4573,2280.8879,3944.6931,0.256472886,0.272408631,2280.8879,0.178231249,0.425937396,15738.96066,0.007557822,480.5837581,31.43435574,6.59,2:Δt out of range,INT : 60.00[Hz],SLOW,1,2025/6/19,15:29:06,,,,,,,,,,,,,,,,,,,,
561,2147.364,2280.7817,3944.5107,0.256473441,0.272408372,2280.7817,0.178231765,0.425937304,15738.87959,0.007557315,480.5836091,31.43420923,6.58,2:Δt out of range,INT : 60.00[Hz],SLOW,1,2025/6/19,15:29:07,,,,,,,,,,,,,,,,,,,,
562,2147.1743,2280.5732,3944.2625,0.256470585,0.2724045,2280.5732,0.178231041,0.425934265,15740.36294,0.007557306,480.5832663,31.43556268,6.6,2:Δt out of range,INT : 60.00[Hz],SLOW,1,2025/6/19,15:29:08,,,,,,,,,,,,,,,,,,,,
563,2147.062,2280.489,3944.0337,0.2564702,0.272408281,2280.489,0.178229345,0.425936763,15739.68135,0.007559468,480.5841377,31.43524948,6.6,2:Δt out of range,INT : 60.00[Hz],SLOW,1,2025/6/19,15:29:09,,,,,,,,,,,,,,,,,,,,
564,2146.8997,2280.3044,3943.7825,0.256469136,0.272405692,2280.3044,0.178229502,0.425934856,15740.46879,0.007558887,480.5837654,31.43588564,6.61,2:Δt out of range,INT : 60.00[Hz],SLOW,1,2025/6/19,15:29:10,,,,,,,,,,,,,,,,,,,,
565,2146.6838,2280.0747,3943.3684,0.256469684,0.272406228,2280.0747,0.178229718,0.425935299,15740.22655,0.007558785,480.5837871,31.43564982,6.59,2:Δt out of range,INT : 60.00[Hz],SLOW,1,2025/6/19,15:29:11,,,,,,,,,,,,,,,,,,,,
566,2146.6501,2280.0234,3943.3337,0.256469325,0.272403995,2280.0234,0.178230276,0.425933737,15740.77074,0.007557906,480.5833715,31.43602094,6.6,2:Δt out of range,INT : 60.00[Hz],SLOW,1,2025/6/19,15:29:12,,,,,,,,,,,,,,,,,,,,
567,2146.5439,2279.9382,3943.1572,0.25646791,0.272405789,2279.9382,0.178228538,0.42593474,15740.74509,0.007559767,480.5839933,31.43626386,6.61,2:Δt out of range,INT : 60.00[Hz],SLOW,1,2025/6/19,15:29:13,,,,,,,,,,,,,,,,,,,,
568,2146.4424,2279.8291,3942.9729,0.256467884,0.272405607,2279.8291,0.178228586,0.425934613,15740.78885,0.007559693,480.5839588,31.43629326,6.65,2:Δt out of range,INT : 60.00[Hz],SLOW,1,2025/6/19,15:29:14,,,,,,,,,,,,,,,,,,,,
569,2146.2273,2279.5933,3942.5667,0.256468448,0.27240533,2279.5933,0.178229116,0.425934509,15740.70942,0.007559172,480.5838044,31.43614608,6.59,2:Δt out of range,INT : 60.00[Hz],SLOW,1,2025/6/19,15:29:15,,,,,,,,,,,,,,,,,,,,
570,2146.0845,2279.4563,3942.3521,0.256466535,0.272405052,2279.4563,0.178227772,0.425934038,15741.22839,0.007560329,480.5840684,31.43678555,6.6,2:Δt out of range,INT : 60.00[Hz],SLOW,1,2025/6/19,15:29:16,,,,,,,,,,,,,,,,,,,,
571,2145.896,2279.2708,3942.0212,0.256465613,0.272405831,2279.2708,0.178226784,0.425934428,15741.29163,0.007561346,480.5843904,31.43698881,6.61,2:Δt out of range,INT : 60.00[Hz],SLOW,1,2025/6/19,15:29:17,,,,,,,,,,,,,,,,,,,,
572,2145.7693,2279.1406,3941.79,0.256465431,0.272406161,2279.1406,0.178226524,0.425934624,15741.26788,0.007561635,480.5844914,31.43700847,6.63,2:Δt out of range,INT : 60.00[Hz],SLOW,1,2025/6/19,15:29:18,,,,,,,,,,,,,,,,,,,,
573,2145.7356,2279.1226,3941.7551,0.256464058,0.272406829,2279.1226,0.178225236,0.425934873,15741.46283,0.007562902,480.584866,31.43736779,6.62,2:Δt out of range,INT : 60.00[Hz],SLOW,1,2025/6/19,15:29:19,,,,,,,,,,,,,,,,,,,,
574,2145.5933,2278.9644,3941.4626,0.256465228,0.272407228,2278.9644,0.178225973,0.425935315,15741.09852,0.007562309,480.5847534,31.43695035,6.6,2:Δt out of range,INT : 60.00[Hz],SLOW,1,2025/6/19,15:29:20,,,,,,,,,,,,,,,,,,,,
575,2145.5039,2278.8489,3941.325,0.256465041,0.272404574,2278.8489,0.178226818,0.425933495,15741.68737,0.007561102,480.5842191,31.43731528,6.6,2:Δt out of range,INT : 60.00[Hz],SLOW,1,2025/6/19,15:29:21,,,,,,,,,,,,,,,,,,,,
576,2145.2954,2278.6594,3940.9775,0.256462972,0.272406197,2278.6594,0.178224649,0.425934285,15741.8547,0.00756332,480.5849148,31.43778553,6.63,2:Δt out of range,INT : 60.00[Hz],SLOW,1,2025/6/19,15:29:22,,,,,,,,,,,,,,,,,,,,
577,2145.0625,2278.418,3940.4922,0.256464551,0.272408589,2278.418,0.178224955,0.425936134,15740.98329,0.007563452,480.585158,31.43700867,6.59,2:Δt out of range,INT : 60.00[Hz],SLOW,1,2025/6/19,15:29:23,,,,,,,,,,,,,,,,,,,,
578,2144.9907,2278.3442,3940.3501,0.256464788,0.272409135,2278.3442,0.178224932,0.425936539,15740.81395,0.007563566,480.5852344,31.43687031,6.64,2:Δt out of range,INT : 60.00[Hz],SLOW,1,2025/6/19,15:29:24,,,,,,,,,,,,,,,,,,,,
579,2144.8289,2278.1692,3940.0398,0.256465285,0.272409288,2278.1692,0.178225251,0.425936715,15740.66255,0.007563306,480.5851829,31.43669478,6.61,2:Δt out of range,INT : 60.00[Hz],SLOW,1,2025/6/19,15:29:25,,,,,,,,,,,,,,,,,,,,
580,2144.7344,2278.0972,3939.9036,0.256463268,0.272410539,2278.0972,0.17822326,0.425937262,15740.8937,0.007565302,480.5857905,31.43719151,6.65,2:Δt out of range,INT : 60.00[Hz],SLOW,1,2025/6/19,15:29:26,,,,,,,,,,,,,,,,,,,,
581,2144.7461,2278.1067,3939.8889,0.256464468,0.272411463,2278.1067,0.178223825,0.425938064,15740.41447,0.007564953,480.5857848,31.43670392,6.58,2:Δt out of range,INT : 60.00[Hz],SLOW,1,2025/6/19,15:29:27,,,,,,,,,,,,,,,,,,,,
582,2144.5405,2277.8738,3939.6113,0.256461843,0.272406939,2277.8738,0.178223519,0.425934619,15741.97547,0.007564459,480.5852638,31.43805869,6.63,2:Δt out of range,INT : 60.00[Hz],SLOW,1,2025/6/19,15:29:28,,,,,,,,,,,,,,,,,,,,
583,2144.478,2277.8088,3939.4915,0.256461954,0.272407222,2277.8088,0.178223498,0.425934827,15741.89081,0.007564526,480.5853055,31.43799103,6.64,2:Δt out of range,INT : 60.00[Hz],SLOW,1,2025/6/19,15:29:29,,,,,,,,,,,,,,,,,,,,
584,2144.2581,2277.5808,3939.1448,0.256460026,0.272405841,2277.5808,0.178222552,0.425933609,15742.63958,0.007565139,480.5853368,31.43876238,6.6,2:Δt out of range,INT : 60.00[Hz],SLOW,1,2025/6/19,15:29:30,,,,,,,,,,,,,,,,,,,,
585,2144.2358,2277.5776,3939.0994,0.256459534,0.272407769,2277.5776,0.178221463,0.425934838,15742.36362,0.007566442,480.5858309,31.43869683,6.62,2:Δt out of range,INT : 60.00[Hz],SLOW,1,2025/6/19,15:29:31,,,,,,,,,,,,,,,,,,,,
586,2144.1672,2277.4844,3938.9844,0.25645982,0.27240564,2277.4844,0.17822247,0.425933442,15742.73084,0.007565178,480.5853288,31.43885128,6.6,2:Δt out of range,INT : 60.00[Hz],SLOW,1,2025/6/19,15:29:32,,,,,,,,,,,,,,,,,,,,
587,2144.1223,2277.4604,3938.833,0.256461207,0.272409947,2277.4604,0.17822192,0.425936557,15741.51294,0.007566403,480.5860128,31.43791446,6.61,2:Δt out of range,INT : 60.00[Hz],SLOW,1,2025/6/19,15:29:33,,,,,,,,,,,,,,,,,,,,
588,2143.887,2277.2192,3938.4189,0.256460382,0.272410116,2277.2192,0.178221233,0.425936549,15741.67775,0.007567047,480.5861881,31.4381571,6.6,2:Δt out of range,INT : 60.00[Hz],SLOW,1,2025/6/19,15:29:34,,,,,,,,,,,,,,,,,,,,
589,2143.7739,2277.0964,3938.2065,0.256460606,0.272410035,2277.0964,0.178221432,0.425936527,15741.64029,0.007566854,480.5861329,31.43809534,6.59,2:Δt out of range,INT : 60.00[Hz],SLOW,1,2025/6/19,15:29:35,,,,,,,,,,,,,,,,,,,,
590,2143.5867,2276.8962,3937.939,0.256458303,0.272407427,2276.8962,0.178220659,0.425934424,15742.7311,0.007567104,480.5859659,31.43912714,6.62,2:Δt out of range,INT : 60.00[Hz],SLOW,1,2025/6/19,15:29:36,,,,,,,,,,,,,,,,,,,,
591,2143.4602,2276.7659,3937.759,0.256456571,0.272406073,2276.7659,0.178219851,0.425933254,15743.42718,0.007567598,480.5859701,31.43983337,6.62,2:Δt out of range,INT : 60.00[Hz],SLOW,1,2025/6/19,15:29:37,,,,,,,,,,,,,,,,,,,,
592,2143.3872,2276.6707,3937.6572,0.256456122,0.272403483,2276.6707,0.178220473,0.425931437,15744.06679,0.007566601,480.5854937,31.44027453,6.66,2:Δt out of range,INT : 60.00[Hz],SLOW,1,2025/6/19,15:29:38,,,,,,,,,,,,,,,,,,,,
593,2143.218,2276.5215,3937.3335,0.25645558,0.272406559,2276.5215,0.17821892,0.425933435,15743.5672,0.007568515,480.5862412,31.44009236,6.64,2:Δt out of range,INT : 60.00[Hz],SLOW,1,2025/6/19,15:29:39,,,,,,,,,,,,,,,,,,,,
594,2142.9832,2276.2637,3936.8748,0.256456677,0.272406719,2276.2637,0.17821969,0.425933706,15743.2692,0.007567852,480.5860901,31.43972541,6.64,2:Δt out of range,INT : 60.00[Hz],SLOW,1,2025/6/19,15:29:40,,,,,,,,,,,,,,,,,,,,
595,2143.0117,2276.2932,3936.9614,0.256455649,0.272405536,2276.2932,0.178219353,0.425932754,15743.76005,0.007567953,480.5860113,31.44018806,6.61,2:Δt out of range,INT : 60.00[Hz],SLOW,1,2025/6/19,15:29:41,,,,,,,,,,,,,,,,,,,,
596,2142.6819,2275.9707,3936.3677,0.256454422,0.272407561,2275.9707,0.178217671,0.425933941,15743.64173,0.007569803,480.5866505,31.44034481,6.62,2:Δt out of range,INT : 60.00[Hz],SLOW,1,2025/6/19,15:29:42,,,,,,,,,,,,,,,,,,,,
597,2142.781,2276.0576,3936.4995,0.256456528,0.2724076,2276.0576,0.178219251,0.425934279,15743.1246,0.007568395,480.5863029,31.43967115,6.61,2:Δt out of range,INT : 60.00[Hz],SLOW,1,2025/6/19,15:29:43,,,,,,,,,,,,,,,,,,,,
598,2142.5515,2275.8154,3936.1641,0.256453833,0.272404926,2275.8154,0.178218205,0.425932074,15744.32401,0.007568878,480.5861882,31.44083523,6.6,2:Δt out of range,INT : 60.00[Hz],SLOW,1,2025/6/19,15:29:44,,,,,,,,,,,,,,,,,,,,
599,2142.395,2275.6465,3935.8931,0.256453408,0.272404156,2275.6465,0.178218169,0.42593149,15744.58472,0.007568779,480.5860957,31.44105902,6.63,2:Δt out of range,INT : 60.00[Hz],SLOW,1,2025/6/19,15:29:45,,,,,,,,,,,,,,,,,,,,
600,2142.2549,2275.5303,3935.6304,0.25645257,0.27240717,2275.5303,0.178216415,0.425933402,15744.16945,0.007570862,480.5868799,31.44097809,6.64,2:Δt out of range,INT : 60.00[Hz],SLOW,1,2025/6/19,15:29:46,,,,,,,,,,,,,,,,,,,,
601,2142.0996,2275.3459,3935.3313,0.25645359,0.272405926,2275.3459,0.178217649,0.425932713,15744.17773,0.007569545,480.5864424,31.4407972,6.62,2:Δt out of range,INT : 60.00[Hz],SLOW,1,2025/6/19,15:29:47,,,,,,,,,,,,,,,,,,,,
602,2141.9761,2275.2271,3935.0854,0.256453794,0.272407625,2275.2271,0.178217172,0.425933891,15743.78032,0.007570261,480.5867702,31.44053685,6.61,2:Δt out of range,INT : 60.00[Hz],SLOW,1,2025/6/19,15:29:48,,,,,,,,,,,,,,,,,,,,
603,2141.9094,2275.136,3935.0627,0.25645135,0.272402605,2275.136,0.178217188,0.425930138,15745.40014,0.007569394,480.5861127,31.44189142,6.59,2:Δt out of range,INT : 60.00[Hz],SLOW,1,2025/6/19,15:29:49,,,,,,,,,,,,,,,,,,,,
604,2141.9045,2275.1575,3935.0203,0.256451556,0.27240602,2275.1575,0.178216074,0.425932476,15744.65023,0.007570972,480.5868063,31.44143271,6.63,2:Δt out of range,INT : 60.00[Hz],SLOW,1,2025/6/19,15:29:50,,,,,,,,,,,,,,,,,,,,
605,2141.6104,2274.8569,3934.4399,0.256452425,0.272408356,2274.8569,0.178215864,0.425934182,15743.96145,0.007571557,480.5871574,31.44088766,6.6,2:Δt out of range,INT : 60.00[Hz],SLOW,1,2025/6/19,15:29:51,,,,,,,,,,,,,,,,,,,,
606,2141.5813,2274.821,3934.427,0.256451332,0.272406598,2274.821,0.178215691,0.425932833,15744.58581,0.007571414,480.5869672,31.44143716,6.64,2:Δt out of range,INT : 60.00[Hz],SLOW,1,2025/6/19,15:29:52,,,,,,,,,,,,,,,,,,,,
607,2141.5801,2274.8186,3934.4055,0.256451959,0.272407129,2274.8186,0.178215968,0.425933285,15744.3253,0.007571256,480.5869746,31.44117673,6.59,2:Δt out of range,INT : 60.00[Hz],SLOW,1,2025/6/19,15:29:53,,,,,,,,,,,,,,,,,,,,
608,2141.4331,2274.6775,3934.1951,0.256449665,0.272406494,2274.6775,0.178214467,0.425932516,15745.01012,0.007572492,480.5872268,31.44197878,6.64,2:Δt out of range,INT : 60.00[Hz],SLOW,1,2025/6/19,15:29:54,,,,,,,,,,,,,,,,,,,,
609,2141.2363,2274.4841,3933.8689,0.256448099,0.272406704,2274.4841,0.178213204,0.425932426,15745.34576,0.00757366,480.5875362,31.44245225,6.64,2:Δt out of range,INT : 60.00[Hz],SLOW,1,2025/6/19,15:29:55,,,,,,,,,,,,,,,,,,,,
610,2141.2073,2274.4429,3933.7527,0.25645035,0.272407851,2274.4429,0.178214482,0.425933534,15744.56631,0.00757271,480.5874003,31.44160476,6.62,2:Δt out of range,INT : 60.00[Hz],SLOW,1,2025/6/19,15:29:56,,,,,,,,,,,,,,,,,,,,
611,2140.9856,2274.2295,3933.4116,0.256447638,0.272407616,2274.2295,0.178212516,0.425932974,15745.26995,0.007574431,480.5878085,31.44249338,6.66,2:Δt out of range,INT : 60.00[Hz],SLOW,1,2025/6/19,15:29:57,,,,,,,,,,,,,,,,,,,,
612,2140.8796,2274.1211,3933.2251,0.256447256,0.272407713,2274.1211,0.178212191,0.425932983,15745.34248,0.007574738,480.5878937,31.44260362,6.66,2:Δt out of range,INT : 60.00[Hz],SLOW,1,2025/6/19,15:29:58,,,,,,,,,,,,,,,,,,,,
613,2140.6448,2273.8794,3932.8169,0.256446307,0.272407629,2273.8794,0.178211504,0.425932786,15745.58908,0.00757534,480.5880362,31.44291475,6.64,2:Δt out of range,INT : 60.00[Hz],SLOW,1,2025/6/19,15:29:59,,,,,,,,,,,,,,,,,,,,
614,2140.5508,2273.7913,3932.6541,0.256445642,0.272408331,2273.7913,0.17821074,0.425933161,15745.60609,0.007576143,480.5882981,31.44304527,6.65,2:Δt out of range,INT : 60.00[Hz],SLOW,1,2025/6/19,15:30:00,,,,,,,,,,,,,,,,,,,,
615,2140.54,2273.7783,3932.6174,0.256446207,0.272408748,2273.7783,0.178211013,0.425933527,15745.38405,0.00757597,480.5882915,31.44281779,6.65,2:Δt out of range,INT : 60.00[Hz],SLOW,1,2025/6/19,15:30:01,,,,,,,,,,,,,,,,,,,,
616,2140.3364,2273.5574,3932.283,0.256445131,0.27240705,2273.5574,0.178210829,0.42593222,15745.99228,0.007575846,480.5881114,31.44335525,6.63,2:Δt out of range,INT : 60.00[Hz],SLOW,1,2025/6/19,15:30:02,,,,,,,,,,,,,,,,,,,,
617,2140.2146,2273.4285,3932.0273,0.256446097,0.272408134,2273.4285,0.178211158,0.425933096,15745.53646,0.007575736,480.5881793,31.44292344,6.63,2:Δt out of range,INT : 60.00[Hz],SLOW,1,2025/6/19,15:30:03,,,,,,,,,,,,,,,,,,,,
618,2140.1602,2273.3877,3931.9746,0.256444123,0.272408073,2273.3877,0.178209686,0.425932762,15746.02612,0.007577043,480.5884997,31.44355749,6.63,2:Δt out of range,INT : 60.00[Hz],SLOW,1,2025/6/19,15:30:04,,,,,,,,,,,,,,,,,,,,
619,2139.9182,2273.1443,3931.4705,0.256445531,0.272411206,2273.1443,0.178209588,0.425935088,15745.0433,0.007577664,480.5889299,31.44274919,6.64,2:Δt out of range,INT : 60.00[Hz],SLOW,1,2025/6/19,15:30:05,,,,,,,,,,,,,,,,,,,,
620,2139.7556,2272.957,3931.2048,0.256444964,0.272408857,2272.957,0.178210032,0.425933417,15745.66204,0.007576867,480.5885248,31.44319997,6.62,2:Δt out of range,INT : 60.00[Hz],SLOW,1,2025/6/19,15:30:06,,,,,,,,,,,,,,,,,,,,
621,2139.8254,2273.0544,3931.292,0.256445511,0.272412224,2273.0544,0.178209194,0.425935773,15744.83959,0.007578189,480.5891505,31.44263847,6.64,2:Δt out of range,INT : 60.00[Hz],SLOW,1,2025/6/19,15:30:07,,,,,,,,,,,,,,,,,,,,
622,2139.6099,2272.8391,3930.9387,0.256443782,0.27241202,2272.8391,0.178207962,0.425935379,15745.29918,0.007579259,480.589399,31.44321105,6.65,2:Δt out of range,INT : 60.00[Hz],SLOW,1,2025/6/19,15:30:08,,,,,,,,,,,,,,,,,,,,
623,2139.5876,2272.8044,3930.9355,0.25644296,0.272409827,2272.8044,0.178208154,0.425933775,15745.94767,0.007578714,480.5890703,31.44372498,6.62,2:Δt out of range,INT : 60.00[Hz],SLOW,1,2025/6/19,15:30:09,,,,,,,,,,,,,,,,,,,,
624,2139.4392,2272.6536,3930.655,0.256442991,0.27241068,2272.6536,0.178207861,0.425934356,15745.76527,0.007579122,480.5892469,31.44361684,6.63,2:Δt out of range,INT : 60.00[Hz],SLOW,1,2025/6/19,15:30:10,,,,,,,,,,,,,,,,,,,,
625,2139.4124,2272.6433,3930.5981,0.256442668,0.272412515,2272.6433,0.178206935,0.425935548,15745.4672,0.007580263,480.5896926,31.44350811,6.65,2:Δt out of range,INT : 60.00[Hz],SLOW,1,2025/6/19,15:30:11,,,,,,,,,,,,,,,,,,,,
626,2139.2607,2272.4883,3930.3035,0.256442968,0.27241357,2272.4883,0.17820677,0.425936305,15745.1785,0.00758059,480.589867,31.44329141,6.64,2:Δt out of range,INT : 60.00[Hz],SLOW,1,2025/6/19,15:30:12,,,,,,,,,,,,,,,,,,,,
627,2139.0881,2272.2769,3930.0305,0.256442474,0.272409683,2272.2769,0.17820784,0.425933606,15746.0947,0.007578971,480.5891215,31.44389593,6.65,2:Δt out of range,INT : 60.00[Hz],SLOW,1,2025/6/19,15:30:13,,,,,,,,,,,,,,,,,,,,
628,2138.9038,2272.1196,3929.623,0.256443409,0.272415289,2272.1196,0.178206465,0.425937532,15744.71928,0.007581155,480.590159,31.44295304,6.66,2:Δt out of range,INT : 60.00[Hz],SLOW,1,2025/6/19,15:30:14,,,,,,,,,,,,,,,,,,,,
629,2138.8511,2272.0552,3929.5789,0.256442047,0.272412833,2272.0552,0.178206347,0.425935671,15745.55205,0.007580844,480.5898654,31.4436687,6.64,2:Δt out of range,INT : 60.00[Hz],SLOW,1,2025/6/19,15:30:15,,,,,,,,,,,,,,,,,,,,
630,2138.7439,2271.9355,3929.425,0.256440903,0.272410919,2271.9355,0.178206192,0.425934208,15746.22121,0.007580658,480.5896506,31.44425283,6.64,2:Δt out of range,INT : 60.00[Hz],SLOW,1,2025/6/19,15:30:16,,,,,,,,,,,,,,,,,,,,
631,2138.7046,2271.877,3929.3845,0.256440443,0.272408421,2271.877,0.178206771,0.425932453,15746.84434,0.007579714,480.5891958,31.4446865,6.66,2:Δt out of range,INT : 60.00[Hz],SLOW,1,2025/6/19,15:30:17,,,,,,,,,,,,,,,,,,,,
632,2138.5352,2271.7373,3929.019,0.256440874,0.272413706,2271.7373,0.178205135,0.425936087,15745.65673,0.007582078,480.5902497,31.44394092,6.68,2:Δt out of range,INT : 60.00[Hz],SLOW,1,2025/6/19,15:30:18,,,,,,,,,,,,,,,,,,,,
633,2138.4238,2271.5957,3928.8674,0.256439957,0.272409942,2271.5957,0.178205839,0.425933409,15746.64988,0.007580808,480.5896022,31.44466558,6.64,2:Δt out of range,INT : 60.00[Hz],SLOW,1,2025/6/19,15:30:19,,,,,,,,,,,,,,,,,,,,
634,2138.2395,2271.4148,3928.4319,0.25644248,0.272414406,2271.4148,0.17820609,0.425936798,15745.12504,0.007581341,480.5901278,31.44335015,6.63,2:Δt out of range,INT : 60.00[Hz],SLOW,1,2025/6/19,15:30:20,,,,,,,,,,,,,,,,,,,,
635,2138.2039,2271.3794,3928.4314,0.256440409,0.272412496,2271.3794,0.178205232,0.425935201,15746.01701,0.007581785,480.5900704,31.44422788,6.64,2:Δt out of range,INT : 60.00[Hz],SLOW,1,2025/6/19,15:30:21,,,,,,,,,,,,,,,,,,,,
636,2137.9836,2271.1462,3928.0129,0.256440807,0.272413017,2271.1462,0.178205339,0.425935612,15745.81405,0.007581778,480.5901143,31.44404151,6.66,2:Δt out of range,INT : 60.00[Hz],SLOW,1,2025/6/19,15:30:22,,,,,,,,,,,,,,,,,,,,
637,2137.8765,2271.0481,3927.8679,0.256438732,0.272412693,2271.0481,0.17820389,0.425935086,15746.38193,0.007583021,480.5903957,31.44473785,6.66,2:Δt out of range,INT : 60.00[Hz],SLOW,1,2025/6/19,15:30:23,,,,,,,,,,,,,,,,,,,,
638,2137.8176,2270.9814,3927.8179,0.256437069,0.272410431,2270.9814,0.178203471,0.425933311,15747.24809,0.007583012,480.5901943,31.445527,6.67,2:Δt out of range,INT : 60.00[Hz],SLOW,1,2025/6/19,15:30:24,,,,,,,,,,,,,,,,,,,,
639,2137.8259,2270.9915,3927.8613,0.256436163,0.272409623,2270.9915,0.178203086,0.425932632,15747.63264,0.00758322,480.590175,31.44590767,6.62,2:Δt out of range,INT : 60.00[Hz],SLOW,1,2025/6/19,15:30:25,,,,,,,,,,,,,,,,,,,,
640,2137.6138,2270.7876,3927.3857,0.256438147,0.272414299,2270.7876,0.17820285,0.425936084,15746.19417,0.007584225,480.5908369,31.44473876,6.63,2:Δt out of range,INT : 60.00[Hz],SLOW,1,2025/6/19,15:30:26,,,,,,,,,,,,,,,,,,,,
641,2137.5039,2270.668,3927.2109,0.256437401,0.272413164,2270.668,0.178202707,0.425935207,15746.60737,0.00758416,480.5907209,31.44510666,6.63,2:Δt out of range,INT : 60.00[Hz],SLOW,1,2025/6/19,15:30:27,,,,,,,,,,,,,,,,,,,,
642,2137.3933,2270.5635,3927.0374,0.256436087,0.272413327,2270.5635,0.178201653,0.425935123,15746.89147,0.007585133,480.5909776,31.44550516,6.66,2:Δt out of range,INT : 60.00[Hz],SLOW,1,2025/6/19,15:30:28,,,,,,,,,,,,,,,,,,,,
643,2137.3337,2270.4805,3927.0122,0.256434099,0.272408853,2270.4805,0.17820181,0.425931806,15748.28954,0.007584232,480.5903595,31.44665202,6.67,2:Δt out of range,INT : 60.00[Hz],SLOW,1,2025/6/19,15:30:29,,,,,,,,,,,,,,,,,,,,
644,2137.2271,2270.3811,3926.783,0.256434699,0.272411151,2270.3811,0.17820141,0.425933447,15747.67322,0.007584981,480.5907481,31.44619675,6.65,2:Δt out of range,INT : 60.00[Hz],SLOW,1,2025/6/19,15:30:30,,,,,,,,,,,,,,,,,,,,
645,2137.1245,2270.2708,3926.5869,0.256434973,0.272411285,2270.2708,0.178201568,0.425933578,15747.57957,0.007584862,480.5907304,31.44609435,6.69,2:Δt out of range,INT : 60.00[Hz],SLOW,1,2025/6/19,15:30:31,,,,,,,,,,,,,,,,,,,,
646,2136.9348,2270.0955,3926.1616,0.256436528,0.272416083,2270.0955,0.178200962,0.42593705,15746.21971,0.00758622,480.5914909,31.44504757,6.65,2:Δt out of range,INT : 60.00[Hz],SLOW,1,2025/6/19,15:30:32,,,,,,,,,,,,,,,,,,,,
647,2136.8909,2270.0503,3926.1328,0.256434888,0.272414514,2270.0503,0.178200304,0.425935747,15746.93802,0.007586543,480.5914331,31.44574938,6.65,2:Δt out of range,INT : 60.00[Hz],SLOW,1,2025/6/19,15:30:33,,,,,,,,,,,,,,,,,,,,
648,2136.8083,2269.9761,3925.969,0.256434842,0.27241609,2269.9761,0.178199683,0.425936805,15746.62603,0.007587366,480.5917771,31.44558256,6.67,2:Δt out of range,INT : 60.00[Hz],SLOW,1,2025/6/19,15:30:34,,,,,,,,,,,,,,,,,,,,
649,2136.7146,2269.8816,3925.822,0.256433913,0.272415708,2269.8816,0.178199122,0.425936409,15746.92907,0.007587804,480.5918526,31.44592181,6.66,2:Δt out of range,INT : 60.00[Hz],SLOW,1,2025/6/19,15:30:35,,,,,,,,,,,,,,,,,,,,
650,2136.4888,2269.6294,3925.4333,0.256433487,0.272413776,2269.6294,0.178199518,0.425935041,15747.4282,0.007587122,480.5915125,31.44627966,6.64,2:Δt out of range,INT : 60.00[Hz],SLOW,1,2025/6/19,15:30:36,,,,,,,,,,,,,,,,,,,,
651,2136.3972,2269.5583,3925.238,0.256433511,0.272416947,2269.5583,0.178198358,0.425937187,15746.77197,0.0075887,480.5921847,31.4459066,6.67,2:Δt out of range,INT : 60.00[Hz],SLOW,1,2025/6/19,15:30:37,,,,,,,,,,,,,,,,,,,,
652,2136.2607,2269.4194,3924.9529,0.256434379,0.272418603,2269.4194,0.1781984,0.425938434,15746.22279,0.007588943,480.5923911,31.44544019,6.64,2:Δt out of range,INT : 60.00[Hz],SLOW,1,2025/6/19,15:30:38,,,,,,,,,,,,,,,,,,,,
653,2136.2224,2269.3762,3924.8972,0.256434005,0.272417903,2269.3762,0.178198376,0.425937906,15746.45657,0.007588845,480.5923052,31.44563959,6.67,2:Δt out of range,INT : 60.00[Hz],SLOW,1,2025/6/19,15:30:39,,,,,,,,,,,,,,,,,,,,
654,2136.1399,2269.2925,3924.7493,0.25643377,0.272418127,2269.2925,0.178198116,0.425938023,15746.46734,0.007589117,480.5923926,31.4456883,6.67,2:Δt out of range,INT : 60.00[Hz],SLOW,1,2025/6/19,15:30:40,,,,,,,,,,,,,,,,,,,,
655,2135.9919,2269.1353,3924.5498,0.25643154,0.272415761,2269.1353,0.178197307,0.425936094,15747.49167,0.00758944,480.5922648,31.44666939,6.66,2:Δt out of range,INT : 60.00[Hz],SLOW,1,2025/6/19,15:30:41,,,,,,,,,,,,,,,,,,,,
656,2135.8818,2269.0444,3924.3186,0.256431628,0.272418983,2269.0444,0.178196176,0.425938284,15746.80983,0.007591,480.592937,31.44627042,6.66,2:Δt out of range,INT : 60.00[Hz],SLOW,1,2025/6/19,15:30:42,,,,,,,,,,,,,,,,,,,,
657,2135.7307,2268.8728,3924.0356,0.256432134,0.272418191,2268.8728,0.178196854,0.425937824,15746.8497,0.007590258,480.5926826,31.44620065,6.69,2:Δt out of range,INT : 60.00[Hz],SLOW,1,2025/6/19,15:30:43,,,,,,,,,,,,,,,,,,,,
658,2135.6055,2268.7402,3923.8015,0.256432247,0.27241836,2268.7402,0.178196876,0.425937955,15746.78791,0.007590267,480.5926994,31.44614544,6.66,2:Δt out of range,INT : 60.00[Hz],SLOW,1,2025/6/19,15:30:44,,,,,,,,,,,,,,,,,,,,
659,2135.5479,2268.6797,3923.7263,0.256431283,0.272417418,2268.6797,0.178196496,0.425937176,15747.21411,0.007590447,480.5926616,31.44656027,6.66,2:Δt out of range,INT : 60.00[Hz],SLOW,1,2025/6/19,15:30:45,,,,,,,,,,,,,,,,,,,,
660,2135.5588,2268.7175,3923.7595,0.25643007,0.272419278,2268.7175,0.178194887,0.425938253,15747.12599,0.007592204,480.593263,31.44673139,6.69,2:Δt out of range,INT : 60.00[Hz],SLOW,1,2025/6/19,15:30:46,,,,,,,,,,,,,,,,,,,,
661,2135.4373,2268.6003,3923.5139,0.256430393,0.272421047,2268.6003,0.178194475,0.425939496,15746.68521,0.007592875,480.5935857,31.44642503,6.64,2:Δt out of range,INT : 60.00[Hz],SLOW,1,2025/6/19,15:30:47,,,,,,,,,,,,,,,,,,,,
662,2135.3203,2268.4512,3923.321,0.256430477,0.272418158,2268.4512,0.178195612,0.425937556,15747.25722,0.007591365,480.5929554,31.44673105,6.65,2:Δt out of range,INT : 60.00[Hz],SLOW,1,2025/6/19,15:30:48,,,,,,,,,,,,,,,,,,,,
663,2135.281,2268.4224,3923.2881,0.256428867,0.272418004,2268.4224,0.178194451,0.425937214,15747.67792,0.007592379,480.5931943,31.44726007,6.63,2:Δt out of range,INT : 60.00[Hz],SLOW,1,2025/6/19,15:30:49,,,,,,,,,,,,,,,,,,,,
664,2135.0649,2268.2134,3922.8364,0.256429917,0.272421589,2268.2134,0.178193913,0.425939792,15746.68904,0.00759347,480.5937817,31.4465137,6.69,2:Δt out of range,INT : 60.00[Hz],SLOW,1,2025/6/19,15:30:50,,,,,,,,,,,,,,,,,,,,
665,2134.9668,2268.1013,3922.6653,0.256429878,0.272420601,2268.1013,0.178194251,0.425939118,15746.90098,0.007593,480.5935776,31.44663983,6.68,2:Δt out of range,INT : 60.00[Hz],SLOW,1,2025/6/19,15:30:51,,,,,,,,,,,,,,,,,,,,
666,2134.8635,2267.9895,3922.5493,0.256427668,0.272418007,2267.9895,0.178193542,0.425937039,15747.96716,0.007593194,480.5933975,31.44764064,6.66,2:Δt out of range,INT : 60.00[Hz],SLOW,1,2025/6/19,15:30:52,,,,,,,,,,,,,,,,,,,,
667,2134.7378,2267.8821,3922.2551,0.256428811,0.272422361,2267.8821,0.17819279,0.425940149,15746.79815,0.007594607,480.5941329,31.44677608,6.66,2:Δt out of range,INT : 60.00[Hz],SLOW,1,2025/6/19,15:30:53,,,,,,,,,,,,,,,,,,,,
668,2134.7336,2267.8628,3922.3496,0.25642612,0.272417719,2267.8628,0.178192477,0.425936615,15748.40057,0.007594099,480.5935977,31.44816575,6.65,2:Δt out of range,INT : 60.00[Hz],SLOW,1,2025/6/19,15:30:54,,,,,,,,,,,,,,,,,,,,
669,2134.4756,2267.6028,3921.9021,0.256424868,0.272418082,2267.6028,0.178191395,0.425936675,15748.62884,0.00759513,480.5938865,31.44852166,6.68,2:Δt out of range,INT : 60.00[Hz],SLOW,1,2025/6/19,15:30:55,,,,,,,,,,,,,,,,,,,,
670,2134.3958,2267.5044,3921.7368,0.256425863,0.272417502,2267.5044,0.178192363,0.42593643,15748.50715,0.007594164,480.5935949,31.44827233,6.69,2:Δt out of range,INT : 60.00[Hz],SLOW,1,2025/6/19,15:30:56,,,,,,,,,,,,,,,,,,,,
671,2134.3813,2267.4973,3921.6995,0.256425935,0.272418577,2267.4973,0.178192019,0.425937167,15748.26923,0.007594655,480.5938118,31.44812552,6.68,2:Δt out of range,INT : 60.00[Hz],SLOW,1,2025/6/19,15:30:57,,,,,,,,,,,,,,,,,,,,
672,2134.2485,2267.3477,3921.5127,0.256424435,0.27241596,2267.3477,0.178191856,0.425935177,15749.16859,0.007594357,480.5935071,31.44890347,6.64,2:Δt out of range,INT : 60.00[Hz],SLOW,1,2025/6/19,15:30:58,,,,,,,,,,,,,,,,,,,,
673,2134.2336,2267.3533,3921.4387,0.256425212,0.272419359,2267.3533,0.178191181,0.425937589,15748.2838,0.007595539,480.5941008,31.44826536,6.68,2:Δt out of range,INT : 60.00[Hz],SLOW,1,2025/6/19,15:30:59,,,,,,,,,,,,,,,,,,,,
674,2134.0691,2267.1924,3921.127,0.256425076,0.27242088,2267.1924,0.178190513,0.425938596,15748.00477,0.007596396,480.5944481,31.44813336,6.68,2:Δt out of range,INT : 60.00[Hz],SLOW,1,2025/6/19,15:31:00,,,,,,,,,,,,,,,,,,,,
675,2133.8948,2267.0151,3920.8486,0.256423543,0.272420198,2267.0151,0.178189606,0.425937909,15748.51508,0.007597092,480.5945615,31.44869872,6.7,2:Δt out of range,INT : 60.00[Hz],SLOW,1,2025/6/19,15:31:01,,,,,,,,,,,,,,,,,,,,
676,2133.7776,2266.8862,3920.6816,0.256422189,0.272418232,2266.8862,0.178189312,0.42593638,15749.24584,0.007597022,480.594371,31.44935552,6.66,2:Δt out of range,INT : 60.00[Hz],SLOW,1,2025/6/19,15:31:02,,,,,,,,,,,,,,,,,,,,
677,2133.8093,2266.9204,3920.7141,0.256422966,0.27241912,2266.9204,0.17818957,0.425937095,15748.87568,0.007596942,480.5944292,31.44900625,6.71,2:Δt out of range,INT : 60.00[Hz],SLOW,1,2025/6/19,15:31:03,,,,,,,,,,,,,,,,,,,,
678,2133.6868,2266.7905,3920.4709,0.256423517,0.272419735,2266.7905,0.178189758,0.425937591,15748.61655,0.007596877,480.5944671,31.44876052,6.7,2:Δt out of range,INT : 60.00[Hz],SLOW,1,2025/6/19,15:31:04,,,,,,,,,,,,,,,,,,,,
679,2133.6516,2266.7395,3920.49,0.256421354,0.272415802,2266.7395,0.178189583,0.425934615,15749.94592,0.007596367,480.5939939,31.44990044,6.7,2:Δt out of range,INT : 60.00[Hz],SLOW,1,2025/6/19,15:31:05,,,,,,,,,,,,,,,,,,,,
680,2133.6125,2266.7275,3920.3289,0.256423195,0.272421307,2266.7275,0.17818893,0.425938606,15748.37191,0.007597886,480.5948569,31.44868172,6.69,2:Δt out of range,INT : 60.00[Hz],SLOW,1,2025/6/19,15:31:06,,,,,,,,,,,,,,,,,,,,
681,2133.4226,2266.5276,3919.9734,0.25642334,0.272421684,2266.5276,0.178188901,0.425938882,15748.25941,0.007597976,480.5949127,31.44859202,6.7,2:Δt out of range,INT : 60.00[Hz],SLOW,1,2025/6/19,15:31:07,,,,,,,,,,,,,,,,,,,,
682,2133.3845,2266.498,3919.8682,0.25642409,0.272423788,2266.498,0.178188686,0.425940415,15747.64687,0.007598526,480.5952347,31.44811163,6.68,2:Δt out of range,INT : 60.00[Hz],SLOW,1,2025/6/19,15:31:08,,,,,,,,,,,,,,,,,,,,
683,2133.1973,2266.2942,3919.5735,0.256422723,0.272421745,2266.2942,0.178188411,0.425938832,15748.39627,0.007598425,480.5950298,31.44878117,6.68,2:Δt out of range,INT : 60.00[Hz],SLOW,1,2025/6/19,15:31:09,,,,,,,,,,,,,,,,,,,,
684,2133.0869,2266.1904,3919.3882,0.256421766,0.272422349,2266.1904,0.178187462,0.425939099,15748.50353,0.007599378,480.5953204,31.44901544,6.68,2:Δt out of range,INT : 60.00[Hz],SLOW,1,2025/6/19,15:31:10,,,,,,,,,,,,,,,,,,,,
685,2132.9756,2266.0598,3919.2527,0.25642002,0.272419009,2266.0598,0.178187382,0.425936584,15749.61084,0.007598883,480.594903,31.44995498,6.7,2:Δt out of range,INT : 60.00[Hz],SLOW,1,2025/6/19,15:31:11,,,,,,,,,,,,,,,,,,,,
686,2132.885,2265.9836,3919.0479,0.256420583,0.272422018,2265.9836,0.17818669,0.4259387,15748.85747,0.007600014,480.5954495,31.44942941,6.7,2:Δt out of range,INT : 60.00[Hz],SLOW,1,2025/6/19,15:31:12,,,,,,,,,,,,,,,,,,,,
687,2132.8516,2265.9707,3918.958,0.256420766,0.272424928,2265.9707,0.178185748,0.425940693,15748.21645,0.007601352,480.5960391,31.44903602,6.7,2:Δt out of range,INT : 60.00[Hz],SLOW,1,2025/6/19,15:31:13,,,,,,,,,,,,,,,,,,,,
688,2132.7058,2265.7917,3918.6868,0.256421611,0.272422928,2265.7917,0.17818713,0.425939467,15748.42233,0.007599774,480.5954699,31.448998,6.64,2:Δt out of range,INT : 60.00[Hz],SLOW,1,2025/6/19,15:31:14,,,,,,,,,,,,,,,,,,,,
689,2132.4458,2265.532,3918.2031,0.256421286,0.272424569,2265.532,0.178186274,0.425940527,15748.16445,0.007600819,480.5958749,31.44891235,6.66,2:Δt out of range,INT : 60.00[Hz],SLOW,1,2025/6/19,15:31:15,,,,,,,,,,,,,,,,,,,,
690,2132.4167,2265.5215,3918.1582,0.256420392,0.272426075,2265.5215,0.178185039,0.425941412,15748.0718,0.007602182,480.5963468,31.44902286,6.7,2:Δt out of range,INT : 60.00[Hz],SLOW,1,2025/6/19,15:31:16,,,,,,,,,,,,,,,,,,,,
691,2132.3726,2265.4673,3918.0818,0.256420476,0.27242528,2265.4673,0.178185397,0.425940888,15748.21447,0.007601726,480.5961633,31.44908776,6.68,2:Δt out of range,INT : 60.00[Hz],SLOW,1,2025/6/19,15:31:17,,,,,,,,,,,,,,,,,,,,
692,2132.269,2265.3599,3917.9048,0.256419982,0.272425076,2265.3599,0.178185099,0.425940677,15748.37582,0.007601958,480.5962031,31.44926827,6.67,2:Δt out of range,INT : 60.00[Hz],SLOW,1,2025/6/19,15:31:18,,,,,,,,,,,,,,,,,,,,
693,2132.1709,2265.2769,3917.748,0.256418604,0.272426165,2265.2769,0.178183652,0.425941208,15748.48563,0.007603439,480.5966679,31.44958054,6.68,2:Δt out of range,INT : 60.00[Hz],SLOW,1,2025/6/19,15:31:19,,,,,,,,,,,,,,,,,,,,
694,2132.1724,2265.2695,3917.812,0.256416993,0.272423371,2265.2695,0.17818347,0.425939083,15749.44803,0.007603128,480.5963443,31.45041415,6.71,2:Δt out of range,INT : 60.00[Hz],SLOW,1,2025/6/19,15:31:20,,,,,,,,,,,,,,,,,,,,
695,2132.0769,2265.1785,3917.585,0.256418259,0.272425975,2265.1785,0.178183461,0.425941029,15748.608,0.007603578,480.5966857,31.44971203,6.71,2:Δt out of range,INT : 60.00[Hz],SLOW,1,2025/6/19,15:31:21,,,,,,,,,,,,,,,,,,,,
696,2131.8911,2264.9844,3917.2795,0.25641705,0.272425087,2264.9844,0.178182876,0.42594025,15749.08227,0.007603951,480.5967006,31.4501983,6.7,2:Δt out of range,INT : 60.00[Hz],SLOW,1,2025/6/19,15:31:22,,,,,,,,,,,,,,,,,,,,
697,2131.7578,2264.8516,3916.9966,0.256417949,0.272427103,2264.8516,0.178182808,0.425941745,15748.45152,0.007604355,480.5969787,31.44968052,6.68,2:Δt out of range,INT : 60.00[Hz],SLOW,1,2025/6/19,15:31:23,,,,,,,,,,,,,,,,,,,,
698,2131.6624,2264.74,3916.8162,0.256418423,0.272426374,2264.74,0.178183437,0.425941323,15748.48657,0.007603668,480.5967433,31.44961409,6.69,2:Δt out of range,INT : 60.00[Hz],SLOW,1,2025/6/19,15:31:24,,,,,,,,,,,,,,,,,,,,
699,2131.7859,2264.8906,3917.0334,0.256418124,0.27242839,2264.8906,0.178182463,0.42594264,15748.14534,0.007604883,480.5972234,31.44947663,6.69,2:Δt out of range,INT : 60.00[Hz],SLOW,1,2025/6/19,15:31:25,,,,,,,,,,,,,,,,,,,,
700,2131.6772,2264.781,3916.905,0.256415743,0.272426567,2264.781,0.178181337,0.425941057,15749.09478,0.007605582,480.597237,31.45044313,6.68,2:Δt out of range,INT : 60.00[Hz],SLOW,1,2025/6/19,15:31:26,,,,,,,,,,,,,,,,,,,,
701,2131.4768,2264.5557,3916.501,0.256417228,0.272426655,2264.5557,0.178182428,0.425941336,15748.71759,0.007604619,480.5970049,31.44996108,6.7,2:Δt out of range,INT : 60.00[Hz],SLOW,1,2025/6/19,15:31:27,,,,,,,,,,,,,,,,,,,,
702,2131.4563,2264.5449,3916.4563,0.256417106,0.272427847,2264.5449,0.178181894,0.425942123,15748.5027,0.0076053,480.5972796,31.44986253,6.7,2:Δt out of range,INT : 60.00[Hz],SLOW,1,2025/6/19,15:31:28,,,,,,,,,,,,,,,,,,,,
703,2131.3154,2264.4114,3916.231,0.25641557,0.272428164,2264.4114,0.178180614,0.42594211,15748.80913,0.007606501,480.5976065,31.45031405,6.68,2:Δt out of range,INT : 60.00[Hz],SLOW,1,2025/6/19,15:31:29,,,,,,,,,,,,,,,,,,,,
704,2131.2656,2264.3745,3916.1089,0.25641602,0.272430568,2264.3745,0.178180061,0.425943801,15748.20738,0.007607404,480.5980433,31.44989421,6.7,2:Δt out of range,INT : 60.00[Hz],SLOW,1,2025/6/19,15:31:30,,,,,,,,,,,,,,,,,,,,
705,2131.0024,2264.0833,3915.6755,0.256414828,0.272427909,2264.0833,0.178180146,0.425941828,15749.04082,0.007606877,480.5976778,31.4505793,6.69,2:Δt out of range,INT : 60.00[Hz],SLOW,1,2025/6/19,15:31:31,,,,,,,,,,,,,,,,,,,,