No.,X,Y,Z,x,y,Lv(cd/m²),u',v',Tcp,duv,λd/λc,Pe,Δt,ErrCode,Sync Mode,Meas Speed,Averaging Times,Date,Time,,,,,,,,,,,,,,,,,,,,
2,2034.5056,2171.2246,3420.9807,0.266760551,0.284686889,2171.2246,0.181385808,0.435543646,12059.44524,0.00694559,481.5725016,26.75915268,5.41,0,INT : 60.00[Hz],SLOW,1,2025/6/19,14:46:55,,,,,,,,,,,,,,,,,,,,
3,2305.1143,2464.439,3879.2126,0.266525228,0.284946896,2464.439,0.181115248,0.435675502,12068.56869,0.007229079,481.6750449,26.80525506,5.41,0,INT : 60.00[Hz],SLOW,1,2025/6/19,14:46:56,,,,,,,,,,,,,,,,,,,,
4,2553.1943,2734.9995,4302.3179,0.266220863,0.285177641,2734.9995,0.18080467,0.435778247,12090.53694,0.007541962,481.7823352,26.87673069,5.4,0,INT : 60.00[Hz],SLOW,1,2025/6/19,14:46:57,,,,,,,,,,,,,,,,,,,,
5,2622.5696,2812.2546,4423.1919,0.266034218,0.285275919,2812.2546,0.180630292,0.435813537,12108.18451,0.007711872,481.8376653,26.92541305,5.43,0,INT : 60.00[Hz],SLOW,1,2025/6/19,14:46:58,,,,,,,,,,,,,,,,,,,,
6,3510.0291,3786.175,5945.333,0.265077164,0.285931684,3786.175,0.179682089,0.436091149,12183.72632,0.008658049,482.1417671,27.16038833,5.4,0,INT : 60.00[Hz],SLOW,1,2025/6/19,14:46:59,,,,,,,,,,,,,,,,,,,,
7,3502.9055,3781.2375,5942.1724,0.264843639,0.285887444,3781.2375,0.179525736,0.436028392,12222.22146,0.008786249,482.1674337,27.24050643,5.4,0,INT : 60.00[Hz],SLOW,1,2025/6/19,14:47:00,,,,,,,,,,,,,,,,,,,,
8,3498.0588,3777.3184,5938.6836,0.264722469,0.285855988,3777.3184,0.17944771,0.4359904,12243.10647,0.008848543,482.178849,27.28300068,5.4,0,INT : 60.00[Hz],SLOW,1,2025/6/19,14:47:01,,,,,,,,,,,,,,,,,,,,
9,3494.1514,3773.8145,5935.3037,0.264642888,0.28582424,3773.8145,0.179400508,0.435958366,12257.95517,0.00888392,482.183918,27.31211361,5.41,0,INT : 60.00[Hz],SLOW,1,2025/6/19,14:47:02,,,,,,,,,,,,,,,,,,,,
10,3490.8733,3770.7444,5932.1099,0.264585825,0.285798261,3770.7444,0.179367832,0.435933341,12268.94116,0.008907687,482.1868481,27.33333808,5.37,0,INT : 60.00[Hz],SLOW,1,2025/6/19,14:47:03,,,,,,,,,,,,,,,,,,,,
11,3487.9221,3767.8076,5929.1514,0.264539519,0.285767279,3767.8076,0.179344926,0.435906709,12278.85753,0.008922027,482.1870732,27.35163639,5.42,0,INT : 60.00[Hz],SLOW,1,2025/6/19,14:47:04,,,,,,,,,,,,,,,,,,,,
12,3484.8892,3764.6982,5925.7046,0.264501857,0.285739261,3764.6982,0.179327323,0.435883244,12287.21608,0.008932283,482.186644,27.36682502,5.4,0,INT : 60.00[Hz],SLOW,1,2025/6/19,14:47:05,,,,,,,,,,,,,,,,,,,,
13,3482.1304,3761.812,5922.4463,0.264471183,0.285713272,3761.812,0.17931414,0.435862107,12294.34952,0.008939054,482.1856075,27.37953953,5.39,0,INT : 60.00[Hz],SLOW,1,2025/6/19,14:47:06,,,,,,,,,,,,,,,,,,,,
14,3479.5515,3759.0571,5919.3716,0.264444196,0.285686484,3759.0571,0.179303973,0.435841001,12301.02632,0.008943052,482.1838459,27.39115189,5.43,0,INT : 60.00[Hz],SLOW,1,2025/6/19,14:47:07,,,,,,,,,,,,,,,,,,,,
15,3476.8088,3756.0767,5916.0073,0.26441837,0.285657261,3756.0767,0.179295549,0.435818509,12307.78374,0.008945086,482.1813844,27.40265437,5.38,0,INT : 60.00[Hz],SLOW,1,2025/6/19,14:47:08,,,,,,,,,,,,,,,,,,,,
16,3474.1113,3753.1016,5912.6616,0.264394557,0.285626898,3753.1016,0.179289029,0.435795584,12314.36552,0.008945254,482.1783768,27.41363106,5.42,0,INT : 60.00[Hz],SLOW,1,2025/6/19,14:47:09,,,,,,,,,,,,,,,,,,,,
17,3471.5112,3750.2512,5909.2563,0.264374858,0.285602457,3750.2512,0.179283387,0.43577705,12319.7481,0.008945732,482.1760369,27.42263834,5.42,0,INT : 60.00[Hz],SLOW,1,2025/6/19,14:47:10,,,,,,,,,,,,,,,,,,,,
18,3468.937,3747.4204,5906.0122,0.264352941,0.285574977,3747.4204,0.179277215,0.435756244,12325.77146,0.008946123,482.1733737,27.43269043,5.42,0,INT : 60.00[Hz],SLOW,1,2025/6/19,14:47:11,,,,,,,,,,,,,,,,,,,,
19,3466.5388,3744.7861,5902.6719,0.264338847,0.285556429,3744.7861,0.179273565,0.435742303,12329.73692,0.008945936,482.1714725,27.43924983,5.4,0,INT : 60.00[Hz],SLOW,1,2025/6/19,14:47:12,,,,,,,,,,,,,,,,,,,,
20,3464.3682,3742.3545,5899.939,0.264321173,0.285530716,3742.3545,0.179269883,0.435723249,12334.96203,0.008944476,482.1685594,27.44774194,5.41,0,INT : 60.00[Hz],SLOW,1,2025/6/19,14:47:13,,,,,,,,,,,,,,,,,,,,
21,3461.6204,3739.2705,5896.3784,0.264300926,0.285500009,3739.2705,0.17926612,0.435700621,12341.08083,0.00894218,482.1649546,27.45760635,5.39,0,INT : 60.00[Hz],SLOW,1,2025/6/19,14:47:14,,,,,,,,,,,,,,,,,,,,
22,3459.3459,3736.7563,5893.2207,0.264287613,0.285481253,3736.7563,0.179263122,0.435686658,12344.96232,0.008941389,482.1628958,27.46393654,5.38,0,INT : 60.00[Hz],SLOW,1,2025/6/19,14:47:15,,,,,,,,,,,,,,,,,,,,
23,3457.1125,3734.261,5890.2939,0.264271548,0.285457571,3734.261,0.179259888,0.435669137,12349.75619,0.008939909,482.1601862,27.47168887,5.38,0,INT : 60.00[Hz],SLOW,1,2025/6/19,14:47:16,,,,,,,,,,,,,,,,,,,,
24,3454.572,3731.4324,5886.8477,0.264255418,0.285433689,3731.4324,0.179256678,0.435651477,12354.58449,0.008938373,482.1574451,27.4794842,5.39,0,INT : 60.00[Hz],SLOW,1,2025/6/19,14:47:17,,,,,,,,,,,,,,,,,,,,
25,3452.1785,3728.71,5883.8018,0.264237301,0.285403627,3728.71,0.179254252,0.435629568,12360.34232,0.008935029,482.15367,27.48859151,5.39,0,INT : 60.00[Hz],SLOW,1,2025/6/19,14:47:18,,,,,,,,,,,,,,,,,,,,
26,3449.9688,3726.2102,5880.8784,0.264222535,0.285379017,3726.2102,0.179252315,0.435611639,12365.05092,0.00893225,482.1505717,27.49602607,5.39,0,INT : 60.00[Hz],SLOW,1,2025/6/19,14:47:19,,,,,,,,,,,,,,,,,,,,
27,3447.8494,3723.8052,5878.1484,0.264207008,0.285353365,3723.8052,0.179250196,0.435592931,12369.98348,0.008929443,482.1473648,27.50381901,5.41,0,INT : 60.00[Hz],SLOW,1,2025/6/19,14:47:20,,,,,,,,,,,,,,,,,,,,
28,3445.416,3721.042,5875.0103,0.264189271,0.285323854,3721.042,0.17924785,0.435571424,12375.64502,0.008926132,482.143659,27.51274371,5.38,0,INT : 60.00[Hz],SLOW,1,2025/6/19,14:47:21,,,,,,,,,,,,,,,,,,,,
29,3443.0298,3718.3704,5871.7739,0.264174312,0.285300447,3718.3704,0.179245331,0.435554232,12380.27303,0.008924082,482.140855,27.52010971,5.43,0,INT : 60.00[Hz],SLOW,1,2025/6/19,14:47:22,,,,,,,,,,,,,,,,,,,,
30,3440.7527,3715.7661,5868.7896,0.26415902,0.285272792,3715.7661,0.179244116,0.435534271,12385.38978,0.008920123,482.1371881,27.52804442,5.42,0,INT : 60.00[Hz],SLOW,1,2025/6/19,14:47:23,,,,,,,,,,,,,,,,,,,,
31,3438.4312,3713.1226,5865.8501,0.264141086,0.285242943,3713.1226,0.179241747,0.435512512,12391.13214,0.008916773,482.1334466,27.5370695,5.41,0,INT : 60.00[Hz],SLOW,1,2025/6/19,14:47:24,,,,,,,,,,,,,,,,,,,,
32,3436.0535,3710.408,5862.7192,0.26412528,0.285214579,3710.408,0.17924041,0.435492016,12396.40928,0.008912793,482.1297091,27.54524674,5.4,0,INT : 60.00[Hz],SLOW,1,2025/6/19,14:47:25,,,,,,,,,,,,,,,,,,,,
33,3433.9548,3707.9897,5860.0039,0.264110785,0.285187234,3707.9897,0.17923967,0.435472364,12401.39066,0.008908477,482.1259972,27.55289087,5.36,0,INT : 60.00[Hz],SLOW,1,2025/6/19,14:47:26,,,,,,,,,,,,,,,,,,,,
34,3431.3433,3704.9958,5856.5679,0.264093578,0.285155262,3704.9958,0.179238614,0.435449347,12407.25989,0.008903599,482.1216992,27.56191193,5.39,0,INT : 60.00[Hz],SLOW,1,2025/6/19,14:47:27,,,,,,,,,,,,,,,,,,,,
35,3428.9402,3702.2778,5853.4565,0.264075946,0.285126732,3702.2778,0.179235986,0.435428468,12412.84507,0.008900718,482.118207,27.57069647,5.39,0,INT : 60.00[Hz],SLOW,1,2025/6/19,14:47:28,,,,,,,,,,,,,,,,,,,,
36,3426.6548,3699.6489,5850.564,0.264058699,0.285095678,3699.6489,0.179234564,0.435406027,12418.63848,0.008896327,482.1141183,27.57963066,5.38,0,INT : 60.00[Hz],SLOW,1,2025/6/19,14:47:29,,,,,,,,,,,,,,,,,,,,
37,3424.1885,3696.8274,5847.2881,0.264042893,0.285066374,3696.8274,0.179233569,0.435384918,12424.04091,0.008891881,482.1101926,27.58791031,5.42,0,INT : 60.00[Hz],SLOW,1,2025/6/19,14:47:30,,,,,,,,,,,,,,,,,,,,
38,3421.7117,3694.0313,5843.9746,0.264026718,0.28503949,3694.0313,0.179231418,0.435365303,12429.25414,0.008888885,482.1068437,27.59604602,5.39,0,INT : 60.00[Hz],SLOW,1,2025/6/19,14:47:31,,,,,,,,,,,,,,,,,,,,
39,3419.4822,3691.4514,5841.0571,0.264012095,0.28501035,3691.4514,0.179231238,0.435344469,12434.47234,0.008883758,482.1027815,27.60392615,5.37,0,INT : 60.00[Hz],SLOW,1,2025/6/19,14:47:32,,,,,,,,,,,,,,,,,,,,
40,3417.0977,3688.6958,5837.8579,0.26399797,0.284981083,3688.6958,0.179231473,0.435323626,12439.63385,0.008878246,482.0986207,27.61165932,5.44,0,INT : 60.00[Hz],SLOW,1,2025/6/19,14:47:33,,,,,,,,,,,,,,,,,,,,
41,3414.606,3685.8623,5834.6313,0.263979877,0.284950438,3685.8623,0.179229275,0.43530131,12445.5427,0.008874611,482.0947604,27.62082225,5.38,0,INT : 60.00[Hz],SLOW,1,2025/6/19,14:47:34,,,,,,,,,,,,,,,,,,,,
42,3412.3918,3683.2891,5831.8975,0.263962182,0.284917174,3683.2891,0.179228328,0.435277371,12451.67033,0.008869409,482.0902829,27.63014109,5.39,0,INT : 60.00[Hz],SLOW,1,2025/6/19,14:47:35,,,,,,,,,,,,,,,,,,,,
43,3410.0947,3680.7026,5828.7915,0.263947619,0.284893169,3680.7026,0.179226317,0.435259829,12456.36777,0.008866816,482.087322,27.63744427,5.41,0,INT : 60.00[Hz],SLOW,1,2025/6/19,14:47:36,,,,,,,,,,,,,,,,,,,,
44,3407.8018,3678.0432,5825.8018,0.26393239,0.284862439,3678.0432,0.179226269,0.435237875,12461.87096,0.008861289,482.0830241,27.6456925,5.39,0,INT : 60.00[Hz],SLOW,1,2025/6/19,14:47:37,,,,,,,,,,,,,,,,,,,,
45,3405.1973,3675.0764,5822.2778,0.263916583,0.284833306,3675.0764,0.17922521,0.435216857,12467.30103,0.008856936,482.0791571,27.65395392,5.4,0,INT : 60.00[Hz],SLOW,1,2025/6/19,14:47:38,,,,,,,,,,,,,,,,,,,,
46,3403.0811,3672.6458,5819.4629,0.263903142,0.284807425,3672.6458,0.179224715,0.435198272,12472.03858,0.00885268,482.0756341,27.66109908,5.38,0,INT : 60.00[Hz],SLOW,1,2025/6/19,14:47:39,,,,,,,,,,,,,,,,,,,,
47,3400.7927,3670.0098,5816.6045,0.263884946,0.284774881,3670.0098,0.179223133,0.435174709,12478.19814,0.008848167,482.0714005,27.67050104,5.37,0,INT : 60.00[Hz],SLOW,1,2025/6/19,14:47:40,,,,,,,,,,,,,,,,,,,,
48,3398.5684,3667.449,5813.6899,0.263870003,0.2847463,3667.449,0.179222512,0.435154166,12483.4564,0.008843533,482.0675304,27.67842387,5.38,0,INT : 60.00[Hz],SLOW,1,2025/6/19,14:47:41,,,,,,,,,,,,,,,,,,,,
49,3396.3916,3664.9353,5810.8662,0.263854929,0.284717241,3664.9353,0.179221968,0.435133295,12488.78994,0.008838745,482.0635802,27.68644059,5.37,0,INT : 60.00[Hz],SLOW,1,2025/6/19,14:47:42,,,,,,,,,,,,,,,,,,,,
50,3394.1013,3662.2559,5807.918,0.263839295,0.2846842,3662.2559,0.179222464,0.435109784,12494.63223,0.008832329,482.0588678,27.6950704,5.39,0,INT : 60.00[Hz],SLOW,1,2025/6/19,14:47:43,,,,,,,,,,,,,,,,,,,,
51,3391.8767,3659.6985,5805.0356,0.26382355,0.284654996,3659.6985,0.179221476,0.435088715,12500.09706,0.008827905,482.0549929,27.70331949,5.38,0,INT : 60.00[Hz],SLOW,1,2025/6/19,14:47:44,,,,,,,,,,,,,,,,,,,,
52,3389.366,3656.8257,5801.6587,0.263808022,0.284625489,3656.8257,0.17922076,0.435067482,12505.69474,0.00882321,482.0510237,27.71153143,5.38,0,INT : 60.00[Hz],SLOW,1,2025/6/19,14:47:45,,,,,,,,,,,,,,,,,,,,
53,3387.1216,3654.252,5798.6367,0.263794306,0.284598837,3654.252,0.179220341,0.435048347,12510.70766,0.008818769,482.0473949,27.71884904,5.37,0,INT : 60.00[Hz],SLOW,1,2025/6/19,14:47:46,,,,,,,,,,,,,,,,,,,,
54,3384.8816,3651.6274,5795.728,0.263779542,0.284566705,3651.6274,0.17922115,0.435025538,12516.48098,0.008812267,482.0427584,27.72709943,5.39,0,INT : 60.00[Hz],SLOW,1,2025/6/19,14:47:47,,,,,,,,,,,,,,,,,,,,
55,3382.8821,3649.301,5793.2124,0.263764349,0.284537112,3649.301,0.179220713,0.435004292,12522.05313,0.008807313,482.0387294,27.7352125,5.39,0,INT : 60.00[Hz],SLOW,1,2025/6/19,14:47:48,,,,,,,,,,,,,,,,,,,,
56,3380.6443,3646.7471,5790.1851,0.263750663,0.284511436,3646.7471,0.17921996,0.434985782,12526.97149,0.008803342,482.0353111,27.7424145,5.38,0,INT : 60.00[Hz],SLOW,1,2025/6/19,14:47:49,,,,,,,,,,,,,,,,,,,,
57,3378.3652,3644.1362,5787.2368,0.263734133,0.284481708,3644.1362,0.179218582,0.434964248,12532.77878,0.008799188,482.0314578,27.75097357,5.38,0,INT : 60.00[Hz],SLOW,1,2025/6/19,14:47:50,,,,,,,,,,,,,,,,,,,,
58,3376.2686,3641.6809,5784.4878,0.263720768,0.284452157,3641.6809,0.179219483,0.434943292,12538.0776,0.008793072,482.027173,27.75849267,5.36,0,INT : 60.00[Hz],SLOW,1,2025/6/19,14:47:51,,,,,,,,,,,,,,,,,,,,
59,3374.301,3639.406,5782.0566,0.263704544,0.284422729,3639.406,0.179218222,0.434921991,12543.81665,0.008788872,482.0233436,27.76692067,5.37,0,INT : 60.00[Hz],SLOW,1,2025/6/19,14:47:52,,,,,,,,,,,,,,,,,,,,
60,3371.9023,3636.6155,5778.8569,0.263689958,0.284391096,3636.6155,0.17921898,0.434899513,12549.54492,0.008782507,482.0188045,27.77505946,5.39,0,INT : 60.00[Hz],SLOW,1,2025/6/19,14:47:53,,,,,,,,,,,,,,,,,,,,
61,3369.7744,3634.1975,5776.0654,0.263674849,0.284365172,3634.1975,0.179217263,0.434880624,12554.73954,0.008779337,482.0155578,27.78274737,5.35,0,INT : 60.00[Hz],SLOW,1,2025/6/19,14:47:54,,,,,,,,,,,,,,,,,,,,
62,3367.3801,3631.4326,5772.6753,0.263663882,0.284339037,3631.4326,0.179218692,0.434862209,12559.31152,0.008773377,482.0116508,27.78912212,5.38,0,INT : 60.00[Hz],SLOW,1,2025/6/19,14:47:55,,,,,,,,,,,,,,,,,,,,
63,3365.2136,3628.9285,5769.939,0.26364715,0.284307854,3628.9285,0.179217696,0.434839696,12565.34535,0.00876863,482.0075355,27.79790436,5.33,0,INT : 60.00[Hz],SLOW,1,2025/6/19,14:47:56,,,,,,,,,,,,,,,,,,,,
64,3363.0515,3626.4397,5767.1182,0.263632082,0.284279277,3626.4397,0.17921698,0.434819102,12570.83896,0.008764108,482.0037274,27.80586664,5.38,0,INT : 60.00[Hz],SLOW,1,2025/6/19,14:47:57,,,,,,,,,,,,,,,,,,,,
65,3360.8989,3623.9336,5764.2397,0.263619097,0.284250771,3623.9336,0.17921778,0.434798858,12576.00287,0.008758272,481.9995894,27.81315637,5.39,0,INT : 60.00[Hz],SLOW,1,2025/6/19,14:47:58,,,,,,,,,,,,,,,,,,,,
66,3359.0667,3621.8032,5761.9717,0.263604211,0.284222571,3621.8032,0.17921706,0.434778529,12581.4379,0.008753822,481.9954694,27.82108435,5.39,0,INT : 60.00[Hz],SLOW,1,2025/6/19,14:47:59,,,,,,,,,,,,,,,,,,,,
67,3356.9126,3619.3235,5759.0835,0.263590762,0.284195734,3619.3235,0.179216908,0.434759286,12586.50215,0.008749122,481.9914334,27.82839927,5.39,0,INT : 60.00[Hz],SLOW,1,2025/6/19,14:48:00,,,,,,,,,,,,,,,,,,,,
68,3354.7627,3616.8428,5756.2979,0.263575437,0.284166424,3616.8428,0.179216269,0.434738173,12592.13923,0.008744403,481.9871329,27.83659219,5.38,0,INT : 60.00[Hz],SLOW,1,2025/6/19,14:48:01,,,,,,,,,,,,,,,,,,,,
69,3352.7717,3614.5186,5753.8325,0.263559416,0.284135187,3614.5186,0.179215819,0.434715716,12598.10443,0.008739171,481.9825014,27.84522405,5.38,0,INT : 60.00[Hz],SLOW,1,2025/6/19,14:48:02,,,,,,,,,,,,,,,,,,,,
70,3350.6643,3612.0825,5750.9185,0.263548255,0.28411024,3612.0825,0.179216669,0.434698021,12602.61512,0.008733934,481.9785379,27.85159519,5.37,0,INT : 60.00[Hz],SLOW,1,2025/6/19,14:48:03,,,,,,,,,,,,,,,,,,,,
71,3348.7781,3609.9065,5748.4775,0.263534696,0.284084398,3609.9065,0.179216071,0.434679394,12607.60761,0.008729805,481.9747614,27.8588337,5.39,0,INT : 60.00[Hz],SLOW,1,2025/6/19,14:48:04,,,,,,,,,,,,,,,,,,,,
72,3346.5403,3607.3098,5745.6489,0.263517506,0.284051347,3607.3098,0.179215418,0.43465559,12613.97588,0.008724427,481.9699098,27.86804329,5.35,0,INT : 60.00[Hz],SLOW,1,2025/6/19,14:48:05,,,,,,,,,,,,,,,,,,,,
73,3344.4353,3604.8584,5742.855,0.263504264,0.284022705,3604.8584,0.179216078,0.434635203,12619.23869,0.008718692,481.9654374,27.87549482,5.34,0,INT : 60.00[Hz],SLOW,1,2025/6/19,14:48:06,,,,,,,,,,,,,,,,,,,,
74,3342.3521,3602.4568,5740.1812,0.263488743,0.283993663,3602.4568,0.179215196,0.434614221,12624.91235,0.008714237,481.9612483,27.88372019,5.35,0,INT : 60.00[Hz],SLOW,1,2025/6/19,14:48:07,,,,,,,,,,,,,,,,,,,,
75,3340.302,3600.082,5737.4478,0.26347581,0.283966695,3600.082,0.179215472,0.434594953,12629.9516,0.008709141,481.9571192,27.89088503,5.39,0,INT : 60.00[Hz],SLOW,1,2025/6/19,14:48:08,,,,,,,,,,,,,,,,,,,,
76,3338.3511,3597.7886,5735.0156,0.263460673,0.283935325,3597.7886,0.179215726,0.434572524,12635.83433,0.008703273,481.9523341,27.89924905,5.4,0,INT : 60.00[Hz],SLOW,1,2025/6/19,14:48:09,,,,,,,,,,,,,,,,,,,,
77,3336.054,3595.1479,5731.9136,0.263446543,0.283907061,3595.1479,0.17921559,0.434552241,12641.21847,0.008698306,481.948106,27.90694226,5.33,0,INT : 60.00[Hz],SLOW,1,2025/6/19,14:48:10,,,,,,,,,,,,,,,,,,,,
78,3333.6716,3592.4026,5728.8188,0.263429458,0.283874593,3592.4026,0.179214801,0.434528813,12647.54592,0.008693155,481.9433923,27.91605273,5.34,0,INT : 60.00[Hz],SLOW,1,2025/6/19,14:48:11,,,,,,,,,,,,,,,,,,,,
79,3331.8516,3590.2803,5726.4438,0.263417137,0.283848584,3590.2803,0.179215181,0.434510244,12652.40273,0.008688142,481.9393954,27.9229139,5.37,0,INT : 60.00[Hz],SLOW,1,2025/6/19,14:48:12,,,,,,,,,,,,,,,,,,,,
80,3329.8523,3587.9509,5723.749,0.263405336,0.283822021,3587.9509,0.179216149,0.434491395,12657.24311,0.008682515,481.9351882,27.92967112,5.35,0,INT : 60.00[Hz],SLOW,1,2025/6/19,14:48:13,,,,,,,,,,,,,,,,,,,,
81,3327.6304,3585.3965,5720.8682,0.263389111,0.283791853,3585.3965,0.179215157,0.434469567,12663.19586,0.008677958,481.9308741,27.93824819,5.33,0,INT : 60.00[Hz],SLOW,1,2025/6/19,14:48:14,,,,,,,,,,,,,,,,,,,,
82,3325.6938,3583.1462,5718.4336,0.263373861,0.283762458,3583.1462,0.179214603,0.434448379,12668.91323,0.008673156,481.9265824,27.94642666,5.38,0,INT : 60.00[Hz],SLOW,1,2025/6/19,14:48:15,,,,,,,,,,,,,,,,,,,,
83,3323.509,3580.616,5715.561,0.263359088,0.283732575,3580.616,0.179214583,0.434426945,12674.61528,0.008667799,481.9221026,27.95450722,5.37,0,INT : 60.00[Hz],SLOW,1,2025/6/19,14:48:16,,,,,,,,,,,,,,,,,,,,
84,3321.4443,3578.2168,5712.8623,0.263344946,0.283703482,3578.2168,0.179214742,0.43440611,12680.13409,0.008662428,481.9177052,27.96229724,5.35,0,INT : 60.00[Hz],SLOW,1,2025/6/19,14:48:17,,,,,,,,,,,,,,,,,,,,
85,3319.7542,3576.2395,5710.7192,0.26333226,0.283677397,3576.2395,0.179214878,0.434387427,12685.08827,0.008657618,481.913766,27.96928394,5.35,0,INT : 60.00[Hz],SLOW,1,2025/6/19,14:48:18,,,,,,,,,,,,,,,,,,,,
86,3317.2317,3573.3735,5707.3457,0.263315179,0.2836472,3573.3735,0.179213261,0.434365443,12691.21255,0.008653606,481.9096002,27.97813812,5.33,0,INT : 60.00[Hz],SLOW,1,2025/6/19,14:48:19,,,,,,,,,,,,,,,,,,,,
87,3315.5771,3571.4058,5705.1855,0.263304698,0.283621191,3571.4058,0.179215006,0.434347131,12695.8154,0.0086474,481.905323,27.9844108,5.32,0,INT : 60.00[Hz],SLOW,1,2025/6/19,14:48:20,,,,,,,,,,,,,,,,,,,,
88,3313.3738,3568.8257,5702.4844,0.263286216,0.28358485,3568.8257,0.179214597,0.434320974,12702.86899,0.008641226,481.899978,27.99440306,5.35,0,INT : 60.00[Hz],SLOW,1,2025/6/19,14:48:21,,,,,,,,,,,,,,,,,,,,
89,3311.3462,3566.488,5699.8643,0.263271234,0.283556487,3566.488,0.179213865,0.434300475,12708.47008,0.008636769,481.8959004,28.00238001,5.35,0,INT : 60.00[Hz],SLOW,1,2025/6/19,14:48:22,,,,,,,,,,,,,,,,,,,,
90,3309.2356,3564.0579,5696.9585,0.263259289,0.283531142,3564.0579,0.179214282,0.434282368,12713.24845,0.008631849,481.8920233,28.0090465,5.34,0,INT : 60.00[Hz],SLOW,1,2025/6/19,14:48:23,,,,,,,,,,,,,,,,,,,,
91,3307.001,3561.4678,5694.0356,0.263243768,0.283499825,3561.4678,0.179214231,0.43425988,12719.28093,0.008626265,481.88736,28.01752708,5.33,0,INT : 60.00[Hz],SLOW,1,2025/6/19,14:48:24,,,,,,,,,,,,,,,,,,,,
92,3305.0117,3559.1384,5691.4824,0.263229407,0.283469463,3559.1384,0.179214692,0.434238176,12725.02587,0.008620405,481.88273,28.02552978,5.34,0,INT : 60.00[Hz],SLOW,1,2025/6/19,14:48:25,,,,,,,,,,,,,,,,,,,,
93,3303.104,3556.9082,5689.2095,0.263211861,0.283436558,3556.9082,0.17921372,0.434214359,12731.57812,0.008615345,481.8780396,28.0348368,5.35,0,INT : 60.00[Hz],SLOW,1,2025/6/19,14:48:26,,,,,,,,,,,,,,,,,,,,
94,3301.2317,3554.7627,5686.6763,0.263200062,0.28341354,3554.7627,0.179213392,0.434197767,12736.08996,0.008611497,481.8746832,28.04119558,5.32,0,INT : 60.00[Hz],SLOW,1,2025/6/19,14:48:27,,,,,,,,,,,,,,,,,,,,
95,3299.1899,3552.3911,5683.8994,0.26318815,0.283386914,3552.3911,0.179214302,0.434178829,12741.03364,0.008605916,481.8705189,28.04799505,5.34,0,INT : 60.00[Hz],SLOW,1,2025/6/19,14:48:28,,,,,,,,,,,,,,,,,,,,
96,3297.1917,3550.0737,5681.4487,0.263170799,0.283354993,3550.0737,0.179213114,0.434155669,12747.4621,0.008601224,481.8660317,28.05712924,5.34,0,INT : 60.00[Hz],SLOW,1,2025/6/19,14:48:29,,,,,,,,,,,,,,,,,,,,
97,3295.1138,3547.679,5678.6279,0.263158141,0.283328792,3547.679,0.179213315,0.434136891,12752.48863,0.008596342,481.8620921,28.0641198,5.31,0,INT : 60.00[Hz],SLOW,1,2025/6/19,14:48:30,,,,,,,,,,,,,,,,,,,,
98,3293.0415,3545.3076,5675.8267,0.263144897,0.283303324,3545.3076,0.179212812,0.434118497,12757.53117,0.008592209,481.8584187,28.07121588,5.33,0,INT : 60.00[Hz],SLOW,1,2025/6/19,14:48:31,,,,,,,,,,,,,,,,,,,,
99,3291.094,3543.0369,5673.2988,0.263131121,0.28327458,3543.0369,0.179213114,0.434097909,12763.03838,0.008586783,481.8540841,28.07884952,5.33,0,INT : 60.00[Hz],SLOW,1,2025/6/19,14:48:32,,,,,,,,,,,,,,,,,,,,
100,3288.9355,3540.5754,5670.3037,0.263118743,0.283250233,3540.5754,0.179212843,0.434080363,12767.82265,0.008582648,481.8505305,28.08554272,5.31,0,INT : 60.00[Hz],SLOW,1,2025/6/19,14:48:33,,,,,,,,,,,,,,,,,,,,
101,3286.9038,3538.1831,5667.936,0.263099158,0.283212728,3538.1831,0.179212042,0.434053255,12775.28455,0.008576617,481.8451448,28.0960184,5.35,0,INT : 60.00[Hz],SLOW,1,2025/6/19,14:48:34,,,,,,,,,,,,,,,,,,,,
102,3284.8135,3535.762,5665.0508,0.263087603,0.283186595,3535.762,0.179213037,0.434034674,12780.15089,0.008571053,481.8410532,28.1026483,5.34,0,INT : 60.00[Hz],SLOW,1,2025/6/19,14:48:35,,,,,,,,,,,,,,,,,,,,
103,3282.8811,3533.5247,5662.6401,0.263071482,0.283156639,3533.5247,0.179212042,0.434012947,12786.20141,0.008566549,481.8368358,28.11116845,5.32,0,INT : 60.00[Hz],SLOW,1,2025/6/19,14:48:36,,,,,,,,,,,,,,,,,,,,
104,3280.9109,3531.2705,5659.8647,0.263061159,0.283134818,3531.2705,0.179212372,0.433997329,12790.38267,0.008562343,481.8335335,28.11692059,5.32,0,INT : 60.00[Hz],SLOW,1,2025/6/19,14:48:37,,,,,,,,,,,,,,,,,,,,
105,3278.7085,3528.7224,5657.0156,0.263044853,0.283103016,3528.7224,0.179211916,0.433974378,12796.68703,0.008557035,481.8289297,28.1257069,5.34,0,INT : 60.00[Hz],SLOW,1,2025/6/19,14:48:38,,,,,,,,,,,,,,,,,,,,
106,3276.8503,3526.5806,5654.7075,0.263028889,0.283074444,3526.5806,0.179210531,0.433953561,12802.57131,0.008553124,481.8250107,28.13402156,5.33,0,INT : 60.00[Hz],SLOW,1,2025/6/19,14:48:39,,,,,,,,,,,,,,,,,,,,
107,3274.8506,3524.252,5652.019,0.263016514,0.283046951,3524.252,0.179211415,0.43393397,12807.75334,0.008547414,481.8207549,28.14106667,5.31,0,INT : 60.00[Hz],SLOW,1,2025/6/19,14:48:40,,,,,,,,,,,,,,,,,,,,
108,3273.0906,3522.2065,5649.7642,0.263003172,0.283020422,3522.2065,0.179211228,0.433914858,12812.98663,0.008542819,481.8168796,28.14831292,5.34,0,INT : 60.00[Hz],SLOW,1,2025/6/19,14:48:41,,,,,,,,,,,,,,,,,,,,
109,3270.8701,3519.6514,5646.9912,0.262984262,0.282986758,3519.6514,0.17920952,0.433890309,12819.95753,0.008538278,481.8122883,28.15814149,5.33,0,INT : 60.00[Hz],SLOW,1,2025/6/19,14:48:42,,,,,,,,,,,,,,,,,,,,
110,3268.9373,3517.3794,5644.4204,0.262972121,0.282958233,3517.3794,0.179210956,0.433870079,12825.23805,0.008531901,481.8077673,28.16522775,5.33,0,INT : 60.00[Hz],SLOW,1,2025/6/19,14:48:43,,,,,,,,,,,,,,,,,,,,
111,3266.8364,3514.9355,5641.7856,0.262954987,0.28292504,3514.9355,0.179210395,0.433846091,12831.88019,0.00852644,481.8030005,28.17443525,5.31,0,INT : 60.00[Hz],SLOW,1,2025/6/19,14:48:44,,,,,,,,,,,,,,,,,,,,
112,3265.0771,3512.9265,5639.4189,0.262943224,0.282903034,3512.9265,0.179209723,0.433830127,12836.35427,0.008523084,481.7999082,28.18066882,5.32,0,INT : 60.00[Hz],SLOW,1,2025/6/19,14:48:45,,,,,,,,,,,,,,,,,,,,
113,3263.0679,3510.6038,5636.8403,0.262927742,0.282873406,3510.6038,0.179209082,0.433808684,12842.32557,0.008518333,481.7956891,28.18894742,5.32,0,INT : 60.00[Hz],SLOW,1,2025/6/19,14:48:46,,,,,,,,,,,,,,,,,,,,
114,3260.968,3508.197,5634.042,0.262913293,0.282845961,3508.197,0.179208408,0.433788802,12847.88055,0.008514003,481.7918011,28.19665073,5.38,0,INT : 60.00[Hz],SLOW,1,2025/6/19,14:48:47,,,,,,,,,,,,,,,,,,,,
115,3259.1606,3506.0974,5631.7695,0.262898554,0.282817587,3506.0974,0.179207859,0.433768275,12853.59705,0.008509398,481.7877519,28.20455129,5.33,0,INT : 60.00[Hz],SLOW,1,2025/6/19,14:48:48,,,,,,,,,,,,,,,,,,,,
116,3257.0161,3503.5835,5628.897,0.262885265,0.28278659,3503.5835,0.179209349,0.433746264,12859.38762,0.008502533,481.7828727,28.21228193,5.34,0,INT : 60.00[Hz],SLOW,1,2025/6/19,14:48:49,,,,,,,,,,,,,,,,,,,,
117,3255.1445,3501.4216,5626.5474,0.262869633,0.282757773,3501.4216,0.179208299,0.433725314,12865.31464,0.00849829,481.7788739,28.22051783,5.33,0,INT : 60.00[Hz],SLOW,1,2025/6/19,14:48:50,,,,,,,,,,,,,,,,,,,,
118,3253.2053,3499.1665,5624.0415,0.262855257,0.28272864,3499.1665,0.179208298,0.433704342,12871.07879,0.008493069,481.7746012,28.22838723,5.34,0,INT : 60.00[Hz],SLOW,1,2025/6/19,14:48:51,,,,,,,,,,,,,,,,,,,,
119,3251.1384,3496.802,5621.3433,0.262839666,0.282700444,3496.802,0.179207051,0.433683796,12876.93899,0.008489111,481.7707423,28.23654008,5.37,0,INT : 60.00[Hz],SLOW,1,2025/6/19,14:48:52,,,,,,,,,,,,,,,,,,,,
120,3249.251,3494.5889,5618.79,0.262828462,0.282673584,3494.5889,0.179208573,0.433664759,12881.92767,0.00848296,481.7664738,28.24313978,5.33,0,INT : 60.00[Hz],SLOW,1,2025/6/19,14:48:53,,,,,,,,,,,,,,,,,,,,
121,3247.4448,3492.4709,5616.4917,0.262814643,0.282644525,3492.4709,0.179208959,0.433643912,12887.60935,0.008477415,481.7621353,28.2508226,5.3,0,INT : 60.00[Hz],SLOW,1,2025/6/19,14:48:54,,,,,,,,,,,,,,,,,,,,
122,3245.3767,3490.1025,5613.7534,0.262799868,0.282616954,3490.1025,0.179208089,0.433623884,12893.27974,0.008473239,481.7582927,28.2586443,5.28,0,INT : 60.00[Hz],SLOW,1,2025/6/19,14:48:55,,,,,,,,,,,,,,,,,,,,
123,3243.5562,3487.947,5611.4375,0.262786339,0.282586386,3487.947,0.179209243,0.433602097,12899.10335,0.008466749,481.7535706,28.26640389,5.33,0,INT : 60.00[Hz],SLOW,1,2025/6/19,14:48:56,,,,,,,,,,,,,,,,,,,,
124,3241.5059,3485.5552,5608.7114,0.262772834,0.282556702,3485.5552,0.179210091,0.433580885,12904.82517,0.008460687,481.7490481,28.27405641,5.34,0,INT : 60.00[Hz],SLOW,1,2025/6/19,14:48:57,,,,,,,,,,,,,,,,,,,,
125,3239.6821,3483.4526,5606.2427,0.262761208,0.282532725,3483.4526,0.179210243,0.433563643,12909.56996,0.008456258,481.745514,28.28046728,5.31,0,INT : 60.00[Hz],SLOW,1,2025/6/19,14:48:58,,,,,,,,,,,,,,,,,,,,
126,3237.6216,3481.0701,5603.4927,0.262747375,0.282504302,3481.0701,0.179210386,0.433543194,12915.20865,0.008451043,481.7413353,28.28808352,5.31,0,INT : 60.00[Hz],SLOW,1,2025/6/19,14:48:59,,,,,,,,,,,,,,,,,,,,
127,3235.8201,3478.9487,5601.2354,0.262732949,0.282473816,3478.9487,0.179210844,0.433521319,12921.19506,0.008445181,481.7367893,28.29612077,5.31,0,INT : 60.00[Hz],SLOW,1,2025/6/19,14:49:00,,,,,,,,,,,,,,,,,,,,
128,3233.8513,3476.6672,5598.6938,0.262717973,0.282444328,3476.6672,0.179210527,0.433500007,12927.16103,0.008440179,481.7325618,28.30422196,5.33,0,INT : 60.00[Hz],SLOW,1,2025/6/19,14:49:01,,,,,,,,,,,,,,,,,,,,
129,3231.8076,3474.2876,5595.8701,0.26270661,0.282417282,3474.2876,0.179212001,0.433480808,12932.24582,0.008434042,481.7283001,28.31089312,5.31,0,INT : 60.00[Hz],SLOW,1,2025/6/19,14:49:02,,,,,,,,,,,,,,,,,,,,
130,3229.9106,3472.0991,5593.375,0.262692927,0.28239044,3472.0991,0.179211675,0.433461397,12937.69572,0.008429522,481.7244651,28.31828348,5.34,0,INT : 60.00[Hz],SLOW,1,2025/6/19,14:49:03,,,,,,,,,,,,,,,,,,,,
131,3228.1035,3469.9866,5591.0796,0.262678731,0.282361354,3469.9866,0.17921179,0.433440454,12943.50303,0.008424214,481.7202093,28.32609021,5.33,0,INT : 60.00[Hz],SLOW,1,2025/6/19,14:49:04,,,,,,,,,,,,,,,,,,,,
132,3226.25,3467.8542,5588.6113,0.262665858,0.282336117,3467.8542,0.179211477,0.433422198,12948.63917,0.008419972,481.7166094,28.3330416,5.3,0,INT : 60.00[Hz],SLOW,1,2025/6/19,14:49:05,,,,,,,,,,,,,,,,,,,,
133,3224.1987,3465.4978,5585.833,0.262652515,0.282309435,3465.4978,0.179211346,0.433402935,12954.03006,0.008415312,481.7127621,28.34030514,5.29,0,INT : 60.00[Hz],SLOW,1,2025/6/19,14:49:06,,,,,,,,,,,,,,,,,,,,
134,3222.3618,3463.3931,5583.3745,0.262639809,0.282285155,3463.3931,0.179210806,0.433385321,12959.0343,0.008411441,481.7093552,28.34709568,5.31,0,INT : 60.00[Hz],SLOW,1,2025/6/19,14:49:07,,,,,,,,,,,,,,,,,,,,
135,3220.1216,3460.7966,5580.418,0.262624036,0.28225281,3460.7966,0.179210945,0.433362024,12965.51592,0.008405531,481.7046316,28.35577254,5.28,0,INT : 60.00[Hz],SLOW,1,2025/6/19,14:49:08,,,,,,,,,,,,,,,,,,,,
136,3218.4646,3458.8499,5578.4077,0.262609135,0.282223262,3458.8499,0.179210705,0.433340666,12971.52588,0.008400454,481.7003997,28.36385667,5.31,0,INT : 60.00[Hz],SLOW,1,2025/6/19,14:49:09,,,,,,,,,,,,,,,,,,,,
137,3216.7373,3456.8904,5575.9292,0.262600299,0.282205342,3456.8904,0.17921071,0.433327742,12975.14041,0.008397244,481.6978018,28.36869499,5.29,0,INT : 60.00[Hz],SLOW,1,2025/6/19,14:49:10,,,,,,,,,,,,,,,,,,,,
138,3214.6904,3454.4968,5573.3276,0.262584155,0.282172156,3454.4968,0.179210881,0.433303838,12981.80405,0.008391157,481.6929578,28.37758499,5.32,0,INT : 60.00[Hz],SLOW,1,2025/6/19,14:49:11,,,,,,,,,,,,,,,,,,,,
139,3213.0854,3452.5969,5571.3457,0.262570732,0.282143418,3452.5969,0.179211445,0.433283217,12987.48825,0.008385521,481.688675,28.38510516,5.29,0,INT : 60.00[Hz],SLOW,1,2025/6/19,14:49:12,,,,,,,,,,,,,,,,,,,,
140,3210.9778,3450.1682,5568.6143,0.262554435,0.282112496,3450.1682,0.179210671,0.433260753,12993.92087,0.00838067,481.6843719,28.39379012,5.3,0,INT : 60.00[Hz],SLOW,1,2025/6/19,14:49:13,,,,,,,,,,,,,,,,,,,,
141,3209.1589,3448.0654,5566.3584,0.262538323,0.282083043,3448.0654,0.179209497,0.433239266,13000.15335,0.008376435,481.6803718,28.4022508,5.31,0,INT : 60.00[Hz],SLOW,1,2025/6/19,14:49:14,,,,,,,,,,,,,,,,,,,,
142,3207.4089,3446.064,5563.9224,0.262528045,0.282062086,3446.064,0.179209543,0.433224152,13004.39385,0.008372647,481.6773343,28.40789141,5.32,0,INT : 60.00[Hz],SLOW,1,2025/6/19,14:49:15,,,,,,,,,,,,,,,,,,,,
143,3205.5686,3443.9233,5561.6411,0.262511972,0.28203143,3443.9233,0.179208839,0.433201887,13010.77672,0.008367785,481.6730626,28.41647472,5.33,0,INT : 60.00[Hz],SLOW,1,2025/6/19,14:49:16,,,,,,,,,,,,,,,,,,,,
144,3203.6519,3441.7124,5559.0913,0.26249855,0.282004582,3441.7124,0.179208709,0.433182482,13016.26307,0.008363099,481.6692174,28.42378228,5.31,0,INT : 60.00[Hz],SLOW,1,2025/6/19,14:49:17,,,,,,,,,,,,,,,,,,,,
145,3201.6882,3439.4607,5556.5269,0.262483464,0.281976727,3439.4607,0.179207711,0.433162176,13022.15575,0.008358997,481.6654192,28.43173535,5.3,0,INT : 60.00[Hz],SLOW,1,2025/6/19,14:49:18,,,,,,,,,,,,,,,,,,,,
146,3199.9341,3437.425,5554.228,0.262470675,0.281950576,3437.425,0.179207796,0.433143313,13027.46314,0.008354247,481.6616321,28.43876234,5.31,0,INT : 60.00[Hz],SLOW,1,2025/6/19,14:49:19,,,,,,,,,,,,,,,,,,,,
147,3198.0691,3435.3091,5551.7773,0.262456158,0.28192575,3435.3091,0.179206109,0.433125053,13032.90542,0.008351294,481.6584255,28.44619346,5.33,0,INT : 60.00[Hz],SLOW,1,2025/6/19,14:49:20,,,,,,,,,,,,,,,,,,,,
148,3196.1821,3433.1165,5549.2686,0.262443196,0.281898227,3433.1165,0.179206569,0.43310527,13038.41865,0.008345971,481.6543634,28.4534298,5.31,0,INT : 60.00[Hz],SLOW,1,2025/6/19,14:49:21,,,,,,,,,,,,,,,,,,,,
149,3194.3877,3431.0615,5546.9648,0.262428447,0.281871903,3431.0615,0.179205258,0.433086,13044.09258,0.008342419,481.6508631,28.46110333,5.32,0,INT : 60.00[Hz],SLOW,1,2025/6/19,14:49:22,,,,,,,,,,,,,,,,,,,,
150,3192.6284,3429.0515,5544.6318,0.26241547,0.281848072,3429.0515,0.179204352,0.433068609,13049.17095,0.008338959,481.6476351,28.46793003,5.32,0,INT : 60.00[Hz],SLOW,1,2025/6/19,14:49:23,,,,,,,,,,,,,,,,,,,,
151,3190.8569,3426.9866,5542.4805,0.262399004,0.281817047,3426.9866,0.17920349,0.433046028,13055.71725,0.008334174,481.6433656,28.4766806,5.33,0,INT : 60.00[Hz],SLOW,1,2025/6/19,14:49:24,,,,,,,,,,,,,,,,,,,,
152,3188.947,3424.7859,5539.9937,0.262384296,0.281788954,3424.7859,0.17920286,0.433025608,13061.61742,0.008329709,481.6394693,28.48453934,5.3,0,INT : 60.00[Hz],SLOW,1,2025/6/19,14:49:25,,,,,,,,,,,,,,,,,,,,
153,3187.0615,3422.6245,5537.5972,0.262368255,0.281760493,3422.6245,0.179201373,0.433004751,13067.79377,0.008325933,481.6357101,28.49286595,5.31,0,INT : 60.00[Hz],SLOW,1,2025/6/19,14:49:26,,,,,,,,,,,,,,,,,,,,
154,3185.0391,3420.2881,5534.9233,0.262353656,0.281731262,3420.2881,0.179201241,0.432983605,13073.82755,0.008320829,481.6315471,28.50081783,5.31,0,INT : 60.00[Hz],SLOW,1,2025/6/19,14:49:27,,,,,,,,,,,,,,,,,,,,
155,3183.4067,3418.4387,5532.8179,0.262339928,0.281708574,3418.4387,0.179199355,0.432966836,13078.9203,0.008318436,481.6287071,28.50775632,5.33,0,INT : 60.00[Hz],SLOW,1,2025/6/19,14:49:28,,,,,,,,,,,,,,,,,,,,
156,3181.5422,3416.3308,5530.2134,0.262328458,0.281687538,3416.3308,0.179198543,0.432951472,13083.43372,0.008315394,481.6258709,28.5137874,5.27,0,INT : 60.00[Hz],SLOW,1,2025/6/19,14:49:29,,,,,,,,,,,,,,,,,,,,
157,3179.7229,3414.2295,5527.9297,0.26231264,0.281658366,3414.2295,0.179197483,0.432930177,13089.68367,0.008311118,481.6219255,28.52212238,5.28,0,INT : 60.00[Hz],SLOW,1,2025/6/19,14:49:30,,,,,,,,,,,,,,,,,,,,
158,3177.7368,3411.9639,5525.3682,0.262296222,0.281629756,3411.9639,0.179195769,0.432909158,13095.97336,0.008307519,481.6182062,28.5305865,5.32,0,INT : 60.00[Hz],SLOW,1,2025/6/19,14:49:31,,,,,,,,,,,,,,,,,,,,
159,3175.7385,3409.6726,5522.644,0.262283123,0.281603657,3409.6726,0.179195603,0.432890258,13101.39878,0.008303006,481.6145103,28.53770688,5.29,0,INT : 60.00[Hz],SLOW,1,2025/6/19,14:49:32,,,,,,,,,,,,,,,,,,,,
160,3174.0007,3407.6746,5520.4761,0.262267476,0.281575935,3407.6746,0.179194137,0.432869925,13107.46151,0.008299347,481.6108684,28.54582448,5.31,0,INT : 60.00[Hz],SLOW,1,2025/6/19,14:49:33,,,,,,,,,,,,,,,,,,,,
161,3172.1995,3405.6521,5518.0557,0.262253953,0.281554084,3405.6521,0.179192095,0.43285372,13112.447,0.008297244,481.6081927,28.55260373,5.27,0,INT : 60.00[Hz],SLOW,1,2025/6/19,14:49:34,,,,,,,,,,,,,,,,,,,,
162,3170.2917,3403.4758,5515.668,0.262236537,0.281524791,3403.4758,0.179189889,0.4328321,13119.01599,0.008293958,481.6044922,28.5614636,5.31,0,INT : 60.00[Hz],SLOW,1,2025/6/19,14:49:35,,,,,,,,,,,,,,,,,,,,
163,3168.2961,3401.1926,5513.0005,0.262222134,0.281497674,3401.1926,0.179189126,0.432812338,13124.81149,0.008289791,481.6007898,28.56911546,5.31,0,INT : 60.00[Hz],SLOW,1,2025/6/19,14:49:36,,,,,,,,,,,,,,,,,,,,
164,3166.4585,3399.1143,5510.498,0.262209336,0.281475188,3399.1143,0.179187857,0.432795824,13129.76722,0.008286896,481.5978605,28.57573397,5.31,0,INT : 60.00[Hz],SLOW,1,2025/6/19,14:49:37,,,,,,,,,,,,,,,,,,,,
165,3164.7583,3397.1929,5508.3384,0.262194065,0.28145082,3397.1929,0.179185439,0.432777718,13135.38135,0.008284677,481.5949149,28.58335467,5.3,0,INT : 60.00[Hz],SLOW,1,2025/6/19,14:49:38,,,,,,,,,,,,,,,,,,,,
166,3162.8774,3395.0056,5505.8516,0.262180619,0.281422438,3395.0056,0.179185852,0.432757269,13141.18748,0.008279251,481.5907823,28.59084247,5.31,0,INT : 60.00[Hz],SLOW,1,2025/6/19,14:49:39,,,,,,,,,,,,,,,,,,,,
167,3161.219,3393.1067,5503.6533,0.262168229,0.281399288,3393.1067,0.179185131,0.432740378,13146.17042,0.008275756,481.5876441,28.59740483,5.31,0,INT : 60.00[Hz],SLOW,1,2025/6/19,14:49:40,,,,,,,,,,,,,,,,,,,,
168,3159.3311,3390.9307,5501.3135,0.262150882,0.281368254,3390.9307,0.179183615,0.432717624,13152.98318,0.008271556,481.5835595,28.60643796,5.29,0,INT : 60.00[Hz],SLOW,1,2025/6/19,14:49:41,,,,,,,,,,,,,,,,,,,,
169,3157.6187,3389.0107,5498.9297,0.262139654,0.28134939,3389.0107,0.179182184,0.43270369,13157.24525,0.008269452,481.5811891,28.61214763,5.28,0,INT : 60.00[Hz],SLOW,1,2025/6/19,14:49:42,,,,,,,,,,,,,,,,,,,,
170,3155.8572,3387.0071,5496.7217,0.262123399,0.281322555,3387.0071,0.179179937,0.432683825,13163.36204,0.008266646,481.5778651,28.62036043,5.27,0,INT : 60.00[Hz],SLOW,1,2025/6/19,14:49:43,,,,,,,,,,,,,,,,,,,,
171,3154.1387,3385.0242,5494.5146,0.262109293,0.281295905,3385.0242,0.179179223,0.432664396,13169.09461,0.008262522,481.5742353,28.62786476,5.28,0,INT : 60.00[Hz],SLOW,1,2025/6/19,14:49:44,,,,,,,,,,,,,,,,,,,,
172,3152.2556,3382.8708,5491.9487,0.262096609,0.281271279,3382.8708,0.179178825,0.432646493,13174.33687,0.008258483,481.5708265,28.63468685,5.26,0,INT : 60.00[Hz],SLOW,1,2025/6/19,14:49:45,,,,,,,,,,,,,,,,,,,,
173,3150.6472,3381.0273,5489.8564,0.262083692,0.281247649,3381.0273,0.179177887,0.432629202,13179.49978,0.008255097,481.5676782,28.64147192,5.29,0,INT : 60.00[Hz],SLOW,1,2025/6/19,14:49:46,,,,,,,,,,,,,,,,,,,,
174,3148.9695,3379.1057,5487.7681,0.262068123,0.281220853,3379.1057,0.179176136,0.432609456,13185.51802,0.008251862,481.5642597,28.64946064,5.29,0,INT : 60.00[Hz],SLOW,1,2025/6/19,14:49:47,,,,,,,,,,,,,,,,,,,,
175,3147.1987,3377.0452,5485.4297,0.262055307,0.281193754,3377.0452,0.179176548,0.432589918,13191.10821,0.00824667,481.5603299,28.65660274,5.29,0,INT : 60.00[Hz],SLOW,1,2025/6/19,14:49:48,,,,,,,,,,,,,,,,,,,,
176,3145.5344,3375.1694,5483.0933,0.262044949,0.281175146,3375.1694,0.179175671,0.432576271,13195.21748,0.008244127,481.5578853,28.66200517,5.3,0,INT : 60.00[Hz],SLOW,1,2025/6/19,14:49:49,,,,,,,,,,,,,,,,,,,,
177,3143.7954,3373.1394,5480.918,0.262029836,0.281145256,3373.1394,0.179175397,0.432554573,13201.56247,0.008239043,481.5537137,28.67019538,5.28,0,INT : 60.00[Hz],SLOW,1,2025/6/19,14:49:50,,,,,,,,,,,,,,,,,,,,
178,3141.9951,3371.0928,5478.7139,0.262011927,0.281116454,3371.0928,0.17917264,0.432533167,13208.2589,0.008236339,481.5502388,28.67915789,5.29,0,INT : 60.00[Hz],SLOW,1,2025/6/19,14:49:51,,,,,,,,,,,,,,,,,,,,
179,3140.3389,3369.1736,5476.5073,0.262000143,0.281091943,3369.1736,0.179172869,0.43251546,13213.36878,0.008231771,481.5467235,28.6856793,5.3,0,INT : 60.00[Hz],SLOW,1,2025/6/19,14:49:52,,,,,,,,,,,,,,,,,,,,
180,3138.6243,3367.2249,5474.2861,0.261985714,0.281067352,3367.2249,0.179171157,0.432497307,13218.9492,0.008228898,481.5436207,28.69305593,5.29,0,INT : 60.00[Hz],SLOW,1,2025/6/19,14:49:53,,,,,,,,,,,,,,,,,,,,
181,3136.8943,3365.2471,5472.0049,0.261972271,0.281042758,3365.2471,0.179170181,0.432479298,13224.36532,0.008225378,481.5403596,28.7001173,5.31,0,INT : 60.00[Hz],SLOW,1,2025/6/19,14:49:54,,,,,,,,,,,,,,,,,,,,
182,3135.4739,3363.6318,5470.0566,0.261962686,0.28102483,3363.6318,0.179169628,0.4324662,13228.27987,0.008222672,481.5379489,28.70519636,5.34,0,INT : 60.00[Hz],SLOW,1,2025/6/19,14:49:55,,,,,,,,,,,,,,,,,,,,
183,3133.55,3361.4268,5467.6621,0.261944712,0.280993753,3361.4268,0.179167659,0.432443293,13235.30638,0.008218873,481.5339924,28.714435,5.28,0,INT : 60.00[Hz],SLOW,1,2025/6/19,14:49:56,,,,,,,,,,,,,,,,,,,,
184,3131.9316,3359.6108,5465.4023,0.261934104,0.280975691,3359.6108,0.179166393,0.432429954,13239.42202,0.008216772,481.5317204,28.7198561,5.3,0,INT : 60.00[Hz],SLOW,1,2025/6/19,14:49:57,,,,,,,,,,,,,,,,,,,,
185,3130.0994,3357.5198,5463.0366,0.26191863,0.280948582,3357.5198,0.179164828,0.432409999,13245.52745,0.008213325,481.5282397,28.72784958,5.29,0,INT : 60.00[Hz],SLOW,1,2025/6/19,14:49:58,,,,,,,,,,,,,,,,,,,,
186,3128.4131,3355.5759,5460.834,0.261905354,0.280923033,3355.5759,0.179164326,0.432391383,13251.06139,0.008209218,481.5247496,28.73496488,5.32,0,INT : 60.00[Hz],SLOW,1,2025/6/19,14:49:59,,,,,,,,,,,,,,,,,,,,
187,3126.741,3353.6997,5458.606,0.261892015,0.280901799,3353.6997,0.179162191,0.432375569,13256.06379,0.00820732,481.5222241,28.74161584,5.31,0,INT : 60.00[Hz],SLOW,1,2025/6/19,14:50:00,,,,,,,,,,,,,,,,,,,,
188,3125.2505,3351.9736,5456.7593,0.261878234,0.280876342,3351.9736,0.17916128,0.432356935,13261.68387,0.008203592,481.5188397,28.74888234,5.31,0,INT : 60.00[Hz],SLOW,1,2025/6/19,14:50:01,,,,,,,,,,,,,,,,,,,,
189,3123.6165,3350.0896,5454.7129,0.261863412,0.280849424,3350.0896,0.179160129,0.432337193,13267.67592,0.008199816,481.5153038,28.7566459,5.31,0,INT : 60.00[Hz],SLOW,1,2025/6/19,14:50:02,,,,,,,,,,,,,,,,,,,,
190,3121.8867,3348.146,5452.3447,0.261851021,0.280828721,3348.146,0.179158505,0.432321862,13272.46058,0.008197563,481.5127464,28.76293382,5.31,0,INT : 60.00[Hz],SLOW,1,2025/6/19,14:50:03,,,,,,,,,,,,,,,,,,,,
191,3120.2512,3346.3047,5450.2158,0.261836954,0.280806311,3346.3047,0.179156259,0.432305168,13277.75816,0.008195555,481.5100855,28.76995001,5.29,0,INT : 60.00[Hz],SLOW,1,2025/6/19,14:50:04,,,,,,,,,,,,,,,,,,,,
192,3118.5703,3344.3787,5448.0435,0.261822875,0.280780859,3344.3787,0.179155123,0.432286486,13283.45081,0.008192027,481.5067578,28.77731121,5.29,0,INT : 60.00[Hz],SLOW,1,2025/6/19,14:50:05,,,,,,,,,,,,,,,,,,,,
193,3116.7859,3342.3425,5445.688,0.261808817,0.280755485,3342.3425,0.179153973,0.432267858,13289.13547,0.008188526,481.5034461,28.78465687,5.26,0,INT : 60.00[Hz],SLOW,1,2025/6/19,14:50:06,,,,,,,,,,,,,,,,,,,,
194,3115.3025,3340.6514,5443.873,0.261793934,0.280731092,3340.6514,0.179151848,0.432249745,13294.84389,0.008186061,481.5004857,28.79215642,5.29,0,INT : 60.00[Hz],SLOW,1,2025/6/19,14:50:07,,,,,,,,,,,,,,,,,,,,
195,3113.469,3338.6064,5441.2544,0.261782785,0.280712505,3338.6064,0.179150371,0.432235971,13299.16405,0.008184057,481.4982,28.79780968,5.25,0,INT : 60.00[Hz],SLOW,1,2025/6/19,14:50:08,,,,,,,,,,,,,,,,,,,,
196,3111.8086,3336.7014,5439.2456,0.261765863,0.280683883,3336.7014,0.17914828,0.432214794,13305.7801,0.00818081,481.4946427,28.80643645,5.29,0,INT : 60.00[Hz],SLOW,1,2025/6/19,14:50:09,,,,,,,,,,,,,,,,,,,,
197,3110.0957,3334.7463,5436.8584,0.261755102,0.280662379,3334.7463,0.179148166,0.432199172,13310.41515,0.008177087,481.4916557,28.81229289,5.28,0,INT : 60.00[Hz],SLOW,1,2025/6/19,14:50:10,,,,,,,,,,,,,,,,,,,,
198,3108.6833,3333.1599,5435.0479,0.261742174,0.280642457,3333.1599,0.179145853,0.43218426,13315.2289,0.008175583,481.4893682,28.81866505,5.3,0,INT : 60.00[Hz],SLOW,1,2025/6/19,14:50:11,,,,,,,,,,,,,,,,,,,,
199,3106.9915,3331.2283,5432.9946,0.261724824,0.280613945,3331.2283,0.179143402,0.432163086,13321.92403,0.008172675,481.4859101,28.82741636,5.28,0,INT : 60.00[Hz],SLOW,1,2025/6/19,14:50:12,,,,,,,,,,,,,,,,,,,,
200,3105.374,3329.3779,5430.9351,0.261710426,0.280588718,3329.3779,0.179141944,0.432144491,13327.68755,0.008169476,481.4826985,28.83485437,5.3,0,INT : 60.00[Hz],SLOW,1,2025/6/19,14:50:13,,,,,,,,,,,,,,,,,,,,
201,3103.7815,3327.5952,5428.8901,0.261695757,0.28056664,3327.5952,0.179139126,0.43212791,13333.09814,0.008168036,481.4802235,28.84202563,5.29,0,INT : 60.00[Hz],SLOW,1,2025/6/19,14:50:14,,,,,,,,,,,,,,,,,,,,
202,3101.9338,3325.5261,5426.3242,0.261683001,0.280545526,3325.5261,0.179137379,0.432112241,13338.05425,0.008165824,481.4776525,28.84847651,5.27,0,INT : 60.00[Hz],SLOW,1,2025/6/19,14:50:15,,,,,,,,,,,,,,,,,,,,
203,3100.3655,3323.7761,5424.231,0.261670155,0.28052596,3323.7761,0.179134996,0.432097567,13342.83045,0.008164448,481.4754366,28.85478255,5.27,0,INT : 60.00[Hz],SLOW,1,2025/6/19,14:50:16,,,,,,,,,,,,,,,,,,,,
204,3098.813,3321.9841,5422.3403,0.261654737,0.280498654,3321.9841,0.179133541,0.432077457,13349.0627,0.008160879,481.4719406,28.86278047,5.31,0,INT : 60.00[Hz],SLOW,1,2025/6/19,14:50:17,,,,,,,,,,,,,,,,,,,,
205,3097.0388,3319.9927,5419.9795,0.261640274,0.280475595,3319.9927,0.179131236,0.43206026,13354.58395,0.008158814,481.4692231,28.86999596,5.3,0,INT : 60.00[Hz],SLOW,1,2025/6/19,14:50:18,,,,,,,,,,,,,,,,,,,,
206,3095.4343,3318.177,5417.9175,0.261625894,0.280452092,3318.177,0.179129156,0.432042784,13360.15334,0.008156473,481.4663965,28.87723467,5.31,0,INT : 60.00[Hz],SLOW,1,2025/6/19,14:50:19,,,,,,,,,,,,,,,,,,,,
207,3093.8469,3316.364,5415.9536,0.261610339,0.280425999,3316.364,0.179127152,0.432023442,13366.27073,0.008153605,481.4631944,28.88514009,5.28,0,INT : 60.00[Hz],SLOW,1,2025/6/19,14:50:20,,,,,,,,,,,,,,,,,,,,
208,3092.2222,3314.5713,5413.7944,0.261596312,0.280406637,3314.5713,0.179123812,0.43200872,13371.25103,0.008153112,481.4612206,28.89180106,5.31,0,INT : 60.00[Hz],SLOW,1,2025/6/19,14:50:21,,,,,,,,,,,,,,,,,,,,
209,3090.6238,3312.7678,5411.7104,0.26158249,0.28038419,3312.7678,0.17912176,0.431992012,13376.60077,0.008150935,481.4585397,28.89874281,5.26,0,INT : 60.00[Hz],SLOW,1,2025/6/19,14:50:22,,,,,,,,,,,,,,,,,,,,
210,3088.9932,3310.9041,5409.5825,0.261568947,0.28035986,3310.9041,0.179120608,0.431974114,13382.15145,0.008147631,481.4554033,28.90580647,5.31,0,INT : 60.00[Hz],SLOW,1,2025/6/19,14:50:23,,,,,,,,,,,,,,,,,,,,
211,3087.449,3309.1689,5407.7295,0.261551858,0.28033476,3309.1689,0.179117094,0.431955187,13388.43264,0.008146274,481.452673,28.91409107,5.3,0,INT : 60.00[Hz],SLOW,1,2025/6/19,14:50:24,,,,,,,,,,,,,,,,,,,,
212,3085.7703,3307.2678,5405.5371,0.261537537,0.280310779,3307.2678,0.179115233,0.431937398,13394.08648,0.008143658,481.4497419,28.92136478,5.28,0,INT : 60.00[Hz],SLOW,1,2025/6/19,14:50:25,,,,,,,,,,,,,,,,,,,,
213,3084.2014,3305.4824,5403.4795,0.261524522,0.280288021,3305.4824,0.179113896,0.431920601,13399.35528,0.008140797,481.4468691,28.9280831,5.29,0,INT : 60.00[Hz],SLOW,1,2025/6/19,14:50:26,,,,,,,,,,,,,,,,,,,,
214,3082.6453,3303.7717,5401.3916,0.261511313,0.280270219,3303.7717,0.17911059,0.431907012,13404.01481,0.008140553,481.445112,28.9343075,5.29,0,INT : 60.00[Hz],SLOW,1,2025/6/19,14:50:27,,,,,,,,,,,,,,,,,,,,
215,3080.9802,3301.8638,5399.3086,0.261495527,0.280242831,3301.8638,0.179108889,0.431886776,13410.38873,0.008137193,481.4416779,28.94243215,5.31,0,INT : 60.00[Hz],SLOW,1,2025/6/19,14:50:28,,,,,,,,,,,,,,,,,,,,
216,3079.3611,3300.0337,5397.2036,0.261481371,0.280219601,3300.0337,0.179106875,0.431869496,13415.93596,0.008134848,481.4388906,28.94956843,5.28,0,INT : 60.00[Hz],SLOW,1,2025/6/19,14:50:29,,,,,,,,,,,,,,,,,,,,
217,3077.7637,3298.1963,5395.2222,0.261465981,0.280192443,3298.1963,0.179105384,0.431849465,13422.22269,0.008131344,481.4354472,28.95754067,5.3,0,INT : 60.00[Hz],SLOW,1,2025/6/19,14:50:30,,,,,,,,,,,,,,,,,,,,
218,3076.3352,3296.6243,5393.269,0.261454654,0.280176804,3296.6243,0.179102686,0.431837565,13426.2824,0.00813095,481.4338628,28.96291995,5.26,0,INT : 60.00[Hz],SLOW,1,2025/6/19,14:50:31,,,,,,,,,,,,,,,,,,,,
219,3074.8323,3294.8691,5391.48,0.261439068,0.2801478,3294.8691,0.179101728,0.431816294,13432.85797,0.00812665,481.4300519,28.97116206,5.26,0,INT : 60.00[Hz],SLOW,1,2025/6/19,14:50:32,,,,,,,,,,,,,,,,,,,,
220,3072.9973,3292.8184,5388.957,0.261425497,0.28012608,3292.8184,0.179099594,0.431800083,13438.12382,0.00812468,481.4275057,28.97794165,5.28,0,INT : 60.00[Hz],SLOW,1,2025/6/19,14:50:33,,,,,,,,,,,,,,,,,,,,
221,3071.3591,3290.9521,5386.9165,0.261409446,0.28009944,3290.9521,0.179097419,0.431780285,13444.48373,0.008121875,481.4242892,28.98606738,5.29,0,INT : 60.00[Hz],SLOW,1,2025/6/19,14:50:34,,,,,,,,,,,,,,,,,,,,
222,3069.7861,3289.1536,5384.7344,0.261399122,0.280078753,3289.1536,0.179097328,0.431765228,13449.04687,0.008118287,481.4214477,28.99169225,5.29,0,INT : 60.00[Hz],SLOW,1,2025/6/19,14:50:35,,,,,,,,,,,,,,,,,,,,
223,3068.1934,3287.3289,5382.6201,0.261386623,0.280055292,3287.3289,0.179096633,0.431748032,13454.36705,0.008114739,481.4183543,28.99832459,5.28,0,INT : 60.00[Hz],SLOW,1,2025/6/19,14:50:36,,,,,,,,,,,,,,,,,,,,
224,3066.7388,3285.7117,5380.6621,0.261374701,0.280037515,3285.7117,0.179094278,0.431734639,13458.83734,0.008113666,481.4164065,29.00413408,5.3,0,INT : 60.00[Hz],SLOW,1,2025/6/19,14:50:37,,,,,,,,,,,,,,,,,,,,
225,3065.1057,3283.8203,5378.6255,0.261359389,0.280009028,3283.8203,0.179093334,0.431713736,13465.33282,0.008109449,481.4126758,29.01223037,5.3,0,INT : 60.00[Hz],SLOW,1,2025/6/19,14:50:38,,,,,,,,,,,,,,,,,,,,
226,3063.4192,3281.9219,5376.376,0.261345601,0.279986445,3281.9219,0.179091354,0.431696919,13470.78127,0.008107193,481.4099859,29.01917665,5.27,0,INT : 60.00[Hz],SLOW,1,2025/6/19,14:50:39,,,,,,,,,,,,,,,,,,,,
227,3061.8889,3280.1594,5374.46,0.261331177,0.27996049,3280.1594,0.17909014,0.4316778,13476.79584,0.008103664,481.4066669,29.02670487,5.26,0,INT : 60.00[Hz],SLOW,1,2025/6/19,14:50:40,,,,,,,,,,,,,,,,,,,,
228,3060.2234,3278.2864,5372.2979,0.261316169,0.279936831,3278.2864,0.179087645,0.431660097,13482.61539,0.008101673,481.4039431,29.03416196,5.31,0,INT : 60.00[Hz],SLOW,1,2025/6/19,14:50:41,,,,,,,,,,,,,,,,,,,,
229,3058.7607,3276.6274,5370.2861,0.261305812,0.279917871,3276.6274,0.179086893,0.431646155,13486.98519,0.008098977,481.4014921,29.03960368,5.27,0,INT : 60.00[Hz],SLOW,1,2025/6/19,14:50:42,,,,,,,,,,,,,,,,,,,,
230,3057.2056,3274.8479,5368.4019,0.261289454,0.279890636,3274.8479,0.179084706,0.431625907,13493.53251,0.008096081,481.3982119,29.04789422,5.27,0,INT : 60.00[Hz],SLOW,1,2025/6/19,14:50:43,,,,,,,,,,,,,,,,,,,,
231,3055.7473,3273.1824,5366.4561,0.261278025,0.279869553,3273.1824,0.179083934,0.431610415,13498.38519,0.008093027,481.3954756,29.05391716,5.28,0,INT : 60.00[Hz],SLOW,1,2025/6/19,14:50:44,,,,,,,,,,,,,,,,,,,,
232,3054.1113,3271.3416,5364.2773,0.261264482,0.279847485,3271.3416,0.179081947,0.431593963,13503.75172,0.008090873,481.3928672,29.06072712,5.3,0,INT : 60.00[Hz],SLOW,1,2025/6/19,14:50:45,,,,,,,,,,,,,,,,,,,,
233,3052.3145,3269.3145,5361.835,0.261250816,0.279824074,3269.3145,0.179080362,0.431576613,13509.32457,0.008088125,481.3899886,29.06772705,5.3,0,INT : 60.00[Hz],SLOW,1,2025/6/19,14:50:46,,,,,,,,,,,,,,,,,,,,
234,3050.9272,3267.7136,5360.1406,0.261236776,0.279799192,3267.7136,0.17907904,0.431558242,13515.1666,0.008084885,481.3868527,29.07501177,5.27,0,INT : 60.00[Hz],SLOW,1,2025/6/19,14:50:47,,,,,,,,,,,,,,,,,,,,
235,3049.3191,3265.8855,5358.0972,0.261221645,0.279773928,3265.8855,0.179077043,0.431539458,13521.26125,0.008082174,481.3838117,29.08268839,5.3,0,INT : 60.00[Hz],SLOW,1,2025/6/19,14:50:48,,,,,,,,,,,,,,,,,,,,
236,3047.7866,3264.1348,5356.0156,0.261210409,0.279752522,3264.1348,0.179076534,0.431523776,13526.14592,0.008078833,481.3809813,29.08868587,5.28,0,INT : 60.00[Hz],SLOW,1,2025/6/19,14:50:49,,,,,,,,,,,,,,,,,,,,
237,3046.231,3262.3696,5354.0576,0.261195256,0.27972779,3262.3696,0.179074325,0.431505334,13532.18456,0.008076404,481.3780624,29.09630985,5.3,0,INT : 60.00[Hz],SLOW,1,2025/6/19,14:50:50,,,,,,,,,,,,,,,,,,,,
238,3044.6682,3260.6255,5351.9839,0.261181753,0.279707288,3260.6255,0.179071789,0.431489905,13537.36431,0.008075014,481.3757957,29.10293129,5.3,0,INT : 60.00[Hz],SLOW,1,2025/6/19,14:50:51,,,,,,,,,,,,,,,,,,,,
239,3043.0732,3258.8081,5349.8862,0.261168376,0.279683584,3258.8081,0.179070527,0.431472397,13542.95652,0.008071932,481.3728168,29.10987154,5.31,0,INT : 60.00[Hz],SLOW,1,2025/6/19,14:50:52,,,,,,,,,,,,,,,,,,,,
240,3041.5095,3257.0361,5347.8018,0.261155656,0.279661596,3257.0361,0.179069124,0.431456108,13548.20494,0.008069279,481.3701049,29.11640921,5.28,0,INT : 60.00[Hz],SLOW,1,2025/6/19,14:50:53,,,,,,,,,,,,,,,,,,,,
241,3039.9741,3255.2993,5345.8267,0.261141479,0.27963846,3255.2993,0.179067055,0.43143885,13553.8752,0.008067012,481.3673807,29.12354191,5.3,0,INT : 60.00[Hz],SLOW,1,2025/6/19,14:50:54,,,,,,,,,,,,,,,,,,,,
242,3038.5232,3253.6611,5344.0205,0.261126652,0.279615318,3253.6611,0.179064502,0.431421491,13559.66883,0.008065171,481.3647613,29.13088328,5.3,0,INT : 60.00[Hz],SLOW,1,2025/6/19,14:50:55,,,,,,,,,,,,,,,,,,,,
243,3036.9485,3251.8701,5341.8979,0.261114481,0.279593274,3251.8701,0.179063529,0.431405242,13564.84064,0.00806213,481.3619535,29.13725156,5.31,0,INT : 60.00[Hz],SLOW,1,2025/6/19,14:50:56,,,,,,,,,,,,,,,,,,,,
244,3035.2087,3249.9087,5339.6655,0.261098098,0.27956726,3249.9087,0.179060871,0.431385767,13571.31434,0.008059875,481.3589668,29.14541304,5.3,0,INT : 60.00[Hz],SLOW,1,2025/6/19,14:50:57,,,,,,,,,,,,,,,,,,,,
245,3033.6582,3248.1746,5337.5889,0.261085128,0.279547011,3248.1746,0.179058639,0.431370574,13576.39753,0.008058263,481.3566781,29.15183538,5.31,0,INT : 60.00[Hz],SLOW,1,2025/6/19,14:50:58,,,,,,,,,,,,,,,,,,,,
246,3032.2275,3246.5151,5335.7349,0.261073087,0.27952313,3246.5151,0.17905844,0.431353137,13581.80955,0.008054215,481.3534571,29.15836803,5.29,0,INT : 60.00[Hz],SLOW,1,2025/6/19,14:50:59,,,,,,,,,,,,,,,,,,,,
247,3030.7593,3244.8652,5333.8481,0.261059172,0.279501517,3244.8652,0.179056004,0.431336908,13587.25798,0.008052544,481.3510287,29.16524612,5.29,0,INT : 60.00[Hz],SLOW,1,2025/6/19,14:51:00,,,,,,,,,,,,,,,,,,,,
248,3028.981,3242.8704,5331.4004,0.261045873,0.279479447,3242.8704,0.179054198,0.431320469,13592.66161,0.008050237,481.3484039,29.17197788,5.27,0,INT : 60.00[Hz],SLOW,1,2025/6/19,14:51:01,,,,,,,,,,,,,,,,,,,,
249,3027.4927,3241.1953,5329.5156,0.261031174,0.279456665,3241.1953,0.179051606,0.431303354,13598.42093,0.008048498,481.345852,29.17923795,5.31,0,INT : 60.00[Hz],SLOW,1,2025/6/19,14:51:02,,,,,,,,,,,,,,,,,,,,
250,3025.9741,3239.509,5327.5015,0.261017693,0.279437014,3239.509,0.179048772,0.431288472,13603.53833,0.008047527,481.3437807,29.18575654,5.3,0,INT : 60.00[Hz],SLOW,1,2025/6/19,14:51:03,,,,,,,,,,,,,,,,,,,,
251,3024.4937,3237.8286,5325.6138,0.261003657,0.279413743,3237.8286,0.179046856,0.431271132,13609.2544,0.008045106,481.3410195,29.1928593,5.3,0,INT : 60.00[Hz],SLOW,1,2025/6/19,14:51:04,,,,,,,,,,,,,,,,,,,,
252,3022.9629,3236.1077,5323.6846,0.260988241,0.279390149,3236.1077,0.179044028,0.431253375,13615.27059,0.008043434,481.338412,29.20043991,5.32,0,INT : 60.00[Hz],SLOW,1,2025/6/19,14:51:05,,,,,,,,,,,,,,,,,,,,
253,3021.6479,3234.6018,5322.0449,0.260975213,0.279367723,3234.6018,0.179042554,0.431236736,13620.69914,0.008040772,481.3356738,29.20712503,5.31,0,INT : 60.00[Hz],SLOW,1,2025/6/19,14:51:06,,,,,,,,,,,,,,,,,,,,
254,3020.1125,3232.8806,5320.0684,0.26096055,0.279345323,3232.8806,0.179039849,0.43121987,13626.4264,0.008039204,481.3332052,29.21433042,5.3,0,INT : 60.00[Hz],SLOW,1,2025/6/19,14:51:07,,,,,,,,,,,,,,,,,,,,
255,3018.4551,3231.0618,5317.6904,0.260949339,0.279329463,3231.0618,0.179037312,0.431207805,13630.63567,0.008038642,481.3315915,29.21969755,5.32,0,INT : 60.00[Hz],SLOW,1,2025/6/19,14:51:08,,,,,,,,,,,,,,,,,,,,
256,3016.8489,3229.2334,5315.646,0.260934077,0.279303692,3229.2334,0.1790354,0.431188636,13636.94352,0.008035778,481.3284964,29.22747312,5.28,0,INT : 60.00[Hz],SLOW,1,2025/6/19,14:51:09,,,,,,,,,,,,,,,,,,,,
257,3015.5017,3227.6995,5314.0869,0.260917758,0.279278276,3227.6995,0.179032567,0.431169543,13643.40178,0.008033791,481.3256491,29.23554683,5.27,0,INT : 60.00[Hz],SLOW,1,2025/6/19,14:51:10,,,,,,,,,,,,,,,,,,,,
258,3013.811,3225.8408,5311.7866,0.260903525,0.279258798,3225.8408,0.179029106,0.431154653,13648.67073,0.00803341,481.3237452,29.24228676,5.33,0,INT : 60.00[Hz],SLOW,1,2025/6/19,14:51:11,,,,,,,,,,,,,,,,,,,,
259,3012.467,3224.3328,5309.9858,0.260892261,0.279240727,3224.3328,0.179027344,0.431141125,13653.20913,0.008031775,481.3216684,29.24791905,5.31,0,INT : 60.00[Hz],SLOW,1,2025/6/19,14:51:12,,,,,,,,,,,,,,,,,,,,
260,3010.7537,3222.4458,5307.7935,0.260874753,0.279217378,3222.4458,0.17902286,0.431123207,13659.61716,0.008031614,481.3194603,29.25614115,5.3,0,INT : 60.00[Hz],SLOW,1,2025/6/19,14:51:13,,,,,,,,,,,,,,,,,,,,
261,3009.3699,3220.9248,5306.0474,0.260859974,0.2791981,3220.9248,0.179018915,0.431108366,13664.97197,0.008031697,481.3176904,29.26303327,5.3,0,INT : 60.00[Hz],SLOW,1,2025/6/19,14:51:14,,,,,,,,,,,,,,,,,,,,
262,3007.8057,3219.1704,5304.0332,0.260844964,0.279175076,3219.1704,0.179016177,0.431091028,13670.89074,0.008030051,481.315154,29.27041999,5.33,0,INT : 60.00[Hz],SLOW,1,2025/6/19,14:51:15,,,,,,,,,,,,,,,,,,,,
263,3006.4204,3217.6062,5302.3203,0.26083029,0.279152296,3217.6062,0.179013601,0.431073899,13676.72001,0.008028306,481.3126173,29.27767166,5.28,0,INT : 60.00[Hz],SLOW,1,2025/6/19,14:51:16,,,,,,,,,,,,,,,,,,,,
264,3004.7275,3215.7441,5300.0718,0.260814737,0.279131286,3215.7441,0.179009716,0.431057802,13682.47074,0.008028032,481.310603,29.28500558,5.32,0,INT : 60.00[Hz],SLOW,1,2025/6/19,14:51:17,,,,,,,,,,,,,,,,,,,,
265,3003.1519,3213.9993,5297.9956,0.26080014,0.27911058,3213.9993,0.179006432,0.431042044,13688.00984,0.008027279,481.3085015,29.2919999,5.28,0,INT : 60.00[Hz],SLOW,1,2025/6/19,14:51:18,,,,,,,,,,,,,,,,,,,,
266,3001.7776,3212.5154,5296.0635,0.260789281,0.279097819,3212.5154,0.179003015,0.431032057,13691.7673,0.008028048,481.3075058,29.29690629,5.3,0,INT : 60.00[Hz],SLOW,1,2025/6/19,14:51:19,,,,,,,,,,,,,,,,,,,,
267,3000.2192,3210.7764,5294.0039,0.260775257,0.279076622,3210.7764,0.179000341,0.431016059,13697.2777,0.008026672,481.3052091,29.30377249,5.28,0,INT : 60.00[Hz],SLOW,1,2025/6/19,14:51:20,,,,,,,,,,,,,,,,,,,,
268,2998.8467,3209.2339,5292.2891,0.260760895,0.279054846,3209.2339,0.178997627,0.43099963,13702.93531,0.008025229,481.3028437,29.31081147,5.29,0,INT : 60.00[Hz],SLOW,1,2025/6/19,14:51:21,,,,,,,,,,,,,,,,,,,,
269,2997.1951,3207.3962,5290.0713,0.260746679,0.279033523,3207.3962,0.178994855,0.430983518,13708.50859,0.008023917,481.3005531,29.3177532,5.31,0,INT : 60.00[Hz],SLOW,1,2025/6/19,14:51:22,,,,,,,,,,,,,,,,,,,,
270,2995.7949,3205.8337,5288.3311,0.260731541,0.279011744,3205.8337,0.178991561,0.43096697,13714.31969,0.008022988,481.2983141,29.32504087,5.3,0,INT : 60.00[Hz],SLOW,1,2025/6/19,14:51:23,,,,,,,,,,,,,,,,,,,,
271,2994.2632,3204.144,5286.2256,0.260719106,0.278994031,3204.144,0.17898879,0.430953492,13719.07267,0.008022313,481.2965135,29.33100743,5.3,0,INT : 60.00[Hz],SLOW,1,2025/6/19,14:51:24,,,,,,,,,,,,,,,,,,,,
272,2992.7363,3202.447,5284.2808,0.260703485,0.278971821,3202.447,0.178985294,0.430936586,13725.04288,0.008021487,481.2942616,29.33849815,5.29,0,INT : 60.00[Hz],SLOW,1,2025/6/19,14:51:25,,,,,,,,,,,,,,,,,,,,
273,2991.5107,3201.0525,5282.6992,0.260692139,0.278952445,3201.0525,0.17898395,0.430922174,13729.83573,0.008019259,481.2919328,29.34430309,5.29,0,INT : 60.00[Hz],SLOW,1,2025/6/19,14:51:26,,,,,,,,,,,,,,,,,,,,
274,2990.0347,3199.395,5280.7866,0.260678144,0.27893066,3199.395,0.178981513,0.430905786,13735.45717,0.008017572,481.2895139,29.3512257,5.32,0,INT : 60.00[Hz],SLOW,1,2025/6/19,14:51:27,,,,,,,,,,,,,,,,,,,,
275,2988.4944,3197.7019,5278.751,0.260663597,0.278911173,3197.7019,0.178977814,0.430890825,13740.86424,0.008017407,481.2876762,29.35806725,5.29,0,INT : 60.00[Hz],SLOW,1,2025/6/19,14:51:28,,,,,,,,,,,,,,,,,,,,
276,2986.9531,3195.9417,5276.7339,0.260650077,0.27888702,3195.9417,0.178976605,0.430872948,13746.73987,0.008014219,481.2846776,29.36510382,5.3,0,INT : 60.00[Hz],SLOW,1,2025/6/19,14:51:29,,,,,,,,,,,,,,,,,,,,
277,2985.5352,3194.3633,5274.9229,0.260635683,0.278866268,3194.3633,0.178973488,0.430857176,13752.30575,0.008013318,481.2825473,29.37203811,5.29,0,INT : 60.00[Hz],SLOW,1,2025/6/19,14:51:30,,,,,,,,,,,,,,,,,,,,
278,2984.0659,3192.748,5273.0938,0.26061921,0.278844868,3192.748,0.178969054,0.430840669,13758.35209,0.008013467,481.2806123,29.3797105,5.29,0,INT : 60.00[Hz],SLOW,1,2025/6/19,14:51:31,,,,,,,,,,,,,,,,,,,,
279,2982.6123,3191.0989,5271.2139,0.260605664,0.278822174,3191.0989,0.178967286,0.430823743,13764.04458,0.008011031,481.2779339,29.38659175,5.32,0,INT : 60.00[Hz],SLOW,1,2025/6/19,14:51:32,,,,,,,,,,,,,,,,,,,,
280,2981.1028,3189.436,5269.0962,0.260594224,0.278805749,3189.436,0.178964783,0.430811249,13768.47078,0.008010351,481.2762579,29.3920955,5.35,0,INT : 60.00[Hz],SLOW,1,2025/6/19,14:51:33,,,,,,,,,,,,,,,,,,,,
281,2979.7383,3187.9341,5267.2998,0.260581158,0.278788094,3187.9341,0.178961517,0.430797706,13773.37421,0.008010129,481.2745803,29.39825722,5.27,0,INT : 60.00[Hz],SLOW,1,2025/6/19,14:51:34,,,,,,,,,,,,,,,,,,,,
282,2978.3513,3186.3979,5265.5967,0.260565282,0.278766533,3186.3979,0.178957587,0.430781177,13779.35286,0.008009807,481.2725199,29.40575669,5.3,0,INT : 60.00[Hz],SLOW,1,2025/6/19,14:51:35,,,,,,,,,,,,,,,,,,,,
283,2976.9014,3184.7744,5263.77,0.260550131,0.278743994,3184.7744,0.178954561,0.430764111,13785.34067,0.008008513,481.270136,29.4131338,5.3,0,INT : 60.00[Hz],SLOW,1,2025/6/19,14:51:36,,,,,,,,,,,,,,,,,,,,
284,2975.478,3183.2168,5261.854,0.260537217,0.278727131,3183.2168,0.178951116,0.430751108,13790.11746,0.008008591,481.2686057,29.41915831,5.31,0,INT : 60.00[Hz],SLOW,1,2025/6/19,14:51:37,,,,,,,,,,,,,,,,,,,,
285,2974.021,3181.5859,5259.8867,0.260524959,0.278707694,3181.5859,0.17894911,0.430736508,13795.13982,0.008006943,481.2664227,29.42526176,5.28,0,INT : 60.00[Hz],SLOW,1,2025/6/19,14:51:38,,,,,,,,,,,,,,,,,,,,
286,2972.5154,3179.9597,5257.8677,0.260510613,0.278690987,3179.9597,0.178944535,0.430723394,13800.16791,0.008008048,481.2651562,29.43172667,5.31,0,INT : 60.00[Hz],SLOW,1,2025/6/19,14:51:39,,,,,,,,,,,,,,,,,,,,
287,2971.2197,3178.4944,5256.252,0.260496978,0.278669459,3178.4944,0.178942269,0.430707212,13805.75085,0.008006262,481.2627496,29.43850552,5.34,0,INT : 60.00[Hz],SLOW,1,2025/6/19,14:51:40,,,,,,,,,,,,,,,,,,,,
288,2969.6213,3176.7317,5254.2114,0.2604802,0.27864688,3176.7317,0.178938039,0.430689873,13812.07262,0.008006029,481.2606229,29.44640759,5.31,0,INT : 60.00[Hz],SLOW,1,2025/6/19,14:51:41,,,,,,,,,,,,,,,,,,,,
289,2968.1726,3175.1274,5252.4102,0.26046403,0.278624793,3175.1274,0.178934082,0.430672946,13818.21781,0.008005643,481.2585053,29.45406027,5.31,0,INT : 60.00[Hz],SLOW,1,2025/6/19,14:51:42,,,,,,,,,,,,,,,,,,,,
290,2966.8813,3173.7104,5250.7515,0.260450524,0.278607215,3173.7104,0.178930455,0.430659378,13823.23156,0.008005758,481.2569223,29.46035449,5.32,0,INT : 60.00[Hz],SLOW,1,2025/6/19,14:51:43,,,,,,,,,,,,,,,,,,,,
291,2965.3442,3172.031,5248.6631,0.260436872,0.278589525,3172.031,0.178926761,0.430645716,13828.29215,0.008005914,481.2553397,29.46670764,5.31,0,INT : 60.00[Hz],SLOW,1,2025/6/19,14:51:44,,,,,,,,,,,,,,,,,,,,
292,2963.9407,3170.4592,5246.8291,0.260423606,0.278569142,3170.4592,0.178924349,0.430630336,13833.66834,0.008004462,481.2531235,29.47323967,5.34,0,INT : 60.00[Hz],SLOW,1,2025/6/19,14:51:45,,,,,,,,,,,,,,,,,,,,
293,2962.4448,3168.8054,5244.9106,0.260408133,0.278547874,3168.8054,0.17892061,0.430614046,13839.58768,0.008004028,481.2510726,29.48057725,5.32,0,INT : 60.00[Hz],SLOW,1,2025/6/19,14:51:46,,,,,,,,,,,,,,,,,,,,
294,2960.9817,3167.2209,5243.0396,0.260392106,0.278529016,3167.2209,0.178915567,0.43059926,13845.27214,0.008005173,481.2496239,29.48782178,5.32,0,INT : 60.00[Hz],SLOW,1,2025/6/19,14:51:47,,,,,,,,,,,,,,,,,,,,
295,2959.6104,3165.7131,5241.3457,0.260376223,0.278508422,3165.7131,0.178911273,0.430583351,13851.18246,0.008005351,481.2477837,29.4952146,5.32,0,INT : 60.00[Hz],SLOW,1,2025/6/19,14:51:48,,,,,,,,,,,,,,,,,,,,
296,2958.168,3164.1406,5239.3306,0.260364543,0.278493318,3164.1406,0.1789081,0.430571678,13855.52663,0.008005503,481.2464399,29.50064684,5.31,0,INT : 60.00[Hz],SLOW,1,2025/6/19,14:51:49,,,,,,,,,,,,,,,,,,,,
297,2956.77,3162.6172,5237.5264,0.260349784,0.27847506,3162.6172,0.178903784,0.430557472,13860.90173,0.008006112,481.2449183,29.50741822,5.31,0,INT : 60.00[Hz],SLOW,1,2025/6/19,14:51:50,,,,,,,,,,,,,,,,,,,,
298,2955.3188,3161.0288,5235.6318,0.260335109,0.278456178,3161.0288,0.178899762,0.430542866,13866.35483,0.008006352,481.2432514,29.51423244,5.32,0,INT : 60.00[Hz],SLOW,1,2025/6/19,14:51:51,,,,,,,,,,,,,,,,,,,,
299,2954.0388,3159.6299,5233.9575,0.260322181,0.278439723,3159.6299,0.178896152,0.430530117,13871.13714,0.008006654,481.2418219,29.52021573,5.33,0,INT : 60.00[Hz],SLOW,1,2025/6/19,14:51:52,,,,,,,,,,,,,,,,,,,,
300,2952.6118,3158.0828,5232.0669,0.260308021,0.278422746,3158.0828,0.178891812,0.430516839,13876.229,0.008007511,481.2404785,29.52665158,5.28,0,INT : 60.00[Hz],SLOW,1,2025/6/19,14:51:53,,,,,,,,,,,,,,,,,,,,
301,2951.2102,3156.5334,5230.356,0.260291434,0.278400571,3156.5334,0.178887572,0.430499779,13882.52761,0.008007367,481.2384207,29.53444748,5.34,0,INT : 60.00[Hz],SLOW,1,2025/6/19,14:51:54,,,,,,,,,,,,,,,,,,,,
302,2949.6042,3154.7803,5228.2427,0.260275411,0.278380312,3154.7803,0.178883047,0.430484063,13888.45057,0.008007812,481.2366804,29.54184765,5.32,0,INT : 60.00[Hz],SLOW,1,2025/6/19,14:51:55,,,,,,,,,,,,,,,,,,,,
303,2948.1123,3153.1721,5226.2246,0.260261307,0.278364122,3153.1721,0.178878458,0.43047131,13893.43208,0.008009029,481.2354973,29.54817712,5.3,0,INT : 60.00[Hz],SLOW,1,2025/6/19,14:51:56,,,,,,,,,,,,,,,,,,,,
304,2946.7913,3151.7622,5224.6035,0.260244674,0.278346595,3151.7622,0.178872467,0.430457302,13899.08597,0.008011253,481.2344348,29.55546601,5.29,0,INT : 60.00[Hz],SLOW,1,2025/6/19,14:51:57,,,,,,,,,,,,,,,,,,,,
305,2945.4968,3150.3376,5222.9868,0.260229996,0.278327358,3150.3376,0.178868572,0.430442455,13904.62339,0.008011322,481.2326987,29.56232112,5.32,0,INT : 60.00[Hz],SLOW,1,2025/6/19,14:51:58,,,,,,,,,,,,,,,,,,,,
306,2944.1763,3148.9109,5221.333,0.260214509,0.278309524,3148.9109,0.178863553,0.430428412,13910.11532,0.008012633,481.2313897,29.56927775,5.31,0,INT : 60.00[Hz],SLOW,1,2025/6/19,14:51:59,,,,,,,,,,,,,,,,,,,,
307,2942.6938,3147.2629,5219.3794,0.260200402,0.278288917,3147.2629,0.178860589,0.430412745,13915.75281,0.008011638,481.2292746,29.57610412,5.32,0,INT : 60.00[Hz],SLOW,1,2025/6/19,14:52:00,,,,,,,,,,,,,,,,,,,,
308,2941.3323,3145.7888,5217.6445,0.260185165,0.278271033,3145.7888,0.178855775,0.430398703,13921.21437,0.00801276,481.2279166,29.5829865,5.33,0,INT : 60.00[Hz],SLOW,1,2025/6/19,14:52:01,,,,,,,,,,,,,,,,,,,,
309,2939.9448,3144.292,5215.8296,0.260170577,0.278254294,3144.292,0.178851024,0.430385513,13926.39172,0.008014027,481.2266983,29.58953232,5.31,0,INT : 60.00[Hz],SLOW,1,2025/6/19,14:52:02,,,,,,,,,,,,,,,,,,,,
310,2938.6274,3142.9412,5214.2373,0.26015208,0.278239661,3142.9412,0.178842569,0.43037313,13932.00614,0.008018946,481.2265485,29.59709279,5.3,0,INT : 60.00[Hz],SLOW,1,2025/6/19,14:52:03,,,,,,,,,,,,,,,,,,,,
311,2937.3242,3141.4709,5212.4253,0.260142314,0.278222441,3141.4709,0.178841606,0.430360334,13936.35061,0.008016775,481.2244617,29.60215018,5.3,0,INT : 60.00[Hz],SLOW,1,2025/6/19,14:52:04,,,,,,,,,,,,,,,,,,,,
312,2935.9075,3139.8887,5210.6265,0.260127374,0.278200523,3139.8887,0.178838501,0.430343675,13942.35933,0.008015677,481.2222063,29.60939004,5.3,0,INT : 60.00[Hz],SLOW,1,2025/6/19,14:52:05,,,,,,,,,,,,,,,,,,,,
313,2934.4082,3138.1909,5208.7827,0.260110707,0.278174337,3138.1909,0.178835677,0.430323944,13949.32205,0.008013581,481.2193249,29.6176616,5.33,0,INT : 60.00[Hz],SLOW,1,2025/6/19,14:52:06,,,,,,,,,,,,,,,,,,,,
314,2933.1743,3136.8503,5207.251,0.260096002,0.278156747,3136.8503,0.17883115,0.43031017,13954.66808,0.008014503,481.2179492,29.62434058,5.33,0,INT : 60.00[Hz],SLOW,1,2025/6/19,14:52:07,,,,,,,,,,,,,,,,,,,,
315,2931.5867,3135.1174,5205.1196,0.260080957,0.278137548,3135.1174,0.178826963,0.430295283,13960.31778,0.008014842,481.2162881,29.63130902,5.31,0,INT : 60.00[Hz],SLOW,1,2025/6/19,14:52:08,,,,,,,,,,,,,,,,,,,,
316,2930.25,3133.6643,5203.3794,0.260066887,0.278120406,3133.6643,0.178822747,0.430281897,13965.48701,0.008015569,481.2149074,29.63773459,5.33,0,INT : 60.00[Hz],SLOW,1,2025/6/19,14:52:09,,,,,,,,,,,,,,,,,,,,
317,2928.7954,3132.0349,5201.458,0.260053314,0.278099336,3132.0349,0.178820352,0.430265993,13971.14017,0.008013994,481.212619,29.64444201,5.31,0,INT : 60.00[Hz],SLOW,1,2025/6/19,14:52:10,,,,,,,,,,,,,,,,,,,,
318,2927.4341,3130.5564,5199.5889,0.260041168,0.278084328,3130.5564,0.178816789,0.430254296,13975.64063,0.008014517,481.2113839,29.65001255,5.32,0,INT : 60.00[Hz],SLOW,1,2025/6/19,14:52:11,,,,,,,,,,,,,,,,,,,,
319,2926.2188,3129.197,5198.2661,0.260023237,0.278059841,3129.197,0.178812389,0.430235491,13982.63161,0.00801412,481.2090699,29.6584978,5.31,0,INT : 60.00[Hz],SLOW,1,2025/6/19,14:52:12,,,,,,,,,,,,,,,,,,,,
320,2924.6353,3127.4612,5196.1558,0.260007975,0.278039745,3127.4612,0.178808368,0.430219975,13988.47879,0.008014157,481.2072588,29.66563653,5.31,0,INT : 60.00[Hz],SLOW,1,2025/6/19,14:52:13,,,,,,,,,,,,,,,,,,,,
321,2923.2874,3125.9548,5194.4058,0.259994568,0.278019625,3125.9548,0.178805746,0.430204718,13993.98165,0.008012952,481.2051487,29.6721843,5.33,0,INT : 60.00[Hz],SLOW,1,2025/6/19,14:52:14,,,,,,,,,,,,,,,,,,,,
322,2922.1067,3124.6355,5193.0107,0.259979621,0.277998594,3124.6355,0.178802306,0.43018863,13999.91644,0.008012312,481.2030923,29.67932685,5.31,0,INT : 60.00[Hz],SLOW,1,2025/6/19,14:52:15,,,,,,,,,,,,,,,,,,,,
323,2920.4714,3122.8455,5190.7393,0.259965888,0.277980228,3122.8455,0.178798793,0.430174479,14005.23335,0.008012205,481.2014055,29.68578191,5.31,0,INT : 60.00[Hz],SLOW,1,2025/6/19,14:52:16,,,,,,,,,,,,,,,,,,,,
324,2919.1116,3121.3621,5188.9419,0.259952228,0.277963005,3121.3621,0.178794911,0.430161092,14010.37262,0.008012625,481.1999488,29.69208566,5.3,0,INT : 60.00[Hz],SLOW,1,2025/6/19,14:52:17,,,,,,,,,,,,,,,,,,,,
325,2917.7378,3119.8274,5187.1636,0.259938378,0.277942341,3119.8274,0.178792157,0.430145405,14016.05911,0.008011443,481.1977984,29.69883594,5.31,0,INT : 60.00[Hz],SLOW,1,2025/6/19,14:52:18,,,,,,,,,,,,,,,,,,,,
326,2916.408,3118.3936,5185.5396,0.259921508,0.277923242,3118.3936,0.178786562,0.430130303,14022.09687,0.008013054,481.1964583,29.70637723,5.3,0,INT : 60.00[Hz],SLOW,1,2025/6/19,14:52:19,,,,,,,,,,,,,,,,,,,,
327,2914.864,3116.686,5183.4668,0.259907234,0.277902927,3116.686,0.178783361,0.430114783,14027.82322,0.008012331,481.1944507,29.71322389,5.31,0,INT : 60.00[Hz],SLOW,1,2025/6/19,14:52:20,,,,,,,,,,,,,,,,,,,,
328,2913.6255,3115.302,5181.9355,0.259893061,0.277882443,3115.302,0.178780297,0.430099163,14033.56082,0.008011457,481.1923926,29.72005774,5.34,0,INT : 60.00[Hz],SLOW,1,2025/6/19,14:52:21,,,,,,,,,,,,,,,,,,,,
329,2912.3262,3113.8682,5180.2329,0.259879989,0.277864489,3113.8682,0.178777125,0.430085376,14038.71821,0.008011123,481.1906928,29.72625519,5.32,0,INT : 60.00[Hz],SLOW,1,2025/6/19,14:52:22,,,,,,,,,,,,,,,,,,,,
330,2910.8909,3112.2974,5178.3906,0.259864339,0.277844528,3112.2974,0.178772762,0.430069881,14044.67084,0.008011493,481.1889808,29.73350255,5.31,0,INT : 60.00[Hz],SLOW,1,2025/6/19,14:52:23,,,,,,,,,,,,,,,,,,,,
331,2909.5129,3110.7529,5176.604,0.259850561,0.277823441,3110.7529,0.178770216,0.430053919,14050.43722,0.008010056,481.1867363,29.74027753,5.31,0,INT : 60.00[Hz],SLOW,1,2025/6/19,14:52:24,,,,,,,,,,,,,,,,,,,,
332,2908.0566,3109.2429,5174.7935,0.259831347,0.2778071,3109.2429,0.178761845,0.430040286,14056.54661,0.008014614,481.1863526,29.74825898,5.31,0,INT : 60.00[Hz],SLOW,1,2025/6/19,14:52:25,,,,,,,,,,,,,,,,,,,,
333,2906.6511,3107.6501,5173.0347,0.2598162,0.277782854,3107.6501,0.178759438,0.430022033,14063.05611,0.008012502,481.1836638,29.75582653,5.32,0,INT : 60.00[Hz],SLOW,1,2025/6/19,14:52:26,,,,,,,,,,,,,,,,,,,,
334,2905.1899,3106.0134,5171.1279,0.259801811,0.277760813,3106.0134,0.178756786,0.430005346,14069.09861,0.008010993,481.1813188,29.76290402,5.34,0,INT : 60.00[Hz],SLOW,1,2025/6/19,14:52:27,,,,,,,,,,,,,,,,,,,,
335,2903.8545,3104.52,5169.3618,0.25978914,0.277741388,3104.52,0.178754455,0.429990641,14074.42668,0.008009658,481.179252,29.76913827,5.31,0,INT : 60.00[Hz],SLOW,1,2025/6/19,14:52:28,,,,,,,,,,,,,,,,,,,,
336,2902.4055,3102.9036,5167.4878,0.259774301,0.277719503,3102.9036,0.178751407,0.429973988,14080.54355,0.008008529,481.1770137,29.77634246,5.33,0,INT : 60.00[Hz],SLOW,1,2025/6/19,14:52:29,,,,,,,,,,,,,,,,,,,,
337,2900.9631,3101.3362,5165.7163,0.259756362,0.277698054,3101.3362,0.178745875,0.429957164,14087.19772,0.00800968,481.1753597,29.78448921,5.33,0,INT : 60.00[Hz],SLOW,1,2025/6/19,14:52:30,,,,,,,,,,,,,,,,,,,,
338,2899.561,3099.8408,5163.894,0.259740587,0.277681507,3099.8408,0.178740155,0.429943897,14092.7087,0.008011856,481.1743913,29.79139352,5.3,0,INT : 60.00[Hz],SLOW,1,2025/6/19,14:52:31,,,,,,,,,,,,,,,,,,,,
339,2898.2742,3098.5195,5162.3989,0.259720779,0.277665205,3098.5195,0.178731322,0.429930195,14098.9647,0.008016836,481.1741139,29.79956032,5.34,0,INT : 60.00[Hz],SLOW,1,2025/6/19,14:52:32,,,,,,,,,,,,,,,,,,,,
340,2896.7766,3096.8672,5160.4072,0.259706236,0.277645064,3096.8672,0.178727851,0.429914734,14104.78615,0.008016389,481.172198,29.80647406,5.36,0,INT : 60.00[Hz],SLOW,1,2025/6/19,14:52:33,,,,,,,,,,,,,,,,,,,,
341,2895.3975,3095.3684,5158.606,0.259691535,0.277627155,3095.3684,0.178723438,0.429900724,14110.30836,0.00801717,481.1707757,29.81318762,5.33,0,INT : 60.00[Hz],SLOW,1,2025/6/19,14:52:34,,,,,,,,,,,,,,,,,,,,
342,2893.9766,3093.8018,5156.8022,0.259675685,0.277605942,3093.8018,0.178719382,0.42988436,14116.55328,0.008017056,481.1688443,29.82063953,5.32,0,INT : 60.00[Hz],SLOW,1,2025/6/19,14:52:35,,,,,,,,,,,,,,,,,,,,
343,2892.6277,3092.3303,5155.0464,0.259661271,0.277587889,3092.3303,0.178715237,0.429870294,14122.05171,0.008017574,481.1673477,29.82727751,5.36,0,INT : 60.00[Hz],SLOW,1,2025/6/19,14:52:36,,,,,,,,,,,,,,,,,,,,
344,2891.2231,3090.8337,5153.3267,0.259642885,0.27756868,3090.8337,0.17870854,0.429854877,14128.49686,0.008020155,481.1662392,29.83531576,5.36,0,INT : 60.00[Hz],SLOW,1,2025/6/19,14:52:37,,,,,,,,,,,,,,,,,,,,
345,2889.7896,3089.2019,5151.4004,0.259630535,0.277546553,3089.2019,0.178707445,0.429838422,14134.21956,0.008017257,481.1635651,29.84175084,5.34,0,INT : 60.00[Hz],SLOW,1,2025/6/19,14:52:38,,,,,,,,,,,,,,,,,,,,
346,2888.3879,3087.6165,5149.5869,0.259616574,0.277523811,3087.6165,0.178705369,0.429821321,14140.3521,0.008015122,481.1610188,29.84876985,5.34,0,INT : 60.00[Hz],SLOW,1,2025/6/19,14:52:39,,,,,,,,,,,,,,,,,,,,
347,2886.9563,3086.0066,5147.6069,0.25960507,0.27750436,3086.0066,0.178703921,0.429806758,14145.5177,0.008013006,481.1587728,29.85463386,5.31,0,INT : 60.00[Hz],SLOW,1,2025/6/19,14:52:40,,,,,,,,,,,,,,,,,,,,
348,2885.6758,3084.5977,5146.0728,0.259588512,0.277483052,3084.5977,0.178699368,0.429790219,14151.94849,0.00801332,481.1569398,29.86232279,5.31,0,INT : 60.00[Hz],SLOW,1,2025/6/19,14:52:41,,,,,,,,,,,,,,,,,,,,
349,2884.3125,3083.0994,5144.3394,0.259573169,0.277462959,3083.0994,0.178695277,0.429774661,14157.966,0.008013438,481.1551695,29.86948694,5.36,0,INT : 60.00[Hz],SLOW,1,2025/6/19,14:52:42,,,,,,,,,,,,,,,,,,,,
350,2883.1096,3081.8228,5142.7842,0.259559161,0.277448814,3081.8228,0.178689992,0.429763234,14162.8286,0.008015654,481.1544312,29.87555638,5.33,0,INT : 60.00[Hz],SLOW,1,2025/6/19,14:52:43,,,,,,,,,,,,,,,,,,,,
351,2881.573,3080.1235,5140.8022,0.259542746,0.277426153,3080.1235,0.178686045,0.429745817,14169.45399,0.008015196,481.1522955,29.88335171,5.37,0,INT : 60.00[Hz],SLOW,1,2025/6/19,14:52:44,,,,,,,,,,,,,,,,,,,,
352,2880.1768,3078.6062,5138.8511,0.259530705,0.277411038,3078.6062,0.178682592,0.429734038,14174.08928,0.008015619,481.1510447,29.88890059,5.36,0,INT : 60.00[Hz],SLOW,1,2025/6/19,14:52:45,,,,,,,,,,,,,,,,,,,,
353,2878.7498,3077.022,5137.0942,0.259513619,0.277387467,3077.022,0.178678477,0.429715917,14180.99516,0.008015152,481.1488273,29.89701274,5.37,0,INT : 60.00[Hz],SLOW,1,2025/6/19,14:52:46,,,,,,,,,,,,,,,,,,,,
354,2877.5989,3075.7627,5135.7134,0.259498552,0.277368735,3075.7627,0.178674089,0.429701295,14186.7787,0.008015773,481.1473015,29.90393593,5.33,0,INT : 60.00[Hz],SLOW,1,2025/6/19,14:52:47,,,,,,,,,,,,,,,,,,,,
355,2876.3047,3074.3584,5134.0449,0.25948403,0.27735132,3074.3584,0.178669624,0.429687625,14192.26014,0.008016694,481.1459652,29.9105366,5.38,0,INT : 60.00[Hz],SLOW,1,2025/6/19,14:52:48,,,,,,,,,,,,,,,,,,,,
356,2875.0454,3072.9797,5132.4956,0.259468438,0.277331705,3072.9797,0.178665169,0.429672339,14198.2904,0.008017222,481.1443397,29.91772658,5.32,0,INT : 60.00[Hz],SLOW,1,2025/6/19,14:52:49,,,,,,,,,,,,,,,,,,,,
357,2873.6924,3071.5293,5130.7256,0.259453419,0.277315269,3071.5293,0.178659969,0.429659241,14203.72918,0.008018966,481.143287,29.92437651,5.38,0,INT : 60.00[Hz],SLOW,1,2025/6/19,14:52:50,,,,,,,,,,,,,,,,,,,,
358,2872.4209,3070.1714,5129.0659,0.259439087,0.277300052,3070.1714,0.178654835,0.429647051,14208.85166,0.008020866,481.1423807,29.93066971,5.37,0,INT : 60.00[Hz],SLOW,1,2025/6/19,14:52:51,,,,,,,,,,,,,,,,,,,,
359,2871.1672,3068.8569,5127.604,0.259420282,0.277282257,3068.8569,0.178647296,0.429632491,14215.24701,0.008024451,481.1416442,29.93868373,5.36,0,INT : 60.00[Hz],SLOW,1,2025/6/19,14:52:52,,,,,,,,,,,,,,,,,,,,
360,2869.8542,3067.469,5125.9941,0.259402684,0.277264849,3067.469,0.178640519,0.429618366,14221.35259,0.008027427,481.140798,29.94626786,5.34,0,INT : 60.00[Hz],SLOW,1,2025/6/19,14:52:53,,,,,,,,,,,,,,,,,,,,
361,2868.51,3065.95,5124.2129,0.259390076,0.277243936,3065.95,0.178638779,0.429602658,14227.02389,0.008025321,481.1384345,29.95264906,5.35,0,INT : 60.00[Hz],SLOW,1,2025/6/19,14:52:54,,,,,,,,,,,,,,,,,,,,
362,2867.1746,3064.4641,5122.4604,0.259376596,0.277224229,3064.4641,0.17863594,0.429587618,14232.68591,0.008024403,481.1364608,29.95917355,5.35,0,INT : 60.00[Hz],SLOW,1,2025/6/19,14:52:55,,,,,,,,,,,,,,,,,,,,
363,2866.0425,3063.1824,5120.9893,0.259365334,0.277205703,3063.1824,0.178634329,0.429573687,14237.73682,0.008022601,481.1343838,29.96485607,5.36,0,INT : 60.00[Hz],SLOW,1,2025/6/19,14:52:56,,,,,,,,,,,,,,,,,,,,
364,2864.5718,3061.6086,5118.9956,0.259350489,0.277189662,3061.6086,0.178629112,0.42956087,14243.11279,0.008024433,481.1333901,29.97140607,5.34,0,INT : 60.00[Hz],SLOW,1,2025/6/19,14:52:57,,,,,,,,,,,,,,,,,,,,
365,2863.4163,3060.3958,5117.5869,0.259334555,0.277174641,3060.3958,0.178622701,0.429548567,14248.54972,0.008027503,481.1327808,29.97818993,5.36,0,INT : 60.00[Hz],SLOW,1,2025/6/19,14:52:58,,,,,,,,,,,,,,,,,,,,
366,2861.988,3058.8232,5115.7183,0.259319562,0.277154444,3058.8232,0.178618906,0.429532976,14254.6032,0.00802735,481.1309474,29.98525363,5.35,0,INT : 60.00[Hz],SLOW,1,2025/6/19,14:52:59,,,,,,,,,,,,,,,,,,,,
367,2860.7434,3057.4287,5114.0991,0.259306842,0.27713502,3057.4287,0.178616531,0.42951823,14260.09658,0.008026071,481.128917,29.99150373,5.38,0,INT : 60.00[Hz],SLOW,1,2025/6/19,14:53:00,,,,,,,,,,,,,,,,,,,,
368,2859.4172,3056.0164,5112.3794,0.259291412,0.27711899,3056.0164,0.17861087,0.429505331,14265.60364,0.008028302,481.1280201,29.99823958,5.38,0,INT : 60.00[Hz],SLOW,1,2025/6/19,14:53:01,,,,,,,,,,,,,,,,,,,,
369,2858.0352,3054.5239,5110.728,0.2592725,0.277097373,3054.5239,0.178604658,0.429488216,14272.66382,0.008030048,481.1265124,30.00671655,5.34,0,INT : 60.00[Hz],SLOW,1,2025/6/19,14:53:02,,,,,,,,,,,,,,,,,,,,
370,2856.8279,3053.1799,5109.1401,0.259260328,0.277079492,3053.1799,0.178602124,0.429474571,14277.82555,0.00802918,481.1247183,30.01261773,5.35,0,INT : 60.00[Hz],SLOW,1,2025/6/19,14:53:03,,,,,,,,,,,,,,,,,,,,
371,2855.5361,3051.7444,5107.5254,0.259245249,0.277058391,3051.7444,0.178598597,0.429458362,14284.06308,0.008028634,481.1227151,30.01981045,5.35,0,INT : 60.00[Hz],SLOW,1,2025/6/19,14:53:04,,,,,,,,,,,,,,,,,,,,
372,2854.3389,3050.447,5105.8521,0.259234651,0.277045436,3050.447,0.178595426,0.429448211,14288.23399,0.0080292,481.1216969,30.02465533,5.37,0,INT : 60.00[Hz],SLOW,1,2025/6/19,14:53:05,,,,,,,,,,,,,,,,,,,,
373,2853.0339,3048.9976,5104.2134,0.259219555,0.277024328,3048.9976,0.178591888,0.429431993,14294.67501,0.008028683,481.1196969,30.03185441,5.38,0,INT : 60.00[Hz],SLOW,1,2025/6/19,14:53:06,,,,,,,,,,,,,,,,,,,,
374,2851.6816,3047.5164,5102.5112,0.259203506,0.277003904,3047.5164,0.178587383,0.429416086,14301.20671,0.008029144,481.1179895,30.0392813,5.34,0,INT : 60.00[Hz],SLOW,1,2025/6/19,14:53:07,,,,,,,,,,,,,,,,,,,,
375,2850.4854,3046.1868,5101.0542,0.259188608,0.276983323,3046.1868,0.178583799,0.429400244,14307.53576,0.00802876,481.1160692,30.04635784,5.4,0,INT : 60.00[Hz],SLOW,1,2025/6/19,14:53:08,,,,,,,,,,,,,,,,,,,,
376,2849.105,3044.6978,5099.1851,0.25917476,0.276967266,3044.6978,0.178579333,0.429387554,14312.93124,0.008029946,481.1149224,30.05259072,5.39,0,INT : 60.00[Hz],SLOW,1,2025/6/19,14:53:09,,,,,,,,,,,,,,,,,,,,
377,2847.9556,3043.4275,5097.686,0.259162589,0.276950438,3043.4275,0.178576409,0.429374601,14318.11263,0.008029626,481.1133521,30.0583734,5.35,0,INT : 60.00[Hz],SLOW,1,2025/6/19,14:53:10,,,,,,,,,,,,,,,,,,,,
378,2846.7961,3042.1787,5096.251,0.259147709,0.276933652,3042.1787,0.178571437,0.429361274,14323.84423,0.008031136,481.1122179,30.06501815,5.37,0,INT : 60.00[Hz],SLOW,1,2025/6/19,14:53:11,,,,,,,,,,,,,,,,,,,,
379,2845.4568,3040.697,5094.4956,0.259133745,0.276914132,3040.697,0.178568161,0.429346269,14329.83344,0.008030664,481.1103738,30.0716768,5.39,0,INT : 60.00[Hz],SLOW,1,2025/6/19,14:53:12,,,,,,,,,,,,,,,,,,,,
380,2843.9373,3039.0159,5092.4785,0.259118491,0.276892607,3039.0159,0.178564657,0.429329744,14336.41461,0.008030048,481.1083184,30.0789731,5.36,0,INT : 60.00[Hz],SLOW,1,2025/6/19,14:53:13,,,,,,,,,,,,,,,,,,,,
381,2842.6619,3037.6099,5090.8296,0.259104514,0.276873742,3037.6099,0.17856113,0.429315169,14342.31228,0.008029913,481.1066136,30.08556223,5.39,0,INT : 60.00[Hz],SLOW,1,2025/6/19,14:53:14,,,,,,,,,,,,,,,,,,,,
382,2841.312,3036.1738,5088.979,0.25909097,0.27685985,3036.1738,0.17855609,0.429303955,14347.32417,0.008031986,481.1058707,30.09145491,5.38,0,INT : 60.00[Hz],SLOW,1,2025/6/19,14:53:15,,,,,,,,,,,,,,,,,,,,
383,2839.947,3034.6477,5087.1445,0.25907814,0.276839984,3034.6477,0.178553793,0.429288884,14353.15839,0.008030586,481.1037797,30.0977896,5.39,0,INT : 60.00[Hz],SLOW,1,2025/6/19,14:53:16,,,,,,,,,,,,,,,,,,,,
384,2838.6138,3033.136,5085.4761,0.259063181,0.276816051,3033.136,0.178551399,0.429270801,14360.09179,0.008028567,481.1011836,30.10526165,5.36,0,INT : 60.00[Hz],SLOW,1,2025/6/19,14:53:17,,,,,,,,,,,,,,,,,,,,
385,2837.5173,3031.9041,5084.1016,0.259050654,0.276797164,3031.9041,0.178548967,0.429256422,14365.71681,0.008027457,481.0992496,30.11138943,5.39,0,INT : 60.00[Hz],SLOW,1,2025/6/19,14:53:18,,,,,,,,,,,,,,,,,,,,
386,2836.0852,3030.3386,5082.1235,0.25903758,0.276779971,3030.3386,0.178545498,0.429243085,14371.18448,0.008027562,481.0977526,30.11750211,5.37,0,INT : 60.00[Hz],SLOW,1,2025/6/19,14:53:19,,,,,,,,,,,,,,,,,,,,
387,2834.9136,3029.0078,5080.6621,0.259024348,0.276758618,3029.0078,0.178543447,0.429226964,14377.36413,0.008025687,481.0954217,30.12413249,5.37,0,INT : 60.00[Hz],SLOW,1,2025/6/19,14:53:20,,,,,,,,,,,,,,,,,,,,
388,2833.4822,3027.4111,5078.6914,0.259011862,0.276739125,3027.4111,0.178541269,0.429212187,14383.09398,0.008024247,481.0933588,30.13031504,5.41,0,INT : 60.00[Hz],SLOW,1,2025/6/19,14:53:21,,,,,,,,,,,,,,,,,,,,
389,2832.2524,3026.0393,5077.0747,0.258999314,0.276720431,3026.0393,0.17853875,0.429197929,14388.71187,0.008023249,481.0914714,30.13642775,5.38,0,INT : 60.00[Hz],SLOW,1,2025/6/19,14:53:22,,,,,,,,,,,,,,,,,,,,
390,2830.9897,3024.6777,5075.313,0.258987721,0.2767069,3024.6777,0.17853504,0.429187237,14393.29797,0.008024204,481.0905008,30.14165568,5.36,0,INT : 60.00[Hz],SLOW,1,2025/6/19,14:53:23,,,,,,,,,,,,,,,,,,,,
391,2829.6646,3023.1633,5073.6538,0.258973078,0.276682228,3023.1633,0.178533154,0.429168701,14400.32985,0.008021609,481.0877105,30.14910966,5.41,0,INT : 60.00[Hz],SLOW,1,2025/6/19,14:53:24,,,,,,,,,,,,,,,,,,,,
392,2828.3687,3021.7573,5071.8345,0.258961631,0.27666803,3021.7573,0.1785298,0.429157587,14405.00257,0.008022133,481.0865806,30.15436576,5.39,0,INT : 60.00[Hz],SLOW,1,2025/6/19,14:53:25,,,,,,,,,,,,,,,,,,,,
393,2827.0386,3020.2568,5070.1592,0.258946678,0.276644778,3020.2568,0.178527157,0.429139944,14411.87947,0.008020457,481.0841342,30.16175963,5.34,0,INT : 60.00[Hz],SLOW,1,2025/6/19,14:53:26,,,,,,,,,,,,,,,,,,,,
394,2825.8049,3018.9021,5068.4473,0.258935668,0.276629654,3018.9021,0.178524473,0.429128278,14416.62122,0.008020226,481.0827458,30.16697957,5.38,0,INT : 60.00[Hz],SLOW,1,2025/6/19,14:53:27,,,,,,,,,,,,,,,,,,,,
395,2824.5715,3017.5435,5066.812,0.258922944,0.27661231,3017.5435,0.178521322,0.429114885,14422.08345,0.008020026,481.0811694,30.17299707,5.38,0,INT : 60.00[Hz],SLOW,1,2025/6/19,14:53:28,,,,,,,,,,,,,,,,,,,,
396,2823.3579,3016.1743,5065.2739,0.2589095,0.276591282,3016.1743,0.17851899,0.429098939,14428.30228,0.00801846,481.0789476,30.17965858,5.38,0,INT : 60.00[Hz],SLOW,1,2025/6/19,14:53:29,,,,,,,,,,,,,,,,,,,,
397,2822.1069,3014.7866,5063.603,0.258897097,0.276573329,3014.7866,0.178516304,0.429085186,14433.80787,0.008017742,481.0771969,30.18564206,5.38,0,INT : 60.00[Hz],SLOW,1,2025/6/19,14:53:30,,,,,,,,,,,,,,,,,,,,
398,2820.8806,3013.4348,5062.0728,0.258882168,0.276553546,3013.4348,0.178512396,0.429069845,14440.14084,0.008017794,481.0754671,30.19263883,5.39,0,INT : 60.00[Hz],SLOW,1,2025/6/19,14:53:31,,,,,,,,,,,,,,,,,,,,
399,2819.4836,3011.8967,5060.1021,0.25887051,0.276536893,3011.8967,0.17850979,0.429057063,14445.2885,0.008017231,481.0738686,30.198238,5.4,0,INT : 60.00[Hz],SLOW,1,2025/6/19,14:53:32,,,,,,,,,,,,,,,,,,,,
400,2818.3008,3010.595,5058.4785,0.258859549,0.276521677,3010.595,0.178507176,0.429045339,14450.05925,0.008016923,481.0724573,30.20345261,5.37,0,INT : 60.00[Hz],SLOW,1,2025/6/19,14:53:33,,,,,,,,,,,,,,,,,,,,
401,2816.9758,3009.0928,5056.8682,0.258843348,0.276496396,3009.0928,0.178504343,0.429026156,14457.57644,0.008015069,481.0697978,30.21147347,5.4,0,INT : 60.00[Hz],SLOW,1,2025/6/19,14:53:34,,,,,,,,,,,,,,,,,,,,
402,2815.9036,3007.9438,5055.4575,0.258831205,0.276483087,3007.9438,0.178500136,0.429015521,14462.28735,0.008016509,481.0689658,30.21685227,5.35,0,INT : 60.00[Hz],SLOW,1,2025/6/19,14:53:35,,,,,,,,,,,,,,,,,,,,
403,2814.7178,3006.5979,5053.9502,0.258818297,0.276462013,3006.5979,0.178498222,0.428999616,14468.44073,0.008014566,481.0666571,30.22334752,5.4,0,INT : 60.00[Hz],SLOW,1,2025/6/19,14:53:36,,,,,,,,,,,,,,,,,,,,
404,2813.4744,3005.2722,5052.272,0.25880504,0.276448078,3005.2722,0.178493409,0.4289884,14473.49401,0.008016438,481.0658724,30.22915308,5.37,0,INT : 60.00[Hz],SLOW,1,2025/6/19,14:53:37,,,,,,,,,,,,,,,,,,,,
405,2812.2446,3003.885,5050.7417,0.258790642,0.27642593,3003.885,0.178490773,0.428971558,14480.14527,0.008014952,481.0635783,30.23624548,5.38,0,INT : 60.00[Hz],SLOW,1,2025/6/19,14:53:38,,,,,,,,,,,,,,,,,,,,
406,2811.0574,3002.6028,5049.1094,0.258779069,0.27641227,3002.6028,0.178487123,0.428960772,14484.81128,0.008015837,481.0625868,30.24148143,5.39,0,INT : 60.00[Hz],SLOW,1,2025/6/19,14:53:39,,,,,,,,,,,,,,,,,,,,
407,2809.6804,3001.0991,5047.2183,0.258765976,0.276395258,3001.0991,0.17848357,0.428947534,14490.35168,0.008016057,481.0611452,30.24757966,5.38,0,INT : 60.00[Hz],SLOW,1,2025/6/19,14:53:40,,,,,,,,,,,,,,,,,,,,
408,2808.6499,2999.9456,5045.9292,0.258753836,0.276377426,2999.9456,0.178481034,0.428933892,14495.83407,0.00801523,481.0593867,30.25346533,5.4,0,INT : 60.00[Hz],SLOW,1,2025/6/19,14:53:41,,,,,,,,,,,,,,,,,,,,
409,2807.5073,2998.6572,5044.4873,0.25874089,0.276357334,2998.6572,0.178478728,0.428918627,14501.86407,0.008013808,481.0572909,30.25986249,5.4,0,INT : 60.00[Hz],SLOW,1,2025/6/19,14:53:42,,,,,,,,,,,,,,,,,,,,
410,2806.2991,2997.3259,5042.8989,0.258727969,0.276339768,2997.3259,0.178475508,0.428905044,14507.47469,0.008013636,481.0557109,30.26596786,5.41,0,INT : 60.00[Hz],SLOW,1,2025/6/19,14:53:43,,,,,,,,,,,,,,,,,,,,
411,2805.1077,2996.0049,5041.3091,0.258715975,0.276322484,2996.0049,0.178472879,0.428891784,14512.84977,0.008012987,481.0540441,30.27174525,5.4,0,INT : 60.00[Hz],SLOW,1,2025/6/19,14:53:44,,,,,,,,,,,,,,,,,,,,
412,2803.9629,2994.7578,5039.8535,0.258702192,0.276305513,2994.7578,0.178468791,0.428878466,14518.55109,0.008013692,481.0527226,30.27805995,5.4,0,INT : 60.00[Hz],SLOW,1,2025/6/19,14:53:45,,,,,,,,,,,,,,,,,,,,
413,2802.5828,2993.366,5038.2397,0.258679531,0.276288898,2993.366,0.1784579,0.428864072,14526.05405,0.008020513,481.0528664,30.28717476,5.43,0,INT : 60.00[Hz],SLOW,1,2025/6/19,14:53:46,,,,,,,,,,,,,,,,,,,,
414,2801.3223,2992.0012,5036.6758,0.258663202,0.27626975,2992.0012,0.178452702,0.428848929,14532.66171,0.00802183,481.0514985,30.29454811,5.4,0,INT : 60.00[Hz],SLOW,1,2025/6/19,14:53:47,,,,,,,,,,,,,,,,,,,,
415,2800.1584,2990.7268,5035.0532,0.258652719,0.276255664,2990.7268,0.178450026,0.428838015,14537.20661,0.008021778,481.0502531,30.29948326,5.42,0,INT : 60.00[Hz],SLOW,1,2025/6/19,14:53:48,,,,,,,,,,,,,,,,,,,,
416,2799.0183,2989.4448,5033.5054,0.258642252,0.276238542,2989.4448,0.178448484,0.428825085,14542.25825,0.008020191,481.0483834,30.3047539,5.41,0,INT : 60.00[Hz],SLOW,1,2025/6/19,14:53:49,,,,,,,,,,,,,,,,,,,,
417,2797.7476,2988.0703,5031.813,0.258628495,0.276222246,2988.0703,0.178444165,0.428812216,14547.86546,0.00802122,481.0471989,30.31098427,5.41,0,INT : 60.00[Hz],SLOW,1,2025/6/19,14:53:50,,,,,,,,,,,,,,,,,,,,
418,2796.5383,2986.7261,5030.1924,0.258616495,0.276204562,2986.7261,0.178441679,0.428798684,14553.34086,0.008020378,481.0454556,30.31680829,5.41,0,INT : 60.00[Hz],SLOW,1,2025/6/19,14:53:51,,,,,,,,,,,,,,,,,,,,
419,2795.3911,2985.4822,5028.7505,0.258602071,0.276187428,2985.4822,0.178437166,0.428785158,14559.23772,0.008021435,481.0442054,30.32334633,5.4,0,INT : 60.00[Hz],SLOW,1,2025/6/19,14:53:52,,,,,,,,,,,,,,,,,,,,
420,2794.3523,2984.3271,5027.459,0.25858935,0.276169617,2984.3271,0.178434185,0.428771432,14564.89554,0.008021013,481.0425503,30.3294156,5.41,0,INT : 60.00[Hz],SLOW,1,2025/6/19,14:53:53,,,,,,,,,,,,,,,,,,,,
421,2793.0723,2982.9397,5025.707,0.258576649,0.276154166,2982.9397,0.178430346,0.428759279,14570.15747,0.008021762,481.0413759,30.33521329,5.43,0,INT : 60.00[Hz],SLOW,1,2025/6/19,14:53:54,,,,,,,,,,,,,,,,,,,,
422,2791.8853,2981.6409,5024.146,0.258563628,0.276137379,2981.6409,0.17842676,0.428746189,14575.71522,0.008022055,481.0399787,30.34126326,5.4,0,INT : 60.00[Hz],SLOW,1,2025/6/19,14:53:55,,,,,,,,,,,,,,,,,,,,
423,2790.7625,2980.3848,5022.646,0.258552524,0.27612024,2980.3848,0.178424744,0.428733147,14580.93329,0.00802089,481.0382102,30.34673963,5.39,0,INT : 60.00[Hz],SLOW,1,2025/6/19,14:53:56,,,,,,,,,,,,,,,,,,,,
424,2789.6453,2979.1973,5021.2236,0.258538293,0.276105563,2979.1973,0.178419469,0.42872128,14586.39969,0.008023051,481.037435,30.35293996,5.41,0,INT : 60.00[Hz],SLOW,1,2025/6/19,14:53:57,,,,,,,,,,,,,,,,,,,,
425,2788.5105,2977.9741,5019.7266,0.258525487,0.276090839,2977.9741,0.178415282,0.428709591,14591.57795,0.008024238,481.0364279,30.35868989,5.42,0,INT : 60.00[Hz],SLOW,1,2025/6/19,14:53:58,,,,,,,,,,,,,,,,,,,,
426,2787.3848,2976.7327,5018.2593,0.258513021,0.276073889,2976.7327,0.178412172,0.428696472,14597.06361,0.00802408,481.0349128,30.36458061,5.41,0,INT : 60.00[Hz],SLOW,1,2025/6/19,14:53:59,,,,,,,,,,,,,,,,,,,,
427,2786.1399,2975.438,5016.7173,0.258495416,0.276058314,2975.438,0.178404691,0.428683506,14603.40637,0.008028052,481.0344832,30.37196134,5.42,0,INT : 60.00[Hz],SLOW,1,2025/6/19,14:54:00,,,,,,,,,,,,,,,,,,,,
428,2784.9355,2974.1423,5015.146,0.258481312,0.276042373,2974.1423,0.178399977,0.428670813,14609.07709,0.008029498,481.0334315,30.37826309,5.42,0,INT : 60.00[Hz],SLOW,1,2025/6/19,14:54:01,,,,,,,,,,,,,,,,,,,,
429,2783.6719,2972.7698,5013.4888,0.258467025,0.276024975,2972.7698,0.178395664,0.428657125,14615.03722,0.008030336,481.0321113,30.38478651,5.4,0,INT : 60.00[Hz],SLOW,1,2025/6/19,14:54:02,,,,,,,,,,,,,,,,,,,,
430,2782.6055,2971.575,5012.1958,0.258453302,0.276005122,2971.575,0.17839268,0.428641884,14621.29959,0.008029567,481.0302023,30.39140573,5.42,0,INT : 60.00[Hz],SLOW,1,2025/6/19,14:54:03,,,,,,,,,,,,,,,,,,,,
431,2781.4443,2970.3218,5010.5366,0.258443233,0.275993148,2970.3218,0.178389533,0.428632426,14625.45848,0.008030303,481.0293315,30.39597111,5.4,0,INT : 60.00[Hz],SLOW,1,2025/6/19,14:54:04,,,,,,,,,,,,,,,,,,,,
432,2780.2629,2968.9897,5009.0601,0.25842927,0.275971687,2968.9897,0.178386964,0.428616078,14632.05388,0.008028888,481.0271331,30.40284707,5.43,0,INT : 60.00[Hz],SLOW,1,2025/6/19,14:54:05,,,,,,,,,,,,,,,,,,,,
433,2778.9719,2967.5615,5007.353,0.25841559,0.275952469,2967.5615,0.178383778,0.428601264,14638.21493,0.00802841,481.0253494,30.40938092,5.4,0,INT : 60.00[Hz],SLOW,1,2025/6/19,14:54:06,,,,,,,,,,,,,,,,,,,,
434,2777.6538,2966.1213,5005.6006,0.258401407,0.275934285,2966.1213,0.178379831,0.428587063,14644.31252,0.008028788,481.0238562,30.41595974,5.4,0,INT : 60.00[Hz],SLOW,1,2025/6/19,14:54:07,,,,,,,,,,,,,,,,,,,,
435,2776.4507,2964.8179,5003.9053,0.258390485,0.275920886,2964.8179,0.178376569,0.428576528,14648.90888,0.008029382,481.0228296,30.42095779,5.42,0,INT : 60.00[Hz],SLOW,1,2025/6/19,14:54:08,,,,,,,,,,,,,,,,,,,,
436,2775.3992,2963.6943,5002.6587,0.258374905,0.275904177,2963.6943,0.178371026,0.4285631,14655.06145,0.008031437,481.0218565,30.42781809,5.41,0,INT : 60.00[Hz],SLOW,1,2025/6/19,14:54:09,,,,,,,,,,,,,,,,,,,,
437,2774.2202,2962.3806,5000.978,0.258365527,0.275889067,2962.3806,0.178369556,0.428551654,14659.62871,0.00803014,481.0202411,30.43251446,5.45,0,INT : 60.00[Hz],SLOW,1,2025/6/19,14:54:10,,,,,,,,,,,,,,,,,,,,
438,2773.0481,2961.0967,4999.4629,0.258351915,0.275871523,2961.0967,0.178365802,0.428537959,14665.5148,0.008030458,481.0187913,30.43883866,5.44,0,INT : 60.00[Hz],SLOW,1,2025/6/19,14:54:11,,,,,,,,,,,,,,,,,,,,
439,2771.8318,2959.7429,4997.793,0.258340648,0.275854364,2959.7429,0.178363669,0.428524867,14670.84119,0.0080294,481.0170545,30.44436937,5.4,0,INT : 60.00[Hz],SLOW,1,2025/6/19,14:54:12,,,,,,,,,,,,,,,,,,,,
440,2770.6189,2958.4009,4996.147,0.258328747,0.275837286,2958.4009,0.178361029,0.428511735,14676.29289,0.008028807,481.015434,30.45009372,5.43,0,INT : 60.00[Hz],SLOW,1,2025/6/19,14:54:13,,,,,,,,,,,,,,,,,,,,
441,2769.4167,2957.1079,4994.5454,0.258315327,0.275822087,2957.1079,0.178356551,0.428499628,14681.75113,0.008030174,481.0144338,30.4560933,5.45,0,INT : 60.00[Hz],SLOW,1,2025/6/19,14:54:14,,,,,,,,,,,,,,,,,,,,
442,2768.3398,2955.897,4993.2012,0.258302385,0.275802575,2955.897,0.178354027,0.428484719,14687.85045,0.008029059,481.0124815,30.46242378,5.4,0,INT : 60.00[Hz],SLOW,1,2025/6/19,14:54:15,,,,,,,,,,,,,,,,,,,,
443,2767.1907,2954.6602,4991.6548,0.258289936,0.275788363,2954.6602,0.178349915,0.428473412,14692.9415,0.008030273,481.0115318,30.46800203,5.42,0,INT : 60.00[Hz],SLOW,1,2025/6/19,14:54:16,,,,,,,,,,,,,,,,,,,,
444,2765.9329,2953.2737,4989.8765,0.258279152,0.275772788,2953.2737,0.178347559,0.428461443,14697.91478,0.008029687,481.0100452,30.47320047,5.46,0,INT : 60.00[Hz],SLOW,1,2025/6/19,14:54:17,,,,,,,,,,,,,,,,,,,,
445,2764.9019,2952.1211,4988.5967,0.258266404,0.27575434,2952.1211,0.178344787,0.428447269,14703.80461,0.008028978,481.0082814,30.47934961,5.43,0,INT : 60.00[Hz],SLOW,1,2025/6/19,14:54:18,,,,,,,,,,,,,,,,,,,,
446,2763.7019,2950.7854,4987.02,0.258253517,0.275735494,2950.7854,0.178342058,0.428432807,14709.79792,0.008028161,481.0064588,30.4855879,5.42,0,INT : 60.00[Hz],SLOW,1,2025/6/19,14:54:19,,,,,,,,,,,,,,,,,,,,
447,2762.4998,2949.469,4985.3662,0.258241871,0.275719981,2949.469,0.178339029,0.428420749,14714.95749,0.008028186,481.0051214,30.49105535,5.44,0,INT : 60.00[Hz],SLOW,1,2025/6/19,14:54:20,,,,,,,,,,,,,,,,,,,,
448,2761.2007,2948.0422,4983.7031,0.258226377,0.275699718,2948.0422,0.178334861,0.428404957,14721.76282,0.008028408,481.0034192,30.49828676,5.46,0,INT : 60.00[Hz],SLOW,1,2025/6/19,14:54:21,,,,,,,,,,,,,,,,,,,,
449,2760.3193,2947.0732,4982.5425,0.258216659,0.275686728,2947.0732,0.178332351,0.428394864,14726.08316,0.008028406,481.0022947,30.50285387,5.41,0,INT : 60.00[Hz],SLOW,1,2025/6/19,14:54:22,,,,,,,,,,,,,,,,,,,,
450,2759.0532,2945.6489,4980.7524,0.258206443,0.275669032,2945.6489,0.178331205,0.428381561,14731.32522,0.008026379,481.0002924,30.5081085,5.44,0,INT : 60.00[Hz],SLOW,1,2025/6/19,14:54:23,,,,,,,,,,,,,,,,,,,,
451,2757.9819,2944.4841,4979.4287,0.258192201,0.275651856,2944.4841,0.178326838,0.428368008,14737.34517,0.008027312,480.9989263,30.51460718,5.44,0,INT : 60.00[Hz],SLOW,1,2025/6/19,14:54:24,,,,,,,,,,,,,,,,,,,,
452,2756.9739,2943.3645,4978.1592,0.258179943,0.275634702,2943.3645,0.178323955,0.428354762,14742.94071,0.008026926,480.9971959,30.5204771,5.46,0,INT : 60.00[Hz],SLOW,1,2025/6/19,14:54:25,,,,,,,,,,,,,,,,,,,,
453,2755.9658,2942.2927,4976.8237,0.25816811,0.275622487,2942.2927,0.178319567,0.42834487,14747.59433,0.008028732,480.9964966,30.52564297,5.49,0,INT : 60.00[Hz],SLOW,1,2025/6/19,14:54:26,,,,,,,,,,,,,,,,,,,,
454,2754.6064,2940.7854,4974.9785,0.258154715,0.275602938,2940.7854,0.178316713,0.428329859,14753.8577,0.008027909,480.9944278,30.5321502,5.44,0,INT : 60.00[Hz],SLOW,1,2025/6/19,14:54:27,,,,,,,,,,,,,,,,,,,,
455,2753.4675,2939.51,4973.4604,0.258143114,0.275584973,2939.51,0.178314624,0.428316167,14759.46597,0.008026678,480.9924058,30.53790452,5.43,0,INT : 60.00[Hz],SLOW,1,2025/6/19,14:54:28,,,,,,,,,,,,,,,,,,,,
456,2752.3481,2938.3101,4972.041,0.258128645,0.27556907,2938.3101,0.178309615,0.428303425,14765.33823,0.008028404,480.9913366,30.54433281,5.45,0,INT : 60.00[Hz],SLOW,1,2025/6/19,14:54:29,,,,,,,,,,,,,,,,,,,,
457,2751.0952,2936.9207,4970.2637,0.25811813,0.275552979,2936.9207,0.178307649,0.428291143,14770.39667,0.008027385,480.9895483,30.54952659,5.43,0,INT : 60.00[Hz],SLOW,1,2025/6/19,14:54:30,,,,,,,,,,,,,,,,,,,,
458,2749.9792,2935.7009,4968.8037,0.258105343,0.275536662,2935.7009,0.178304058,0.428278372,14775.98778,0.008027777,480.9880994,30.55546813,5.45,0,INT : 60.00[Hz],SLOW,1,2025/6/19,14:54:31,,,,,,,,,,,,,,,,,,,,
459,2748.7871,2934.3665,4967.3003,0.258091075,0.275515628,2934.3665,0.178301095,0.428262236,14782.72407,0.008026797,480.9858533,30.56242344,5.48,0,INT : 60.00[Hz],SLOW,1,2025/6/19,14:54:32,,,,,,,,,,,,,,,,,,,,
460,2747.5273,2932.9924,4965.5317,0.25807947,0.275500492,2932.9924,0.178297956,0.428250426,14787.86451,0.00802699,480.9844668,30.56785373,5.46,0,INT : 60.00[Hz],SLOW,1,2025/6/19,14:54:33,,,,,,,,,,,,,,,,,,,,
461,2746.4331,2931.7754,4964.1099,0.25806718,0.275482775,2931.7754,0.178295256,0.428236792,14793.60686,0.008026347,480.9826227,30.5737986,5.47,0,INT : 60.00[Hz],SLOW,1,2025/6/19,14:54:34,,,,,,,,,,,,,,,,,,,,
462,2745.2209,2930.4521,4962.3696,0.258056957,0.275469107,2930.4521,0.178292614,0.428226165,14798.2003,0.00802635,480.981328,30.57862053,5.43,0,INT : 60.00[Hz],SLOW,1,2025/6/19,14:54:35,,,,,,,,,,,,,,,,,,,,
463,2744.0701,2929.2095,4960.793,0.258045079,0.275455097,2929.2095,0.178288853,0.428215063,14803.21446,0.008027292,480.9802408,30.58400773,5.44,0,INT : 60.00[Hz],SLOW,1,2025/6/19,14:54:36,,,,,,,,,,,,,,,,,,,,
464,2743.0955,2928.1345,4959.5444,0.25803346,0.275439436,2928.1345,0.178285897,0.428202898,14808.46495,0.008027232,480.9787417,30.58950266,5.46,0,INT : 60.00[Hz],SLOW,1,2025/6/19,14:54:37,,,,,,,,,,,,,,,,,,,,
465,2741.8918,2926.7964,4957.8506,0.258023036,0.275423302,2926.7964,0.178284015,0.428190594,14813.54373,0.008026134,480.9769335,30.59467256,5.44,0,INT : 60.00[Hz],SLOW,1,2025/6/19,14:54:38,,,,,,,,,,,,,,,,,,,,
466,2740.6826,2925.4656,4956.2524,0.25800972,0.275405317,2925.4656,0.17828064,0.428176626,14819.57695,0.008026048,480.9752091,30.60097433,5.48,0,INT : 60.00[Hz],SLOW,1,2025/6/19,14:54:39,,,,,,,,,,,,,,,,,,,,
467,2739.6318,2924.3254,4954.8306,0.257998545,0.275391641,2924.3254,0.178277284,0.42816585,14824.39541,0.008026688,480.974078,30.60609947,5.46,0,INT : 60.00[Hz],SLOW,1,2025/6/19,14:54:40,,,,,,,,,,,,,,,,,,,,
468,2738.4165,2923.0049,4953.2061,0.257985172,0.275375174,2923.0049,0.178273305,0.428152885,14830.18385,0.008027402,480.9727024,30.61224443,5.47,0,INT : 60.00[Hz],SLOW,1,2025/6/19,14:54:41,,,,,,,,,,,,,,,,,,,,
469,2737.3989,2921.8613,4951.8262,0.257975366,0.275359298,2921.8613,0.178271793,0.428140841,14835.09952,0.00802602,480.9708482,30.61718818,5.46,0,INT : 60.00[Hz],SLOW,1,2025/6/19,14:54:42,,,,,,,,,,,,,,,,,,,,
470,2736.1729,2920.5354,4950.0757,0.257964422,0.275345986,2920.5354,0.178268475,0.42813034,14839.81486,0.008026689,480.9697601,30.6221983,5.45,0,INT : 60.00[Hz],SLOW,1,2025/6/19,14:54:43,,,,,,,,,,,,,,,,,,,,
471,2735.1714,2919.4177,4948.6797,0.25795549,0.275331858,2919.4177,0.178266974,0.428119591,14844.23992,0.008025597,480.9681464,30.62666295,5.49,0,INT : 60.00[Hz],SLOW,1,2025/6/19,14:54:44,,,,,,,,,,,,,,,,,,,,
472,2734.0952,2918.2163,4947.2759,0.25794355,0.275314141,2918.2163,0.178264535,0.428106001,14849.95402,0.008024726,480.9662501,30.63249681,5.48,0,INT : 60.00[Hz],SLOW,1,2025/6/19,14:54:45,,,,,,,,,,,,,,,,,,,,
473,2733.04,2917.0789,4945.792,0.257933464,0.275302324,2917.0789,0.178261311,0.428096622,14854.22921,0.008025569,480.9653488,30.63706198,5.47,0,INT : 60.00[Hz],SLOW,1,2025/6/19,14:54:46,,,,,,,,,,,,,,,,,,,,
474,2731.7275,2915.6167,4943.9468,0.257922051,0.275284354,2915.6167,0.178259362,0.42808294,14859.88159,0.008024217,480.9633072,30.64275736,5.47,0,INT : 60.00[Hz],SLOW,1,2025/6/19,14:54:47,,,,,,,,,,,,,,,,,,,,
475,2730.7544,2914.5317,4942.6719,0.257911337,0.275268536,2914.5317,0.178257143,0.428070797,14865.0065,0.008023476,480.9616253,30.64798307,5.48,0,INT : 60.00[Hz],SLOW,1,2025/6/19,14:54:48,,,,,,,,,,,,,,,,,,,,
476,2729.5625,2913.2112,4940.9683,0.257901459,0.275253422,2913.2112,0.178255294,0.428059246,14869.8287,0.008022527,480.9599572,30.652862,5.44,0,INT : 60.00[Hz],SLOW,1,2025/6/19,14:54:49,,,,,,,,,,,,,,,,,,,,
477,2728.5225,2912.0623,4939.5889,0.257890142,0.275237665,2912.0623,0.178252599,0.428047053,14875.08162,0.008022222,480.9583929,30.65827193,5.47,0,INT : 60.00[Hz],SLOW,1,2025/6/19,14:54:50,,,,,,,,,,,,,,,,,,,,
478,2727.3748,2910.8098,4937.9771,0.257879454,0.275223648,2910.8098,0.178249733,0.428036114,14879.89345,0.008022368,480.9571083,30.66328198,5.47,0,INT : 60.00[Hz],SLOW,1,2025/6/19,14:54:51,,,,,,,,,,,,,,,,,,,,
479,2726.1458,2909.446,4936.2974,0.257867421,0.275205873,2909.446,0.178247245,0.428022466,14885.66798,0.008021533,480.9552199,30.66915183,5.47,0,INT : 60.00[Hz],SLOW,1,2025/6/19,14:54:52,,,,,,,,,,,,,,,,,,,,
480,2725.0349,2908.3062,4935.0767,0.257847007,0.27518842,2908.3062,0.178238327,0.428007793,14893.22074,0.008026487,480.9548362,30.67764705,5.5,0,INT : 60.00[Hz],SLOW,1,2025/6/19,14:54:53,,,,,,,,,,,,,,,,,,,,
481,2724.0044,2907.1633,4933.6685,0.25783688,0.275173533,2907.1633,0.178236206,0.427996353,14898.07705,0.008025821,480.953264,30.68257911,5.46,0,INT : 60.00[Hz],SLOW,1,2025/6/19,14:54:54,,,,,,,,,,,,,,,,,,,,
482,2722.8906,2905.9216,4932.1846,0.257825152,0.275155997,2905.9216,0.178233857,0.427982908,14903.7578,0.008024902,480.9513785,30.68832473,5.47,0,INT : 60.00[Hz],SLOW,1,2025/6/19,14:54:55,,,,,,,,,,,,,,,,,,,,
483,2721.8242,2904.7322,4930.7583,0.257814063,0.275139302,2904.7322,0.17823168,0.427970118,14909.15347,0.008023976,480.9495711,30.69377011,5.5,0,INT : 60.00[Hz],SLOW,1,2025/6/19,14:54:56,,,,,,,,,,,,,,,,,,,,
484,2720.7444,2903.5249,4929.269,0.257804001,0.275123358,2903.5249,0.178229997,0.427957981,14914.19505,0.008022738,480.9477555,30.69880307,5.49,0,INT : 60.00[Hz],SLOW,1,2025/6/19,14:54:57,,,,,,,,,,,,,,,,,,,,
485,2719.6248,2902.3113,4927.6919,0.257793431,0.275110298,2902.3113,0.178226867,0.427947693,14918.83763,0.008023288,480.9466663,30.70366526,5.47,0,INT : 60.00[Hz],SLOW,1,2025/6/19,14:54:58,,,,,,,,,,,,,,,,,,,,
486,2718.5603,2901.1169,4926.2754,0.257782336,0.27509292,2901.1169,0.178224936,0.427934444,14924.3686,0.008022025,480.9447106,30.7091914,5.44,0,INT : 60.00[Hz],SLOW,1,2025/6/19,14:54:59,,,,,,,,,,,,,,,,,,,,
487,2717.2935,2899.7297,4924.4707,0.257771197,0.275077681,2899.7297,0.178222181,0.427922616,14929.53198,0.008021865,480.943237,30.71448542,5.5,0,INT : 60.00[Hz],SLOW,1,2025/6/19,14:55:00,,,,,,,,,,,,,,,,,,,,
488,2716.4624,2898.8286,4923.502,0.257758398,0.275062676,2898.8286,0.178218091,0.427910698,14935.02177,0.008022937,480.942099,30.72027977,5.46,0,INT : 60.00[Hz],SLOW,1,2025/6/19,14:55:01,,,,,,,,,,,,,,,,,,,,
489,2715.4099,2897.655,4922.0054,0.257749576,0.275048473,2897.655,0.178216698,0.427899904,14939.49871,0.008021741,480.9404604,30.72471827,5.48,0,INT : 60.00[Hz],SLOW,1,2025/6/19,14:55:02,,,,,,,,,,,,,,,,,,,,
490,2714.3074,2896.4387,4920.5137,0.257738148,0.275032499,2896.4387,0.178213997,0.42788754,14944.86834,0.008021407,480.9388749,30.73018844,5.49,0,INT : 60.00[Hz],SLOW,1,2025/6/19,14:55:03,,,,,,,,,,,,,,,,,,,,
491,2713.3625,2895.3833,4919.2705,0.257727802,0.275016985,2895.3833,0.178211941,0.427875643,14949.92199,0.008020578,480.9372072,30.73526218,5.49,0,INT : 60.00[Hz],SLOW,1,2025/6/19,14:55:04,,,,,,,,,,,,,,,,,,,,
492,2712.3118,2894.2305,4917.7388,0.257719437,0.275005055,2894.2305,0.178210052,0.427866434,14953.90067,0.008020216,480.935995,30.73929369,5.48,0,INT : 60.00[Hz],SLOW,1,2025/6/19,14:55:05,,,,,,,,,,,,,,,,,,,,
493,2711.2405,2893.0676,4916.2451,0.257708929,0.274991965,2893.0676,0.178206977,0.427856132,14958.56136,0.008020712,480.9348924,30.74413945,5.48,0,INT : 60.00[Hz],SLOW,1,2025/6/19,14:55:06,,,,,,,,,,,,,,,,,,,,
494,2710.208,2891.9114,4914.874,0.257697984,0.274975108,2891.9114,0.178204966,0.427843247,14963.99821,0.008019612,480.9330315,30.74955802,5.48,0,INT : 60.00[Hz],SLOW,1,2025/6/19,14:55:07,,,,,,,,,,,,,,,,,,,,
495,2709.1885,2890.7852,4913.502,0.257687237,0.274959993,2890.7852,0.17820246,0.427831554,14969.0829,0.008019254,480.9315227,30.75471341,5.47,0,INT : 60.00[Hz],SLOW,1,2025/6/19,14:55:08,,,,,,,,,,,,,,,,,,,,
496,2708.1047,2889.5745,4912.0376,0.257676277,0.274943136,2889.5745,0.178200438,0.427818666,14974.53122,0.008018166,480.9296658,30.76013646,5.47,0,INT : 60.00[Hz],SLOW,1,2025/6/19,14:55:09,,,,,,,,,,,,,,,,,,,,
497,2706.9165,2888.3057,4910.251,0.257667261,0.274933422,2888.3057,0.178197238,0.427810839,14978.26888,0.008019354,480.9290568,30.76411977,5.52,0,INT : 60.00[Hz],SLOW,1,2025/6/19,14:55:10,,,,,,,,,,,,,,,,,,,,
498,2705.948,2887.2126,4908.9976,0.257656374,0.274916122,2887.2126,0.178195434,0.427797663,14983.78861,0.008017994,480.9270904,30.76957095,5.53,0,INT : 60.00[Hz],SLOW,1,2025/6/19,14:55:11,,,,,,,,,,,,,,,,,,,,
499,2704.9673,2886.104,4907.5938,0.257648689,0.274901997,2886.104,0.178194868,0.427787084,14988.03262,0.008016076,480.9252803,30.77363916,5.49,0,INT : 60.00[Hz],SLOW,1,2025/6/19,14:55:12,,,,,,,,,,,,,,,,,,,,
500,2703.9072,2884.9072,4906.146,0.257638628,0.274885001,2884.9072,0.178193574,0.427774233,14993.32284,0.008014315,480.9232418,30.7787929,5.5,0,INT : 60.00[Hz],SLOW,1,2025/6/19,14:55:13,,,,,,,,,,,,,,,,,,,,
501,2702.937,2883.8376,4904.7378,0.257630825,0.274873392,2883.8376,0.178191988,0.427765316,14997.1445,0.008013738,480.9220086,30.7826088,5.46,0,INT : 60.00[Hz],SLOW,1,2025/6/19,14:55:14,,,,,,,,,,,,,,,,,,,,
502,2701.9966,2882.7461,4903.415,0.257623567,0.274857242,2882.7461,0.178192492,0.427753444,15001.66889,0.008010518,480.9196803,30.78677476,5.46,0,INT : 60.00[Hz],SLOW,1,2025/6/19,14:55:15,,,,,,,,,,,,,,,,,,,,
503,2700.9116,2881.5427,4901.9722,0.257611764,0.274840279,2881.5427,0.178189873,0.427740354,15007.34993,0.008009946,480.9179482,30.79247842,5.53,0,INT : 60.00[Hz],SLOW,1,2025/6/19,14:55:16,,,,,,,,,,,,,,,,,,,,
504,2700.0647,2880.5957,4900.772,0.257604552,0.274828439,2880.5957,0.178188818,0.42773137,15011.09038,0.008008856,480.9165646,30.79613305,5.47,0,INT : 60.00[Hz],SLOW,1,2025/6/19,14:55:17,,,,,,,,,,,,,,,,,,,,
505,2698.9646,2879.3599,4899.1724,0.257596316,0.27481372,2879.3599,0.178188056,0.427720308,15015.58177,0.008007012,480.9147209,30.80044488,5.51,0,INT : 60.00[Hz],SLOW,1,2025/6/19,14:55:18,,,,,,,,,,,,,,,,,,,,
506,2698.0857,2878.3604,4898.0649,0.257585839,0.274796637,2878.3604,0.178186479,0.427707333,15021.00192,0.008005489,480.9127383,30.80574087,5.49,0,INT : 60.00[Hz],SLOW,1,2025/6/19,14:55:19,,,,,,,,,,,,,,,,,,,,
507,2697.0303,2877.2056,4896.4683,0.257578693,0.274786256,2877.2056,0.178184935,0.427699332,15024.47076,0.008005087,480.9116665,30.80920675,5.52,0,INT : 60.00[Hz],SLOW,1,2025/6/19,14:55:20,,,,,,,,,,,,,,,,,,,,
508,2695.9377,2875.9624,4894.9624,0.257568846,0.274768337,2875.9624,0.178184143,0.427685889,15029.90993,0.008002721,480.9093933,30.81439862,5.5,0,INT : 60.00[Hz],SLOW,1,2025/6/19,14:55:21,,,,,,,,,,,,,,,,,,,,
509,2695.0269,2874.9407,4893.6733,0.257561104,0.274755291,2874.9407,0.178183133,0.427676017,15034.00021,0.008001385,480.9078366,30.81836092,5.52,0,INT : 60.00[Hz],SLOW,1,2025/6/19,14:55:22,,,,,,,,,,,,,,,,,,,,
510,2694.1072,2873.9094,4892.4258,0.257551937,0.274740713,2873.9094,0.178181618,0.427664908,15038.68833,0.008000238,480.9061854,30.82295223,5.5,0,INT : 60.00[Hz],SLOW,1,2025/6/19,14:55:23,,,,,,,,,,,,,,,,,,,,
511,2693.1594,2872.8552,4891.1348,0.257542404,0.274726418,2872.8552,0.178179722,0.427653935,15043.40924,0.00799948,480.9046595,30.82762691,5.49,0,INT : 60.00[Hz],SLOW,1,2025/6/19,14:55:24,,,,,,,,,,,,,,,,,,,,
512,2692.093,2871.666,4889.4741,0.257536876,0.274715581,2871.666,0.178179564,0.427645866,15046.61279,0.007997763,480.9032135,30.83063138,5.51,0,INT : 60.00[Hz],SLOW,1,2025/6/19,14:55:25,,,,,,,,,,,,,,,,,,,,
513,2691.1462,2870.5908,4888.2603,0.257526019,0.274697755,2870.5908,0.178177975,0.427632333,15052.27813,0.007996125,480.9011366,30.83613377,5.54,0,INT : 60.00[Hz],SLOW,1,2025/6/19,14:55:26,,,,,,,,,,,,,,,,,,,,
514,2690.1392,2869.4822,4886.7603,0.257518754,0.274686708,2869.4822,0.178176587,0.427623866,15055.91085,0.007995471,480.8999411,30.83971401,5.5,0,INT : 60.00[Hz],SLOW,1,2025/6/19,14:55:27,,,,,,,,,,,,,,,,,,,,
515,2689.3044,2868.5417,4885.6973,0.257508807,0.274671306,2868.5417,0.178174788,0.427612088,15060.93858,0.007994437,480.898244,30.84464812,5.52,0,INT : 60.00[Hz],SLOW,1,2025/6/19,14:55:28,,,,,,,,,,,,,,,,,,,,
516,2688.2544,2867.3596,4884.1948,0.257500348,0.274656333,2867.3596,0.178173951,0.427600816,15065.55963,0.007992618,480.8963885,30.84905986,5.52,0,INT : 60.00[Hz],SLOW,1,2025/6/19,14:55:29,,,,,,,,,,,,,,,,,,,,
517,2687.2705,2866.2988,4882.7612,0.257491893,0.274646227,2866.2988,0.178171317,0.427592802,15069.2926,0.007993237,480.8956042,30.8529097,5.53,0,INT : 60.00[Hz],SLOW,1,2025/6/19,14:55:30,,,,,,,,,,,,,,,,,,,,
518,2686.4072,2865.3052,4881.5986,0.257483669,0.274630479,2865.3052,0.178170944,0.427581046,15074.00895,0.007990871,480.8935391,30.85733618,5.53,0,INT : 60.00[Hz],SLOW,1,2025/6/19,14:55:31,,,,,,,,,,,,,,,,,,,,
519,2685.4148,2864.2056,4880.168,0.257475482,0.274617805,2864.2056,0.178169462,0.427571351,15078.15719,0.007990023,480.8921447,30.8613968,5.52,0,INT : 60.00[Hz],SLOW,1,2025/6/19,14:55:32,,,,,,,,,,,,,,,,,,,,
520,2684.4492,2863.1262,4878.8018,0.257467109,0.274604126,2863.1262,0.178168211,0.427560956,15082.53379,0.007988795,480.8905613,30.86563229,5.54,0,INT : 60.00[Hz],SLOW,1,2025/6/19,14:55:33,,,,,,,,,,,,,,,,,,,,
521,2683.3213,2861.8909,4877.1909,0.257457064,0.27459031,2861.8909,0.178165751,0.427550222,15087.31215,0.007988625,480.8892331,30.87041493,5.51,0,INT : 60.00[Hz],SLOW,1,2025/6/19,14:55:34,,,,,,,,,,,,,,,,,,,,
522,2682.4351,2860.8958,4875.9609,0.257448889,0.2745768,2860.8958,0.178164587,0.427539968,15091.61928,0.007987349,480.887654,30.87456797,5.57,0,INT : 60.00[Hz],SLOW,1,2025/6/19,14:55:35,,,,,,,,,,,,,,,,,,,,
523,2681.6738,2860.0103,4874.9653,0.257441112,0.274561444,2860.0103,0.178164405,0.427528537,15096.17952,0.007984881,480.8856021,30.87880749,5.53,0,INT : 60.00[Hz],SLOW,1,2025/6/19,14:55:36,,,,,,,,,,,,,,,,,,,,
524,2680.6042,2858.8352,4873.3633,0.257433496,0.274550021,2858.8352,0.17816289,0.427519762,15099.98343,0.007984277,480.8843877,30.88254256,5.52,0,INT : 60.00[Hz],SLOW,1,2025/6/19,14:55:37,,,,,,,,,,,,,,,,,,,,
525,2679.688,2857.8181,4872.0698,0.257425281,0.274537419,2857.8181,0.17816136,0.427510109,15104.14058,0.007983484,480.8830166,30.88660378,5.51,0,INT : 60.00[Hz],SLOW,1,2025/6/19,14:55:38,,,,,,,,,,,,,,,,,,,,
526,2678.7166,2856.7407,4870.7319,0.257415712,0.274523233,2856.7407,0.178159395,0.427499194,15108.89537,0.007982809,480.8815282,30.89127766,5.53,0,INT : 60.00[Hz],SLOW,1,2025/6/19,14:55:39,,,,,,,,,,,,,,,,,,,,
527,2677.7871,2855.7141,4869.3765,0.257408303,0.274511936,2855.7141,0.17815799,0.427490534,15112.63655,0.007982129,480.8803074,30.89493227,5.52,0,INT : 60.00[Hz],SLOW,1,2025/6/19,14:55:40,,,,,,,,,,,,,,,,,,,,
528,2676.9202,2854.7249,4868.2437,0.257398925,0.274495714,2854.7249,0.178156922,0.427478283,15117.72993,0.007980305,480.8783403,30.89978005,5.52,0,INT : 60.00[Hz],SLOW,1,2025/6/19,14:55:41,,,,,,,,,,,,,,,,,,,,
529,2675.8611,2853.5483,4866.7681,0.257388939,0.274480529,2853.5483,0.178155012,0.427466636,15122.77204,0.00797941,480.8767052,30.90470137,5.5,0,INT : 60.00[Hz],SLOW,1,2025/6/19,14:55:42,,,,,,,,,,,,,,,,,,,,
530,2674.78,2852.3511,4865.1113,0.257382372,0.274469262,2852.3511,0.178154229,0.427458118,15126.32659,0.007978179,480.8753489,30.90808543,5.54,0,INT : 60.00[Hz],SLOW,1,2025/6/19,14:55:43,,,,,,,,,,,,,,,,,,,,
531,2673.8469,2851.3181,4863.7412,0.257375209,0.274457969,2851.3181,0.178153007,0.427449495,15130.02159,0.007977338,480.8740889,30.9116618,5.53,0,INT : 60.00[Hz],SLOW,1,2025/6/19,14:55:44,,,,,,,,,,,,,,,,,,,,
532,2672.9905,2850.3962,4862.4897,0.257367833,0.27444927,2850.3962,0.178150664,0.427442577,15133.28674,0.00797794,480.8734345,30.91500692,5.53,0,INT : 60.00[Hz],SLOW,1,2025/6/19,14:55:45,,,,,,,,,,,,,,,,,,,,
533,2671.9709,2849.2429,4861.0801,0.257358434,0.274432888,2849.2429,0.17814964,0.427430213,15138.42986,0.00797605,480.8714385,30.91987961,5.56,0,INT : 60.00[Hz],SLOW,1,2025/6/19,14:55:46,,,,,,,,,,,,,,,,,,,,
534,2671.0566,2848.2458,4859.7163,0.257351555,0.274423419,2848.2458,0.178147957,0.427422852,15141.72977,0.007975932,480.8705313,30.92315563,5.55,0,INT : 60.00[Hz],SLOW,1,2025/6/19,14:55:47,,,,,,,,,,,,,,,,,,,,
535,2670.155,2847.2454,4858.4233,0.257343906,0.274411505,2847.2454,0.178146598,0.427413739,15145.65744,0.007975106,480.8692188,30.92695773,5.55,0,INT : 60.00[Hz],SLOW,1,2025/6/19,14:55:48,,,,,,,,,,,,,,,,,,,,
536,2669.2808,2846.2732,4857.2153,0.257335406,0.274398583,2846.2732,0.17814497,0.427403825,15149.96595,0.007974348,480.8678304,30.93114639,5.53,0,INT : 60.00[Hz],SLOW,1,2025/6/19,14:55:49,,,,,,,,,,,,,,,,,,,,
537,2668.2146,2845.0835,4855.7051,0.257326047,0.274383511,2845.0835,0.17814349,0.427392342,15154.86986,0.007973089,480.8661171,30.9358558,5.57,0,INT : 60.00[Hz],SLOW,1,2025/6/19,14:55:50,,,,,,,,,,,,,,,,,,,,
538,2667.4043,2844.1414,4854.5962,0.257318907,0.274368365,2844.1414,0.178143711,0.427381137,15159.29066,0.0079703,480.8640108,30.93986853,5.55,0,INT : 60.00[Hz],SLOW,1,2025/6/19,14:55:51,,,,,,,,,,,,,,,,,,,,
539,2666.2075,2842.824,4852.8169,0.257310028,0.274354911,2842.824,0.178141994,0.427370809,15163.79195,0.007969531,480.8625719,30.9442387,5.56,0,INT : 60.00[Hz],SLOW,1,2025/6/19,14:55:52,,,,,,,,,,,,,,,,,,,,
540,2665.3367,2841.8677,4851.522,0.257303514,0.274345281,2841.8677,0.178140646,0.427363392,15167.05178,0.007969087,480.8615689,30.9474174,5.57,0,INT : 60.00[Hz],SLOW,1,2025/6/19,14:55:53,,,,,,,,,,,,,,,,,,,,
541,2664.3379,2840.7183,4850.0625,0.257296703,0.274329864,2840.7183,0.178141215,0.427352052,15171.45683,0.007965941,480.859349,30.95135678,5.55,0,INT : 60.00[Hz],SLOW,1,2025/6/19,14:55:54,,,,,,,,,,,,,,,,,,,,
542,2663.4119,2839.7031,4848.7314,0.257288584,0.274318512,2839.7031,0.178139293,0.427343244,15175.40322,0.007965715,480.8582426,30.95524355,5.55,0,INT : 60.00[Hz],SLOW,1,2025/6/19,14:55:55,,,,,,,,,,,,,,,,,,,,
543,2662.4995,2838.6829,4847.4551,0.257280198,0.274304989,2838.6829,0.178137973,0.42733294,15179.81676,0.007964581,480.8567065,30.95946524,5.56,0,INT : 60.00[Hz],SLOW,1,2025/6/19,14:55:56,,,,,,,,,,,,,,,,,,,,
544,2661.5972,2837.6846,4846.1646,0.25727234,0.274293103,2837.6846,0.178136446,0.427323811,15183.8085,0.007963911,480.8554393,30.96333055,5.55,0,INT : 60.00[Hz],SLOW,1,2025/6/19,14:55:57,,,,,,,,,,,,,,,,,,,,
545,2660.5767,2836.5549,4844.6577,0.25726464,0.274280864,2836.5549,0.178135168,0.427314468,15187.83284,0.007962958,480.8540682,30.96718642,5.57,0,INT : 60.00[Hz],SLOW,1,2025/6/19,14:55:58,,,,,,,,,,,,,,,,,,,,
546,2659.7256,2835.6079,4843.4258,0.257257716,0.274269651,2835.6079,0.178134096,0.427305927,15191.49234,0.007961998,480.8527904,30.97067764,5.56,0,INT : 60.00[Hz],SLOW,1,2025/6/19,14:55:59,,,,,,,,,,,,,,,,,,,,
547,2658.9282,2834.6948,4842.3394,0.257250181,0.274255526,2834.6948,0.178133641,0.427295344,15195.83606,0.007959988,480.8509795,30.97469811,5.58,0,INT : 60.00[Hz],SLOW,1,2025/6/19,14:56:00,,,,,,,,,,,,,,,,,,,,
548,2657.9023,2833.5576,4840.8433,0.257241996,0.274242591,2833.5576,0.178132255,0.427285461,15200.10733,0.007959014,480.84954,30.97878814,5.54,0,INT : 60.00[Hz],SLOW,1,2025/6/19,14:56:01,,,,,,,,,,,,,,,,,,,,
549,2656.9875,2832.5254,4839.5068,0.257235205,0.274229838,2832.5254,0.178131853,0.427275907,15204.03143,0.007957192,480.8479039,30.98241444,5.55,0,INT : 60.00[Hz],SLOW,1,2025/6/19,14:56:02,,,,,,,,,,,,,,,,,,,,
550,2656.1108,2831.5535,4838.2617,0.257227371,0.274217876,2831.5535,0.178130371,0.427266728,15208.04603,0.00795647,480.8466185,30.98628083,5.56,0,INT : 60.00[Hz],SLOW,1,2025/6/19,14:56:03,,,,,,,,,,,,,,,,,,,,
551,2655.1736,2830.5105,4836.9546,0.257218496,0.274204163,2830.5105,0.178128753,0.42725622,15212.62755,0.00795557,480.8451271,30.99067991,5.56,0,INT : 60.00[Hz],SLOW,1,2025/6/19,14:56:04,,,,,,,,,,,,,,,,,,,,
552,2654.1797,2829.4175,4835.4307,0.257212184,0.27419419,2829.4175,0.178127682,0.427248599,15215.92883,0.007954821,480.8440189,30.99383377,5.57,0,INT : 60.00[Hz],SLOW,1,2025/6/19,14:56:05,,,,,,,,,,,,,,,,,,,,
553,2653.3013,2828.426,4834.2183,0.257203886,0.274180003,2828.426,0.178126675,0.427237859,15220.47315,0.007953295,480.8423269,30.99810372,5.58,0,INT : 60.00[Hz],SLOW,1,2025/6/19,14:56:06,,,,,,,,,,,,,,,,,,,,
554,2652.5525,2827.5742,4833.127,0.257198415,0.274168975,2827.5742,0.178126629,0.427229654,15223.78563,0.00795145,480.8408458,31.00111224,5.58,0,INT : 60.00[Hz],SLOW,1,2025/6/19,14:56:07,,,,,,,,,,,,,,,,,,,,
555,2651.6162,2826.5361,4831.7485,0.257191243,0.274157449,2826.5361,0.178125486,0.427220862,15227.57965,0.007950501,480.8395449,31.0047182,5.55,0,INT : 60.00[Hz],SLOW,1,2025/6/19,14:56:08,,,,,,,,,,,,,,,,,,,,
556,2650.6624,2825.491,4830.3413,0.257183696,0.27414665,2825.491,0.17812379,0.427212504,15231.32411,0.00795017,480.8384671,31.00835941,5.52,0,INT : 60.00[Hz],SLOW,1,2025/6/19,14:56:09,,,,,,,,,,,,,,,,,,,,
557,2649.8167,2824.5647,4829.1406,0.257175818,0.274135844,2824.5647,0.178121847,0.427204091,15235.14739,0.007950058,480.837444,31.01210675,5.6,0,INT : 60.00[Hz],SLOW,1,2025/6/19,14:56:10,,,,,,,,,,,,,,,,,,,,
558,2648.7727,2823.3958,4827.6035,0.257168091,0.274122165,2823.3958,0.178121081,0.427193772,15239.47927,0.007948404,480.8357683,31.01613715,5.6,0,INT : 60.00[Hz],SLOW,1,2025/6/19,14:56:11,,,,,,,,,,,,,,,,,,,,
559,2647.9065,2822.4233,4826.3774,0.257160512,0.274109309,2822.4233,0.178120123,0.427184028,15243.62485,0.007947063,480.8342475,31.02002533,5.56,0,INT : 60.00[Hz],SLOW,1,2025/6/19,14:56:12,,,,,,,,,,,,,,,,,,,,
560,2374.3713,2527.5593,4327.2598,0.257267561,0.273865766,2527.5593,0.178291105,0.427036419,15265.20713,0.007752635,480.7629424,31.01406986,5.56,0,INT : 60.00[Hz],SLOW,1,2025/6/19,14:56:13,,,,,,,,,,,,,,,,,,,,
561,2232.2092,2373.4263,4069.4568,0.257312444,0.273590899,2373.4263,0.17842695,0.426858394,15307.1905,0.007584218,480.6955413,31.03147081,5.57,0,INT : 60.00[Hz],SLOW,1,2025/6/19,14:56:14,,,,,,,,,,,,,,,,,,,,
562,2232.5601,2373.4929,4069.4927,0.257339443,0.273584277,2373.4929,0.1784498,0.426857939,15302.24482,0.00756266,480.6894984,31.02365634,5.61,0,INT : 60.00[Hz],SLOW,1,2025/6/19,14:56:15,,,,,,,,,,,,,,,,,,,,
563,2232.6875,2373.502,4069.3784,0.25735347,0.273584626,2373.502,0.178460265,0.426860249,15298.95321,0.007553366,480.6871805,31.01916025,5.57,0,INT : 60.00[Hz],SLOW,1,2025/6/19,14:56:16,,,,,,,,,,,,,,,,,,,,
564,2232.8518,2373.5054,4069.6062,0.257360675,0.273572546,2373.5054,0.178470193,0.426853195,15299.60136,0.007542426,480.683329,31.01826248,5.57,0,INT : 60.00[Hz],SLOW,1,2025/6/19,14:56:17,,,,,,,,,,,,,,,,,,,,
565,2232.9644,2373.5452,4069.6482,0.257367887,0.273571004,2373.5452,0.178476213,0.426853225,15298.23757,0.007536781,480.6817632,31.01614916,5.6,0,INT : 60.00[Hz],SLOW,1,2025/6/19,14:56:18,,,,,,,,,,,,,,,,,,,,
566,2233.0786,2373.552,4069.7944,0.257373123,0.273563363,2373.552,0.178483005,0.426848863,15298.49161,0.007529403,480.6792112,31.01536585,5.62,0,INT : 60.00[Hz],SLOW,1,2025/6/19,14:56:19,,,,,,,,,,,,,,,,,,,,
567,2232.9707,2373.3335,4069.6355,0.257375083,0.27355348,2373.3335,0.178488155,0.426842509,15299.92689,0.007523109,480.6767323,31.01588153,5.6,0,INT : 60.00[Hz],SLOW,1,2025/6/19,14:56:20,,,,,,,,,,,,,,,,,,,,
568,2233.0242,2373.3074,4069.626,0.257380718,0.273549908,2373.3074,0.178493739,0.426840941,15299.31275,0.007517507,480.6749949,31.01450277,5.61,0,INT : 60.00[Hz],SLOW,1,2025/6/19,14:56:21,,,,,,,,,,,,,,,,,,,,
569,2233.1091,2373.3223,4069.7124,0.25738498,0.273545754,2373.3223,0.178498501,0.42683878,15299.12533,0.00751254,480.673366,31.01362728,5.62,0,INT : 60.00[Hz],SLOW,1,2025/6/19,14:56:22,,,,,,,,,,,,,,,,,,,,
570,2233.0571,2373.1663,4069.6145,0.257388062,0.273537418,2373.1663,0.178503924,0.426833631,15300.00777,0.007506266,480.6710313,31.01360852,5.58,0,INT : 60.00[Hz],SLOW,1,2025/6/19,14:56:23,,,,,,,,,,,,,,,,,,,,
571,2233.1575,2373.2148,4069.7949,0.257389865,0.273532626,2373.2148,0.178507066,0.426830676,15300.50789,0.007502638,480.6696839,31.01358773,5.57,0,INT : 60.00[Hz],SLOW,1,2025/6/19,14:56:24,,,,,,,,,,,,,,,,,,,,
572,2233.0933,2373.0679,4069.6062,0.257394326,0.273528299,2373.0679,0.178512043,0.426828427,15300.30777,0.007497449,480.6679833,31.0126689,5.58,0,INT : 60.00[Hz],SLOW,1,2025/6/19,14:56:25,,,,,,,,,,,,,,,,,,,,
573,2233.1067,2373.0115,4069.6997,0.257394372,0.273520206,2373.0115,0.178515084,0.426822992,15301.84248,0.007493347,480.66622,31.01358635,5.58,0,INT : 60.00[Hz],SLOW,1,2025/6/19,14:56:26,,,,,,,,,,,,,,,,,,,,
574,2233.0889,2372.9153,4069.603,0.257398571,0.27351576,2372.9153,0.178519908,0.426820624,15301.72524,0.007488274,480.6645385,31.01276432,5.57,0,INT : 60.00[Hz],SLOW,1,2025/6/19,14:56:27,,,,,,,,,,,,,,,,,,,,
575,2232.9858,2372.7234,4069.4717,0.257399336,0.27350708,2372.7234,0.178523709,0.4268149,15303.20735,0.007483391,480.6625256,31.01352134,5.59,0,INT : 60.00[Hz],SLOW,1,2025/6/19,14:56:28,,,,,,,,,,,,,,,,,,,,
576,2233.1235,2372.7971,4069.7358,0.2574011,0.273500585,2372.7971,0.178527455,0.426810793,15304.04226,0.007478932,480.6608156,31.01370901,5.63,0,INT : 60.00[Hz],SLOW,1,2025/6/19,14:56:29,,,,,,,,,,,,,,,,,,,,
577,2233.0684,2372.6855,4069.6304,0.257402822,0.273496299,2372.6855,0.178530348,0.426808166,15304.4648,0.007475613,480.6595921,31.0136556,5.6,0,INT : 60.00[Hz],SLOW,1,2025/6/19,14:56:30,,,,,,,,,,,,,,,,,,,,
578,2232.9895,2372.5266,4069.3699,0.257408512,0.273493692,2372.5266,0.178535616,0.426807255,15303.65308,0.007470458,480.6580545,31.01214817,5.6,0,INT : 60.00[Hz],SLOW,1,2025/6/19,14:56:31,,,,,,,,,,,,,,,,,,,,
579,2233.1082,2372.6079,4069.6492,0.257407973,0.273487953,2372.6079,0.17853734,0.426803316,15304.8738,0.007467934,480.6569024,31.01298038,5.62,0,INT : 60.00[Hz],SLOW,1,2025/6/19,14:56:32,,,,,,,,,,,,,,,,,,,,
580,2232.9482,2372.3613,4069.3689,0.257409912,0.273481182,2372.3613,0.178541321,0.426799049,15305.72182,0.007463218,480.6551032,31.0131446,5.59,0,INT : 60.00[Hz],SLOW,1,2025/6/19,14:56:33,,,,,,,,,,,,,,,,,,,,
581,2232.9167,2372.3054,4069.23,0.257412996,0.273481872,2372.3054,0.178543394,0.42679997,15304.87977,0.007461483,480.6547258,31.01208536,5.58,0,INT : 60.00[Hz],SLOW,1,2025/6/19,14:56:34,,,,,,,,,,,,,,,,,,,,
582,2232.866,2372.1826,4069.1243,0.257415436,0.273476518,2372.1826,0.178547227,0.42679673,15305.34125,0.00745714,480.653148,31.01192676,5.6,0,INT : 60.00[Hz],SLOW,1,2025/6/19,14:56:35,,,,,,,,,,,,,,,,,,,,
583,2232.9441,2372.1934,4069.2839,0.257417065,0.273469928,2372.1934,0.178550906,0.42679254,15306.22576,0.007452724,480.6514411,31.01216817,5.6,0,INT : 60.00[Hz],SLOW,1,2025/6/19,14:56:36,,,,,,,,,,,,,,,,,,,,
584,2232.7954,2371.9888,4069.0022,0.257418767,0.273466361,2371.9888,0.178553518,0.426790392,15306.51601,0.00744978,480.6503769,31.01203853,5.61,0,INT : 60.00[Hz],SLOW,1,2025/6/19,14:56:37,,,,,,,,,,,,,,,,,,,,
585,2232.7903,2371.9468,4068.9421,0.25742136,0.273464898,2371.9468,0.178556021,0.426789792,15306.19831,0.007447292,480.6496167,31.01138307,5.58,0,INT : 60.00[Hz],SLOW,1,2025/6/19,14:56:38,,,,,,,,,,,,,,,,,,,,
586,2232.8008,2371.8953,4068.9177,0.257424512,0.273461023,2371.8953,0.178559842,0.426787652,15306.21349,0.007443213,480.6482379,31.01082828,5.63,0,INT : 60.00[Hz],SLOW,1,2025/6/19,14:56:39,,,,,,,,,,,,,,,,,,,,
587,2232.6838,2371.7061,4068.7981,0.25742366,0.273452634,2371.7061,0.178562315,0.426781884,15308.01399,0.007439567,480.6465654,31.01206517,5.59,0,INT : 60.00[Hz],SLOW,1,2025/6/19,14:56:40,,,,,,,,,,,,,,,,,,,,
588,2232.6902,2371.6663,4068.7576,0.257426591,0.273450375,2371.6663,0.178565369,0.426780798,15307.77076,0.00743645,480.6455747,31.01139414,5.63,0,INT : 60.00[Hz],SLOW,1,2025/6/19,14:56:41,,,,,,,,,,,,,,,,,,,,
589,2232.6541,2371.5881,4068.7454,0.257426184,0.273445347,2371.5881,0.17856693,0.426777356,15308.82645,0.007434195,480.6445548,31.01210278,5.62,0,INT : 60.00[Hz],SLOW,1,2025/6/19,14:56:42,,,,,,,,,,,,,,,,,,,,
590,2232.678,2371.571,4068.717,0.257429581,0.273444056,2371.571,0.178569976,0.426776991,15308.29072,0.007431251,480.6436944,31.01117234,5.63,0,INT : 60.00[Hz],SLOW,1,2025/6/19,14:56:43,,,,,,,,,,,,,,,,,,,,
591,2232.5579,2371.4131,4068.4985,0.25743047,0.273441504,2371.4131,0.178571597,0.426775405,15308.57404,0.007429366,480.6429893,31.01118375,5.65,0,INT : 60.00[Hz],SLOW,1,2025/6/19,14:56:44,,,,,,,,,,,,,,,,,,,,
592,2232.4775,2371.2783,4068.3672,0.257431485,0.273436885,2371.2783,0.17857408,0.426772449,15309.22382,0.007426356,480.641815,31.01139337,5.62,0,INT : 60.00[Hz],SLOW,1,2025/6/19,14:56:45,,,,,,,,,,,,,,,,,,,,
593,2232.428,2371.1707,4068.2891,0.257432759,0.273431893,2371.1707,0.178576897,0.42676928,15309.88535,0.007422983,480.6405156,31.0115636,5.63,0,INT : 60.00[Hz],SLOW,1,2025/6/19,14:56:46,,,,,,,,,,,,,,,,,,,,
594,2232.3931,2371.0857,4068.2813,0.257432525,0.273426118,2371.0857,0.178578867,0.42676536,15311.04444,0.007420234,480.6393043,31.01230303,5.63,0,INT : 60.00[Hz],SLOW,1,2025/6/19,14:56:47,,,,,,,,,,,,,,,,,,,,
595,2232.3447,2370.9827,4068.1104,0.257436512,0.273424403,2370.9827,0.178582517,0.426764797,15310.45387,0.007416678,480.638251,31.01123411,5.63,0,INT : 60.00[Hz],SLOW,1,2025/6/19,14:56:48,,,,,,,,,,,,,,,,,,,,
596,2232.2859,2370.8777,4068.0474,0.257436464,0.273419445,2370.8777,0.178584324,0.426761455,15311.41371,0.007414215,480.6371851,31.01182026,5.64,0,INT : 60.00[Hz],SLOW,1,2025/6/19,14:56:49,,,,,,,,,,,,,,,,,,,,
597,2232.3257,2370.8972,4068.1089,0.257437468,0.273417885,2370.8972,0.178585662,0.426760554,15311.48104,0.007412752,480.6366755,31.01168118,5.6,0,INT : 60.00[Hz],SLOW,1,2025/6/19,14:56:50,,,,,,,,,,,,,,,,,,,,
598,2232.1235,2370.634,4067.7393,0.257438939,0.27341386,2370.634,0.17858827,0.426758064,15311.91222,0.007409732,480.635552,31.01167722,5.63,0,INT : 60.00[Hz],SLOW,1,2025/6/19,14:56:51,,,,,,,,,,,,,,,,,,,,
599,2232.1677,2370.6604,4067.7488,0.257441659,0.273414379,2370.6604,0.178590132,0.426758816,15311.18598,0.007408156,480.6351993,31.01075353,5.6,0,INT : 60.00[Hz],SLOW,1,2025/6/19,14:56:52,,,,,,,,,,,,,,,,,,,,
600,2232.0635,2370.4849,4067.6189,0.257441803,0.273407054,2370.4849,0.178592963,0.426753909,15312.55513,0.007404372,480.633588,31.01155151,5.63,0,INT : 60.00[Hz],SLOW,1,2025/6/19,14:56:53,,,,,,,,,,,,,,,,,,,,
601,2232.0815,2370.48,4067.6123,0.257443686,0.273406284,2370.48,0.178594672,0.42675367,15312.26842,0.007402712,480.6330992,31.011042,5.64,0,INT : 60.00[Hz],SLOW,1,2025/6/19,14:56:54,,,,,,,,,,,,,,,,,,,,
602,2232.0884,2370.4541,4067.5891,0.257445735,0.273404627,2370.4541,0.178596836,0.426752859,15312.1132,0.007400494,480.6323899,31.01058191,5.66,0,INT : 60.00[Hz],SLOW,1,2025/6/19,14:56:55,,,,,,,,,,,,,,,,,,,,
603,2231.9573,2370.2903,4067.4114,0.257444647,0.273400638,2370.2903,0.178597497,0.426750014,15313.12795,0.007399221,480.6317119,31.01138702,5.64,0,INT : 60.00[Hz],SLOW,1,2025/6/19,14:56:56,,,,,,,,,,,,,,,,,,,,
604,2231.9138,2370.1885,4067.3318,0.257446308,0.273395988,2370.1885,0.178600481,0.426747132,15313.63543,0.007395758,480.6304207,31.01139496,5.65,0,INT : 60.00[Hz],SLOW,1,2025/6/19,14:56:57,,,,,,,,,,,,,,,,,,,,
605,2231.79,2370.0076,4067.1292,0.257447093,0.273391119,2370.0076,0.178602883,0.426743972,15314.38697,0.007392777,480.6292321,31.01170645,5.68,0,INT : 60.00[Hz],SLOW,1,2025/6/19,14:56:58,,,,,,,,,,,,,,,,,,,,
606,2231.7649,2369.957,4067.0244,0.257449558,0.273390975,2369.957,0.1786048,0.42674424,15313.84614,0.007391039,480.6287791,31.01093999,5.64,0,INT : 60.00[Hz],SLOW,1,2025/6/19,14:56:59,,,,,,,,,,,,,,,,,,,,
607,2231.582,2369.7319,4066.7922,0.257447472,0.273385198,2369.7319,0.178605371,0.426740044,15315.43385,0.00738954,480.6278849,31.01226803,5.63,0,INT : 60.00[Hz],SLOW,1,2025/6/19,14:57:00,,,,,,,,,,,,,,,,,,,,
608,2231.4673,2369.5696,4066.5361,0.257450073,0.273383287,2369.5696,0.178608047,0.426739144,15315.19986,0.007386821,480.6270263,31.01166176,5.65,0,INT : 60.00[Hz],SLOW,1,2025/6/19,14:57:01,,,,,,,,,,,,,,,,,,,,
609,2231.363,2369.4299,4066.3608,0.257450494,0.273380395,2369.4299,0.17860944,0.42673726,15315.65693,0.007385081,480.6263279,31.01186118,5.63,0,INT : 60.00[Hz],SLOW,1,2025/6/19,14:57:02,,,,,,,,,,,,,,,,,,,,
610,2231.4475,2369.49,4066.4751,0.257452553,0.273379163,2369.49,0.178611454,0.426736736,15315.41801,0.00738307,480.6257089,31.01134899,5.66,0,INT : 60.00[Hz],SLOW,1,2025/6/19,14:57:03,,,,,,,,,,,,,,,,,,,,
611,2231.3025,2369.2981,4066.2383,0.257452864,0.273375117,2369.2981,0.178613194,0.426734061,15316.12129,0.007380822,480.6247796,31.01171598,5.66,0,INT : 60.00[Hz],SLOW,1,2025/6/19,14:57:04,,,,,,,,,,,,,,,,,,,,
612,2231.2815,2369.2556,4066.2373,0.257452357,0.273372248,2369.2556,0.178613877,0.426732055,15316.78811,0.00737972,480.6242451,31.01220753,5.66,0,INT : 60.00[Hz],SLOW,1,2025/6/19,14:57:05,,,,,,,,,,,,,,,,,,,,
613,2231.2229,2369.1379,4066.127,0.25745411,0.273367707,2369.1379,0.178616889,0.426729259,15317.25405,0.007376251,480.6229623,31.01217388,5.66,0,INT : 60.00[Hz],SLOW,1,2025/6/19,14:57:06,,,,,,,,,,,,,,,,,,,,
614,2231.0234,2368.9075,4065.8286,0.257452725,0.273364095,2368.9075,0.178617186,0.426726624,15318.26596,0.007375367,480.622417,31.01302975,5.65,0,INT : 60.00[Hz],SLOW,1,2025/6/19,14:57:07,,,,,,,,,,,,,,,,,,,,
615,2230.8909,2368.7495,4065.5935,0.25745305,0.273362442,2368.7495,0.178618046,0.42672556,15318.50773,0.007374315,480.6220036,31.01311682,5.65,0,INT : 60.00[Hz],SLOW,1,2025/6/19,14:57:08,,,,,,,,,,,,,,,,,,,,
616,2230.8147,2368.6387,4065.396,0.257455681,0.273361785,2368.6387,0.178620278,0.426725507,15318.02667,0.007372208,480.6214114,31.0123569,5.65,0,INT : 60.00[Hz],SLOW,1,2025/6/19,14:57:09,,,,,,,,,,,,,,,,,,,,
617,2230.8308,2368.625,4065.3401,0.257459128,0.273361892,2368.625,0.178622844,0.426726089,15317.2106,0.007369932,480.6208446,31.01124934,5.65,0,INT : 60.00[Hz],SLOW,1,2025/6/19,14:57:10,,,,,,,,,,,,,,,,,,,,
618,2230.7002,2368.4702,4065.1931,0.257456904,0.273357668,2368.4702,0.178622734,0.426722918,15318.5337,0.007369308,480.6203108,31.01244257,5.66,0,INT : 60.00[Hz],SLOW,1,2025/6/19,14:57:11,,,,,,,,,,,,,,,,,,,,
619,2230.5762,2368.3123,4064.9929,0.257456918,0.273354654,2368.3123,0.178623865,0.426720892,15319.1084,0.007367781,480.619656,31.01278534,5.66,0,INT : 60.00[Hz],SLOW,1,2025/6/19,14:57:12,,,,,,,,,,,,,,,,,,,,
620,2230.4622,2368.1672,4064.7815,0.257457741,0.273352751,2368.1672,0.178625194,0.426719733,15319.28323,0.007366267,480.6191031,31.01274296,5.64,0,INT : 60.00[Hz],SLOW,1,2025/6/19,14:57:13,,,,,,,,,,,,,,,,,,,,
621,2230.3586,2368.0393,4064.5916,0.257458306,0.273351284,2368.0393,0.178626167,0.42671883,15319.43418,0.007365147,480.6186889,31.01273251,5.66,0,INT : 60.00[Hz],SLOW,1,2025/6/19,14:57:14,,,,,,,,,,,,,,,,,,,,
622,2230.2732,2367.9072,4064.4673,0.257458606,0.27334682,2367.9072,0.178628053,0.42671587,15320.22092,0.007362697,480.6176714,31.01315134,5.65,0,INT : 60.00[Hz],SLOW,1,2025/6/19,14:57:15,,,,,,,,,,,,,,,,,,,,
623,2230.0879,2367.6721,4064.1104,0.257460317,0.273344208,2367.6721,0.178630318,0.426714366,15320.32688,0.007360225,480.6168132,31.0129086,5.67,0,INT : 60.00[Hz],SLOW,1,2025/6/19,14:57:16,,,,,,,,,,,,,,,,,,,,
624,2230.0825,2367.6516,4064.1489,0.257459319,0.273341443,2367.6516,0.178630591,0.426712358,15321.08747,0.007359507,480.6163856,31.01354402,5.67,0,INT : 60.00[Hz],SLOW,1,2025/6/19,14:57:17,,,,,,,,,,,,,,,,,,,,
625,2229.9661,2367.5212,4063.9072,0.257460401,0.273341804,2367.5212,0.178631275,0.426712761,15320.76848,0.007358958,480.6162787,31.0131588,5.68,0,INT : 60.00[Hz],SLOW,1,2025/6/19,14:57:18,,,,,,,,,,,,,,,,,,,,
626,2229.8433,2367.3579,4063.6863,0.257461294,0.273338951,2367.3579,0.17863301,0.426710973,15321.10973,0.007356918,480.6155083,31.01320387,5.65,0,INT : 60.00[Hz],SLOW,1,2025/6/19,14:57:19,,,,,,,,,,,,,,,,,,,,
627,2229.8005,2367.2886,4063.6909,0.257459548,0.273334342,2367.2886,0.178633404,0.426707613,15322.39707,0.007355777,480.6148097,31.01428944,5.65,0,INT : 60.00[Hz],SLOW,1,2025/6/19,14:57:20,,,,,,,,,,,,,,,,,,,,
628,2229.5767,2366.9956,4063.3035,0.257460586,0.273329047,2366.9956,0.178636158,0.426704204,15323.17313,0.00735241,480.6134861,31.01456931,5.64,0,INT : 60.00[Hz],SLOW,1,2025/6/19,14:57:21,,,,,,,,,,,,,,,,,,,,
629,2229.4585,2366.873,4063.1243,0.257459424,0.273328146,2366.873,0.178635615,0.426703425,15323.6145,0.007352741,480.6134901,31.01504238,5.65,0,INT : 60.00[Hz],SLOW,1,2025/6/19,14:57:22,,,,,,,,,,,,,,,,,,,,
630,2229.4109,2366.7891,4063.0613,0.25745971,0.273324596,2366.7891,0.178637151,0.426701079,15324.2297,0.007350761,480.6126731,31.01536041,5.69,0,INT : 60.00[Hz],SLOW,1,2025/6/19,14:57:23,,,,,,,,,,,,,,,,,,,,
631,2229.3308,2366.6812,4062.9495,0.257459373,0.273321599,2366.6812,0.178638011,0.426699012,15324.88281,0.007349479,480.612082,31.01581258,5.68,0,INT : 60.00[Hz],SLOW,1,2025/6/19,14:57:24,,,,,,,,,,,,,,,,,,,,
632,2229.2087,2366.54,4062.6543,0.257461878,0.273322921,2366.54,0.178639413,0.426700273,15324.05031,0.007348452,480.6119394,31.01486441,5.67,0,INT : 60.00[Hz],SLOW,1,2025/6/19,14:57:25,,,,,,,,,,,,,,,,,,,,
633,2229.2942,2366.6086,4062.8296,0.257461958,0.273320446,2366.6086,0.178640393,0.426698619,15324.50693,0.007347152,480.6113902,31.01512412,5.72,0,INT : 60.00[Hz],SLOW,1,2025/6/19,14:57:26,,,,,,,,,,,,,,,,,,,,
634,2228.9001,2366.1824,4062.0815,0.257463079,0.273320732,2366.1824,0.178641134,0.426698977,15324.19314,0.007346538,480.6112602,31.01473511,5.68,0,INT : 60.00[Hz],SLOW,1,2025/6/19,14:57:27,,,,,,,,,,,,,,,,,,,,
635,2228.9006,2366.1455,4062.1045,0.257463535,0.273316893,2366.1455,0.178642907,0.426696461,15324.82468,0.007344297,480.6103514,31.01503238,5.67,0,INT : 60.00[Hz],SLOW,1,2025/6/19,14:57:28,,,,,,,,,,,,,,,,,,,,
636,2228.8735,2366.1082,4062.0964,0.257462561,0.273314873,2366.1082,0.178642921,0.426694957,15325.43746,0.007343938,480.6100812,31.0155745,5.67,0,INT : 60.00[Hz],SLOW,1,2025/6/19,14:57:29,,,,,,,,,,,,,,,,,,,,
637,2228.6982,2365.9211,4061.8032,0.257461809,0.273313959,2365.9211,0.178642693,0.426694231,15325.78667,0.007343985,480.610012,31.01591863,5.7,0,INT : 60.00[Hz],SLOW,1,2025/6/19,14:57:30,,,,,,,,,,,,,,,,,,,,
638,2228.5491,2365.7104,4061.606,0.257461152,0.273307204,2365.7104,0.178644708,0.426689588,15327.23557,0.007341029,480.6086633,31.01690556,5.7,0,INT : 60.00[Hz],SLOW,1,2025/6/19,14:57:31,,,,,,,,,,,,,,,,,,,,
639,2228.4824,2365.6416,4061.4119,0.25746325,0.273309663,2365.6416,0.178645379,0.426691553,15326.27865,0.007340849,480.6088362,31.01595587,5.66,0,INT : 60.00[Hz],SLOW,1,2025/6/19,14:57:32,,,,,,,,,,,,,,,,,,,,
640,2228.3728,2365.5256,4061.2312,0.257462673,0.273309091,2365.5256,0.178645156,0.426691083,15326.52185,0.007340951,480.6088111,31.01620505,5.68,0,INT : 60.00[Hz],SLOW,1,2025/6/19,14:57:33,,,,,,,,,,,,,,,,,,,,
641,2228.3218,2365.4275,4061.1274,0.257464303,0.273305742,2365.4275,0.178647634,0.42668907,15326.78805,0.007338163,480.6078076,31.01607273,5.71,0,INT : 60.00[Hz],SLOW,1,2025/6/19,14:57:34,,,,,,,,,,,,,,,,,,,,
642,2228.2256,2365.3328,4060.9751,0.257463398,0.273305638,2365.3328,0.178646988,0.426688866,15327.01734,0.007338722,480.6079401,31.01637244,5.68,0,INT : 60.00[Hz],SLOW,1,2025/6/19,14:57:35,,,,,,,,,,,,,,,,,,,,
643,2228.2119,2365.3098,4060.9766,0.257462862,0.273304092,2365.3098,0.178647158,0.426687746,15327.43805,0.007338306,480.6076974,31.01672073,5.66,0,INT : 60.00[Hz],SLOW,1,2025/6/19,14:57:36,,,,,,,,,,,,,,,,,,,,
644,2227.926,2364.9734,4060.5125,0.257462146,0.273299529,2364.9734,0.178648314,0.42668457,15328.47977,0.007336492,480.6068329,31.01747359,5.7,0,INT : 60.00[Hz],SLOW,1,2025/6/19,14:57:37,,,,,,,,,,,,,,,,,,,,
645,2227.825,2364.8604,4060.3376,0.257462045,0.273298754,2364.8604,0.178648526,0.426684033,15328.65212,0.007336169,480.6066823,31.01759501,5.68,0,INT : 60.00[Hz],SLOW,1,2025/6/19,14:57:38,,,,,,,,,,,,,,,,,,,,
646,2227.6411,2364.6443,4060.0098,0.257462448,0.273296766,2364.6443,0.178649569,0.426682755,15328.94086,0.007334897,480.6061836,31.01769608,5.7,0,INT : 60.00[Hz],SLOW,1,2025/6/19,14:57:39,,,,,,,,,,,,,,,,,,,,
647,2227.5281,2364.5139,4059.7776,0.25746354,0.273296718,2364.5139,0.178650413,0.426682884,15328.69775,0.007334134,480.6059862,31.01735472,5.71,0,INT : 60.00[Hz],SLOW,1,2025/6/19,14:57:40,,,,,,,,,,,,,,,,,,,,
648,2227.4158,2364.3628,4059.5669,0.257464668,0.273294229,2364.3628,0.178652191,0.426681376,15328.91498,0.007332118,480.6052547,31.01728284,5.68,0,INT : 60.00[Hz],SLOW,1,2025/6/19,14:57:41,,,,,,,,,,,,,,,,,,,,
649,2227.3865,2364.3154,4059.5774,0.257463252,0.273290842,2364.3154,0.17865238,0.426678886,15329.8933,0.00733137,480.6047644,31.01812308,5.7,0,INT : 60.00[Hz],SLOW,1,2025/6/19,14:57:42,,,,,,,,,,,,,,,,,,,,
650,2227.2847,2364.2324,4059.3398,0.257464055,0.273294591,2364.2324,0.178651593,0.426681529,15328.98712,0.007332715,480.6054379,31.01743588,5.7,0,INT : 60.00[Hz],SLOW,1,2025/6/19,14:57:43,,,,,,,,,,,,,,,,,,,,
651,2227.1155,2364.0222,4059.0293,0.257465029,0.273292088,2364.0222,0.17865326,0.426679988,15329.24293,0.007330796,480.6047297,31.01741482,5.7,0,INT : 60.00[Hz],SLOW,1,2025/6/19,14:57:44,,,,,,,,,,,,,,,,,,,,
652,2226.9358,2363.8069,4058.7437,0.257464513,0.273288701,2363.8069,0.178654129,0.426677632,15330.01316,0.007329439,480.6040856,31.01796911,5.68,0,INT : 60.00[Hz],SLOW,1,2025/6/19,14:57:45,,,,,,,,,,,,,,,,,,,,
653,2226.8459,2363.6948,4058.6257,0.257463644,0.273285851,2363.6948,0.178654533,0.426675585,15330.76153,0.007328591,480.6036179,31.01857323,5.67,0,INT : 60.00[Hz],SLOW,1,2025/6/19,14:57:46,,,,,,,,,,,,,,,,,,,,
654,2226.8545,2363.7026,4058.6782,0.257462587,0.273284576,2363.7026,0.178654208,0.426674571,15331.2509,0.007328663,480.603523,31.01905579,5.7,0,INT : 60.00[Hz],SLOW,1,2025/6/19,14:57:47,,,,,,,,,,,,,,,,,,,,
655,2226.699,2363.5369,4058.3149,0.257464985,0.273287046,2363.5369,0.178655102,0.426676588,15330.22196,0.007328287,480.6036468,31.0180097,5.7,0,INT : 60.00[Hz],SLOW,1,2025/6/19,14:57:48,,,,,,,,,,,,,,,,,,,,
656,2226.6917,2363.4856,4058.3281,0.257465492,0.273282549,2363.4856,0.178657158,0.426673636,15330.96883,0.007325679,480.6025874,31.01836646,5.71,0,INT : 60.00[Hz],SLOW,1,2025/6/19,14:57:49,,,,,,,,,,,,,,,,,,,,
657,2226.4783,2363.2776,4057.9746,0.257463886,0.273282984,2363.2776,0.178655782,0.426673692,15331.25649,0.007326984,480.6029565,31.01882655,5.71,0,INT : 60.00[Hz],SLOW,1,2025/6/19,14:57:50,,,,,,,,,,,,,,,,,,,,
658,2226.3193,2363.0615,4057.7229,0.257464161,0.273277803,2363.0615,0.178657917,0.426670245,15332.18884,0.007324189,480.6017888,31.019336,5.73,0,INT : 60.00[Hz],SLOW,1,2025/6/19,14:57:51,,,,,,,,,,,,,,,,,,,,
659,2226.3223,2363.072,4057.7366,0.257463698,0.273278157,2363.072,0.178657435,0.426670415,15332.22772,0.00732468,480.6019448,31.01944221,5.68,0,INT : 60.00[Hz],SLOW,1,2025/6/19,14:57:52,,,,,,,,,,,,,,,,,,,,
660,2226.0791,2362.8057,4057.3167,0.257463246,0.273276733,2362.8057,0.178657623,0.426669389,15332.60619,0.007324269,480.6017142,31.01975005,5.74,0,INT : 60.00[Hz],SLOW,1,2025/6/19,14:57:53,,,,,,,,,,,,,,,,,,,,
661,2226.0278,2362.7603,4057.2104,0.257463357,0.273277898,2362.7603,0.178657274,0.42667019,15332.35636,0.00732478,480.6019471,31.01958037,5.68,0,INT : 60.00[Hz],SLOW,1,2025/6/19,14:57:54,,,,,,,,,,,,,,,,,,,,
662,2225.8535,2362.5557,4056.9175,0.257463203,0.273275468,2362.5557,0.178658061,0.426668531,15332.85933,0.007323661,480.601448,31.01990941,5.71,0,INT : 60.00[Hz],SLOW,1,2025/6/19,14:57:55,,,,,,,,,,,,,,,,,,,,
663,2225.7485,2362.4114,4056.6892,0.257465281,0.273273874,2362.4114,0.178660224,0.426667766,15332.68527,0.007321453,480.6007475,31.0194329,5.71,0,INT : 60.00[Hz],SLOW,1,2025/6/19,14:57:56,,,,,,,,,,,,,,,,,,,,
664,2225.6272,2362.2703,4056.4978,0.257464764,0.273271897,2362.2703,0.178660569,0.426666359,15333.1847,0.007320806,480.6004084,31.01982458,5.71,0,INT : 60.00[Hz],SLOW,1,2025/6/19,14:57:57,,,,,,,,,,,,,,,,,,,,
665,2225.479,2362.1187,4056.2434,0.257464127,0.273271879,2362.1187,0.178660094,0.426666252,15333.33561,0.007321229,480.6005137,31.02002923,5.72,0,INT : 60.00[Hz],SLOW,1,2025/6/19,14:57:58,,,,,,,,,,,,,,,,,,,,
666,2225.3774,2361.9956,4056.072,0.257464171,0.27327016,2361.9956,0.178660767,0.426665102,15333.65589,0.007320333,480.6001345,31.02021319,5.75,0,INT : 60.00[Hz],SLOW,1,2025/6/19,14:57:59,,,,,,,,,,,,,,,,,,,,
667,2225.2026,2361.8088,4055.7566,0.257464113,0.273269952,2361.8088,0.1786608,0.426664954,15333.70914,0.007320267,480.6000994,31.02025538,5.73,0,INT : 60.00[Hz],SLOW,1,2025/6/19,14:58:00,,,,,,,,,,,,,,,,,,,,
668,2225.303,2361.9131,4055.9702,0.257463269,0.273268794,2361.9131,0.178660593,0.426664049,15334.12709,0.007320255,480.5999935,31.02065697,5.7,0,INT : 60.00[Hz],SLOW,1,2025/6/19,14:58:01,,,,,,,,,,,,,,,,,,,,
669,2225.0981,2361.6921,4055.499,0.257466286,0.273271589,2361.6921,0.178661834,0.426666377,15332.89211,0.007319623,480.6000814,31.01937681,5.75,0,INT : 60.00[Hz],SLOW,1,2025/6/19,14:58:02,,,,,,,,,,,,,,,,,,,,
670,2224.9414,2361.5354,4055.2886,0.257463759,0.27327002,2361.5354,0.178660507,0.426664946,15333.7783,0.007320541,480.6001747,31.02036037,5.7,0,INT : 60.00[Hz],SLOW,1,2025/6/19,14:58:03,,,,,,,,,,,,,,,,,,,,
671,2224.8867,2361.4421,4055.2649,0.257462544,0.273264653,2361.4421,0.178661585,0.426661154,15335.09128,0.007318659,480.599222,31.02136431,5.72,0,INT : 60.00[Hz],SLOW,1,2025/6/19,14:58:04,,,,,,,,,,,,,,,,,,,,
672,2224.719,2361.2615,4054.9731,0.257462209,0.273263995,2361.2615,0.178661577,0.426660662,15335.29537,0.007318554,480.5991373,31.02154661,5.73,0,INT : 60.00[Hz],SLOW,1,2025/6/19,14:58:05,,,,,,,,,,,,,,,,,,,,
673,2224.6135,2361.1316,4054.8118,0.257461819,0.273261507,2361.1316,0.178662208,0.426658929,15335.86397,0.007317564,480.598666,31.02195687,5.72,0,INT : 60.00[Hz],SLOW,1,2025/6/19,14:58:06,,,,,,,,,,,,,,,,,,,,
674,2224.4048,2360.9001,4054.4802,0.257460663,0.273259123,2360.9001,0.17866222,0.426657153,15336.5901,0.007317145,480.5983486,31.02259882,5.71,0,INT : 60.00[Hz],SLOW,1,2025/6/19,14:58:07,,,,,,,,,,,,,,,,,,,,
675,2224.4038,2360.9111,4054.4487,0.257461188,0.273261076,2360.9111,0.17866189,0.426658546,15336.09292,0.007317774,480.598681,31.02220708,5.75,0,INT : 60.00[Hz],SLOW,1,2025/6/19,14:58:08,,,,,,,,,,,,,,,,,,,,
676,2224.2056,2360.6929,4054.0852,0.257461488,0.273260488,2360.6929,0.178662336,0.426658194,15336.13664,0.007317275,480.5985023,31.02217948,5.75,0,INT : 60.00[Hz],SLOW,1,2025/6/19,14:58:09,,,,,,,,,,,,,,,,,,,,
677,2224.0227,2360.4944,4053.7671,0.257461163,0.273259636,2360.4944,0.178662407,0.426657573,15336.37556,0.007317065,480.5983739,31.02238072,5.75,0,INT : 60.00[Hz],SLOW,1,2025/6/19,14:58:10,,,,,,,,,,,,,,,,,,,,
678,2223.8569,2360.2908,4053.4785,0.257461581,0.273256882,2360.2908,0.178663748,0.42665578,15336.80884,0.007315395,480.5977068,31.02256527,5.71,0,INT : 60.00[Hz],SLOW,1,2025/6/19,14:58:11,,,,,,,,,,,,,,,,,,,,
679,2223.7322,2360.1685,4053.2729,0.257460635,0.273257041,2360.1685,0.178662973,0.426655748,15336.99714,0.007316115,480.5979032,31.02284752,5.71,0,INT : 60.00[Hz],SLOW,1,2025/6/19,14:58:12,,,,,,,,,,,,,,,,,,,,
680,2223.6238,2360.0347,4053.0571,0.257461737,0.27325604,2360.0347,0.178664179,0.426655237,15336.93481,0.007314866,480.5974981,31.0226128,5.73,0,INT : 60.00[Hz],SLOW,1,2025/6/19,14:58:13,,,,,,,,,,,,,,,,,,,,
681,2223.5837,2360.0078,4053.0107,0.257460474,0.273256513,2360.0078,0.178663048,0.426655368,15337.1359,0.007315958,480.5978165,31.02295937,5.71,0,INT : 60.00[Hz],SLOW,1,2025/6/19,14:58:14,,,,,,,,,,,,,,,,,,,,
682,2223.4167,2359.8203,4052.7156,0.257460503,0.273255356,2359.8203,0.1786635,0.426654594,15337.35192,0.007315356,480.5975615,31.02308358,5.73,0,INT : 60.00[Hz],SLOW,1,2025/6/19,14:58:15,,,,,,,,,,,,,,,,,,,,
683,2223.3987,2359.7839,4052.679,0.257461132,0.27325402,2359.7839,0.178664472,0.426653788,15337.46342,0.007314258,480.5971651,31.0230377,5.74,0,INT : 60.00[Hz],SLOW,1,2025/6/19,14:58:16,,,,,,,,,,,,,,,,,,,,
684,2223.3279,2359.7183,4052.5286,0.257461484,0.273255499,2359.7183,0.178664188,0.426654835,15337.09746,0.007314765,480.5974245,31.02275556,5.73,0,INT : 60.00[Hz],SLOW,1,2025/6/19,14:58:17,,,,,,,,,,,,,,,,,,,,
685,2223.197,2359.5676,4052.2847,0.257461993,0.273254676,2359.5676,0.178664879,0.426654357,15337.13795,0.007314007,480.5971595,31.02268859,5.75,0,INT : 60.00[Hz],SLOW,1,2025/6/19,14:58:18,,,,,,,,,,,,,,,,,,,,
686,2223.1396,2359.4993,4052.1841,0.257462093,0.273253928,2359.4993,0.178665233,0.426653868,15337.2588,0.007313562,480.5969806,31.02274302,5.74,0,INT : 60.00[Hz],SLOW,1,2025/6/19,14:58:19,,,,,,,,,,,,,,,,,,,,
687,2222.9827,2359.3413,4051.9336,0.25746078,0.273253522,2359.3413,0.178664392,0.4266534,15337.64053,0.007314245,480.5971176,31.02320664,5.75,0,INT : 60.00[Hz],SLOW,1,2025/6/19,14:58:20,,,,,,,,,,,,,,,,,,,,
688,2222.8706,2359.2244,4051.7004,0.257461579,0.273254611,2359.2244,0.178664591,0.426654251,15337.2462,0.007314253,480.5972161,31.02282744,5.74,0,INT : 60.00[Hz],SLOW,1,2025/6/19,14:58:21,,,,,,,,,,,,,,,,,,,,
689,2222.8147,2359.1531,4051.6509,0.257460374,0.273251945,2359.1531,0.178664672,0.426652278,15338.03808,0.007313725,480.5968461,31.02351741,5.76,0,INT : 60.00[Hz],SLOW,1,2025/6/19,14:58:22,,,,,,,,,,,,,,,,,,,,
690,2222.6812,2359.0166,4051.4038,0.257460332,0.273252501,2359.0166,0.178664433,0.426652646,15337.94097,0.007314034,480.5969736,31.02346691,5.73,0,INT : 60.00[Hz],SLOW,1,2025/6/19,14:58:23,,,,,,,,,,,,,,,,,,,,
691,2222.4277,2358.7236,4050.959,0.257460531,0.273249938,2358.7236,0.178665537,0.42665095,15338.38806,0.007312608,480.5963854,31.02369881,5.76,0,INT : 60.00[Hz],SLOW,1,2025/6/19,14:58:24,,,,,,,,,,,,,,,,,,,,
692,2222.3203,2358.6104,4050.8438,0.257458104,0.273247453,2358.6104,0.178664626,0.426648919,15339.42775,0.007312997,480.5962637,31.02475578,5.73,0,INT : 60.00[Hz],SLOW,1,2025/6/19,14:58:25,,,,,,,,,,,,,,,,,,,,
693,2222.1917,2358.4722,4050.5249,0.257460676,0.273249984,2358.4722,0.178665629,0.426651003,15338.34563,0.007312533,480.5963706,31.02364747,5.78,0,INT : 60.00[Hz],SLOW,1,2025/6/19,14:58:26,,,,,,,,,,,,,,,,,,,,
694,2222.0505,2358.3093,4050.343,0.257458813,0.273246496,2358.3093,0.178665518,0.42664838,15339.4479,0.007312036,480.5959355,31.02464083,5.74,0,INT : 60.00[Hz],SLOW,1,2025/6/19,14:58:27,,,,,,,,,,,,,,,,,,,,
695,2221.9312,2358.1865,4050.106,0.257459282,0.273247436,2358.1865,0.178665523,0.426649082,15339.1584,0.007312192,480.5960584,31.02438354,5.76,0,INT : 60.00[Hz],SLOW,1,2025/6/19,14:58:28,,,,,,,,,,,,,,,,,,,,
696,2221.7893,2358.0466,4049.8335,0.257459376,0.273248776,2358.0466,0.178665096,0.426649998,15338.87885,0.007312803,480.5963319,31.02419942,5.76,0,INT : 60.00[Hz],SLOW,1,2025/6/19,14:58:29,,,,,,,,,,,,,,,,,,,,
697,2221.7075,2357.9199,4049.6965,0.257460205,0.273245034,2357.9199,0.178667114,0.426647601,15339.40725,0.007310358,480.5953811,31.02436715,5.73,0,INT : 60.00[Hz],SLOW,1,2025/6/19,14:58:30,,,,,,,,,,,,,,,,,,,,
698,2221.5117,2357.7397,4049.3877,0.257457946,0.273245835,2357.7397,0.178665109,0.426647806,15339.77579,0.007312289,480.5959411,31.02499241,5.76,0,INT : 60.00[Hz],SLOW,1,2025/6/19,14:58:31,,,,,,,,,,,,,,,,,,,,
699,2221.4319,2357.625,4049.259,0.257458341,0.273242777,2357.625,0.178666545,0.426645806,15340.27298,0.007310481,480.5952124,31.02521909,5.78,0,INT : 60.00[Hz],SLOW,1,2025/6/19,14:58:32,,,,,,,,,,,,,,,,,,,,
700,2221.2852,2357.48,4048.969,0.257458696,0.273244394,2357.48,0.178666212,0.426646947,15339.87964,0.007311056,480.595501,31.02492012,5.73,0,INT : 60.00[Hz],SLOW,1,2025/6/19,14:58:33,,,,,,,,,,,,,,,,,,,,
701,2221.0986,2357.2715,4048.7144,0.257456456,0.273240803,2357.2715,0.178665854,0.426644198,15341.08945,0.007310762,480.5951085,31.02604541,5.76,0,INT : 60.00[Hz],SLOW,1,2025/6/19,14:58:34,,,,,,,,,,,,,,,,,,,,
702,2220.9648,2357.1392,4048.4219,0.257457617,0.27324316,2357.1392,0.178665855,0.426645957,15340.36694,0.007311164,480.5954192,31.02540511,5.77,0,INT : 60.00[Hz],SLOW,1,2025/6/19,14:58:35,,,,,,,,,,,,,,,,,,,,
703,2220.8911,2357.0422,4048.3655,0.257455851,0.273239109,2357.0422,0.178666027,0.426642968,15341.55565,0.007310317,480.5948458,31.02643265,5.79,0,INT : 60.00[Hz],SLOW,1,2025/6/19,14:58:36,,,,,,,,,,,,,,,,,,,,
704,2220.7996,2356.9626,4048.1226,0.2574576,0.273242995,2356.9626,0.178665904,0.426645843,15340.40257,0.007311092,480.5953864,31.02542942,5.76,0,INT : 60.00[Hz],SLOW,1,2025/6/19,14:58:37,,,,,,,,,,,,,,,,,,,,
705,2220.7534,2356.9084,4048.0215,0.257458258,0.273243095,2356.9084,0.178666364,0.426646008,15340.23104,0.007310697,480.5952952,31.02520885,5.78,0,INT : 60.00[Hz],SLOW,1,2025/6/19,14:58:38,,,,,,,,,,,,,,,,,,,,
706,2220.6003,2356.7266,4047.7644,0.257458179,0.273240771,2356.7266,0.178667168,0.426644432,15340.69671,0.007309581,480.5948066,31.02550169,5.77,0,INT : 60.00[Hz],SLOW,1,2025/6/19,14:58:39,,,,,,,,,,,,,,,,,,,,
707,2220.4841,2356.6113,4047.6218,0.257455873,0.273239255,2356.6113,0.17866599,0.42664307,15341.52247,0.007310375,480.5948735,31.02640881,5.78,0,INT : 60.00[Hz],SLOW,1,2025/6/19,14:58:40,,,,,,,,,,,,,,,,,,,,
708,2220.4973,2356.6104,4047.6133,0.257457291,0.27323903,2356.6104,0.178667144,0.426643128,15341.23767,0.007309304,480.5945823,31.02598453,5.79,0,INT : 60.00[Hz],SLOW,1,2025/6/19,14:58:41,,,,,,,,,,,,,,,,,,,,
709,2220.3257,2356.4199,4047.2966,0.257457657,0.273238447,2356.4199,0.178667638,0.42664279,15341.26498,0.007308763,480.5943936,31.02593517,5.77,0,INT : 60.00[Hz],SLOW,1,2025/6/19,14:58:42,,,,,,,,,,,,,,,,,,,,
710,2220.146,2356.2498,4047.0083,0.257455869,0.273238941,2356.2498,0.178666103,0.426642857,15341.5839,0.00731022,480.5948062,31.02644628,5.78,0,INT : 60.00[Hz],SLOW,1,2025/6/19,14:58:43,,,,,,,,,,,,,,,,,,,,
711,2220.0049,2356.0913,4046.7029,0.25745757,0.27323973,2356.0913,0.178667095,0.426643641,15341.03822,0.007309468,480.5946859,31.02581519,5.77,0,INT : 60.00[Hz],SLOW,1,2025/6/19,14:58:44,,,,,,,,,,,,,,,,,,,,
712,2219.8286,2355.896,4046.4163,0.257456776,0.273237938,2355.896,0.178667162,0.426642317,15341.56701,0.007309102,480.5944343,31.0262737,5.74,0,INT : 60.00[Hz],SLOW,1,2025/6/19,14:58:45,,,,,,,,,,,,,,,,,,,,
713,2219.6956,2355.7539,4046.1582,0.257457272,0.273238354,2355.7539,0.178667382,0.42664267,15341.372,0.007308976,480.5944394,31.02606818,5.81,0,INT : 60.00[Hz],SLOW,1,2025/6/19,14:58:46,,,,,,,,,,,,,,,,,,,,
714,2219.7078,2355.7612,4046.2546,0.257455226,0.273235528,2355.7612,0.178666887,0.426640465,15342.38994,0.007308936,480.5941788,31.02704367,5.8,0,INT : 60.00[Hz],SLOW,1,2025/6/19,14:58:47,,,,,,,,,,,,,,,,,,,,
715,2219.5637,2355.5896,4046.012,0.257455184,0.273233318,2355.5896,0.178667677,0.426638971,15342.82528,0.007307851,480.5937083,31.02731158,5.79,0,INT : 60.00[Hz],SLOW,1,2025/6/19,14:58:48,,,,,,,,,,,,,,,,,,,,
716,2219.3723,2355.4104,4045.636,0.257455279,0.273236194,2355.4104,0.178666678,0.426640921,15342.24942,0.007309236,480.5943138,31.0269502,5.78,0,INT : 60.00[Hz],SLOW,1,2025/6/19,14:58:49,,,,,,,,,,,,,,,,,,,,
717,2219.3115,2355.3394,4045.5994,0.257453255,0.273233296,2355.3394,0.178666227,0.42663867,15343.27624,0.007309144,480.5940337,31.02792695,5.81,0,INT : 60.00[Hz],SLOW,1,2025/6/19,14:58:50,,,,,,,,,,,,,,,,,,,,
718,2219.1514,2355.1948,4045.2209,0.257455087,0.273238177,2355.1948,0.178665796,0.426642228,15341.91203,0.007310364,480.5947751,31.02678271,5.79,0,INT : 60.00[Hz],SLOW,1,2025/6/19,14:58:51,,,,,,,,,,,,,,,,,,,,
719,2218.9958,2355.0208,4045.0173,0.257452961,0.273234892,2355.0208,0.178665411,0.426639702,15343.03683,0.007310146,480.5944291,31.02783645,5.81,0,INT : 60.00[Hz],SLOW,1,2025/6/19,14:58:52,,,,,,,,,,,,,,,,,,,,
720,2218.9248,2354.9243,4044.895,0.25745338,0.273232883,2354.9243,0.178666475,0.426638411,15343.3268,0.007308851,480.5939232,31.02793481,5.79,0,INT : 60.00[Hz],SLOW,1,2025/6/19,14:58:53,,,,,,,,,,,,,,,,,,,,
721,2218.8513,2354.873,4044.749,0.257452941,0.273235516,2354.873,0.178665164,0.426640119,15342.92132,0.007310474,480.5945673,31.02777094,5.79,0,INT : 60.00[Hz],SLOW,1,2025/6/19,14:58:54,,,,,,,,,,,,,,,,,,,,
722,2218.803,2354.8044,4044.647,0.257453876,0.273234496,2354.8044,0.17866625,0.42663957,15342.90126,0.007309329,480.5941869,31.02759143,5.79,0,INT : 60.00[Hz],SLOW,1,2025/6/19,14:58:55,,,,,,,,,,,,,,,,,,,,
723,2218.6216,2354.6177,4044.3337,0.257453183,0.273234436,2354.6177,0.178665748,0.426639427,15343.07328,0.007309767,480.5942925,31.02781847,5.81,0,INT : 60.00[Hz],SLOW,1,2025/6/19,14:58:56,,,,,,,,,,,,,,,,,,,,
724,2218.5549,2354.5598,4044.3015,0.257450128,0.273232689,2354.5598,0.178664088,0.426637799,15344.11741,0.007310952,480.5944379,31.02899042,5.83,0,INT : 60.00[Hz],SLOW,1,2025/6/19,14:58:57,,,,,,,,,,,,,,,,,,,,
725,2218.4194,2354.396,4044.0774,0.25745004,0.273230276,2354.396,0.17866492,0.426636162,15344.60235,0.007309795,480.5939314,31.02929599,5.81,0,INT : 60.00[Hz],SLOW,1,2025/6/19,14:58:58,,,,,,,,,,,,,,,,,,,,
726,2218.3223,2354.2903,4043.8564,0.257451434,0.273231448,2354.2903,0.178665537,0.426637157,15344.05393,0.007309444,480.5939461,31.02871835,5.81,0,INT : 60.00[Hz],SLOW,1,2025/6/19,14:58:59,,,,,,,,,,,,,,,,,,,,
727,2218.2051,2354.176,4043.6655,0.257450453,0.273231577,2354.176,0.178664748,0.426637098,15344.25624,0.007310172,480.5941419,31.02901512,5.81,0,INT : 60.00[Hz],SLOW,1,2025/6/19,14:59:00,,,,,,,,,,,,,,,,,,,,
728,2218.1555,2354.1248,4043.5674,0.257450639,0.273231942,2354.1248,0.178664753,0.426637372,15344.14272,0.00731023,480.5941889,31.02891381,5.79,0,INT : 60.00[Hz],SLOW,1,2025/6/19,14:59:01,,,,,,,,,,,,,,,,,,,,
729,2218.1182,2354.1128,4043.5132,0.257449403,0.273233832,2354.1128,0.178663115,0.426638461,15344.06512,0.007312017,480.5948089,31.02908901,5.8,0,INT : 60.00[Hz],SLOW,1,2025/6/19,14:59:02,,,,,,,,,,,,,,,,,,,,
730,2217.9187,2353.8655,4043.188,0.257449316,0.273229611,2353.8655,0.17866462,0.426635606,15344.89836,0.00730995,480.5939116,31.0296028,5.77,0,INT : 60.00[Hz],SLOW,1,2025/6/19,14:59:03,,,,,,,,,,,,,,,,,,,,
731,2217.9453,2353.8987,4043.2097,0.257449968,0.27323088,2353.8987,0.178664641,0.426636557,15344.50289,0.007310148,480.5940742,31.02924949,5.79,0,INT : 60.00[Hz],SLOW,1,2025/6/19,14:59:04,,,,,,,,,,,,,,,,,,,,
732,2217.7053,2353.634,4042.7634,0.257450529,0.273230316,2353.634,0.178665275,0.426636261,15344.48152,0.007309485,480.5938563,31.02913613,5.8,0,INT : 60.00[Hz],SLOW,1,2025/6/19,14:59:05,,,,,,,,,,,,,,,,,,,,
733,2217.5544,2353.5002,4042.5413,0.257448158,0.273230858,2353.5002,0.17866328,0.426636275,15344.92617,0.007311361,480.5943794,31.02982691,5.83,0,INT : 60.00[Hz],SLOW,1,2025/6/19,14:59:06,,,,,,,,,,,,,,,,,,,,
734,2217.4673,2353.4106,4042.3428,0.257449261,0.273232358,2353.4106,0.178663556,0.426637447,15344.382,0.007311371,480.5945148,31.029304,5.81,0,INT : 60.00[Hz],SLOW,1,2025/6/19,14:59:07,,,,,,,,,,,,,,,,,,,,
735,2217.3928,2353.3149,4042.1614,0.25745112,0.273232401,2353.3149,0.178664946,0.426637752,15343.94302,0.007310135,480.5942057,31.02870822,5.81,0,INT : 60.00[Hz],SLOW,1,2025/6/19,14:59:08,,,,,,,,,,,,,,,,,,,,
736,2217.3923,2353.3093,4042.1904,0.257450378,0.273231024,2353.3093,0.178664897,0.426636715,15344.38017,0.007309944,480.5940353,31.02910268,5.79,0,INT : 60.00[Hz],SLOW,1,2025/6/19,14:59:09,,,,,,,,,,,,,,,,,,,,
737,2217.2175,2353.1343,4041.9033,0.25744912,0.27323091,2353.1343,0.178663988,0.426636452,15344.69331,0.007310737,480.5942259,31.02951525,5.8,0,INT : 60.00[Hz],SLOW,1,2025/6/19,14:59:10,,,,,,,,,,,,,,,,,,,,
738,2217.0757,2353.0044,4041.5276,0.257452009,0.273236367,2353.0044,0.178664142,0.426640553,15342.97344,0.007311533,480.5949108,31.02796922,5.79,0,INT : 60.00[Hz],SLOW,1,2025/6/19,14:59:11,,,,,,,,,,,,,,,,,,,,
739,2216.9722,2352.8618,4041.4399,0.257449969,0.273230399,2352.8618,0.17866482,0.426636233,15344.59529,0.007309905,480.5939701,31.02930454,5.8,0,INT : 60.00[Hz],SLOW,1,2025/6/19,14:59:12,,,,,,,,,,,,,,,,,,,,
740,2216.9363,2352.8474,4041.3176,0.25745096,0.273234203,2352.8474,0.178664155,0.426638941,15343.63292,0.007311151,480.5946226,31.02855145,5.81,0,INT : 60.00[Hz],SLOW,1,2025/6/19,14:59:13,,,,,,,,,,,,,,,,,,,,
741,2216.8123,2352.6917,4041.1763,0.257449147,0.27322948,2352.6917,0.178664541,0.426635493,15344.96264,0.007309998,480.5939122,31.02967148,5.83,0,INT : 60.00[Hz],SLOW,1,2025/6/19,14:59:14,,,,,,,,,,,,,,,,,,,,
742,2216.719,2352.5999,4041.0889,0.257446459,0.273227465,2352.5999,0.178663258,0.426633739,15345.97337,0.0073108,480.593937,31.03075744,5.8,0,INT : 60.00[Hz],SLOW,1,2025/6/19,14:59:15,,,,,,,,,,,,,,,,,,,,
743,2216.5608,2352.4326,4040.7419,0.257448194,0.273229376,2352.4326,0.178663859,0.426635282,15345.20362,0.00731059,480.5940529,31.02998645,5.82,0,INT : 60.00[Hz],SLOW,1,2025/6/19,14:59:16,,,,,,,,,,,,,,,,,,,,
744,2216.4724,2352.3213,4040.5906,0.257448422,0.273227587,2352.3213,0.178664696,0.426634112,15345.49532,0.007309535,480.5936274,31.03011995,5.8,0,INT : 60.00[Hz],SLOW,1,2025/6/19,14:59:17,,,,,,,,,,,,,,,,,,,,
745,2216.3022,2352.1843,4040.26,0.257447725,0.273231916,2352.1843,0.178662559,0.426636923,15344.82278,0.007312186,480.5946822,31.02984276,5.81,0,INT : 60.00[Hz],SLOW,1,2025/6/19,14:59:18,,,,,,,,,,,,,,,,,,,,
746,2216.2219,2352.0864,4040.1294,0.257447632,0.273230345,2352.0864,0.178663073,0.426635851,15345.14701,0.007311458,480.5943585,31.03005326,5.83,0,INT : 60.00[Hz],SLOW,1,2025/6/19,14:59:19,,,,,,,,,,,,,,,,,,,,
747,2216.134,2352.0215,4039.9292,0.257447978,0.27323401,2352.0215,0.178661972,0.42663837,15344.36079,0.00731307,480.5950914,31.02952116,5.85,0,INT : 60.00[Hz],SLOW,1,2025/6/19,14:59:20,,,,,,,,,,,,,,,,,,,,
748,2216.0188,2351.8542,4039.78,0.257447506,0.273228277,2351.8542,0.178663748,0.426634441,15345.57442,0.007310501,480.5939332,31.03033128,5.81,0,INT : 60.00[Hz],SLOW,1,2025/6/19,14:59:21,,,,,,,,,,,,,,,,,,,,
749,2215.8062,2351.6465,4039.3503,0.25744823,0.273231129,2351.6465,0.178663234,0.426636468,15344.85735,0.007311448,480.5944256,31.02977286,5.83,0,INT : 60.00[Hz],SLOW,1,2025/6/19,14:59:22,,,,,,,,,,,,,,,,,,,,
750,2215.8091,2351.6321,4039.3264,0.257449626,0.27323058,2351.6321,0.178664494,0.426636304,15344.63988,0.007310228,480.5940679,31.0293927,5.83,0,INT : 60.00[Hz],SLOW,1,2025/6/19,14:59:23,,,,,,,,,,,,,,,,,,,,
751,2215.7537,2351.5781,4039.2883,0.257447601,0.273228988,2351.5781,0.178663555,0.426634933,15345.41547,0.007310795,480.5940705,31.03021924,5.81,0,INT : 60.00[Hz],SLOW,1,2025/6/19,14:59:24,,,,,,,,,,,,,,,,,,,,
752,2215.4497,2351.2603,4038.7415,0.257447236,0.273229162,2351.2603,0.178663214,0.426634996,15345.46669,0.00731113,480.5941707,31.03031539,5.81,0,INT : 60.00[Hz],SLOW,1,2025/6/19,14:59:25,,,,,,,,,,,,,,,,,,,,
753,2215.4402,2351.2661,4038.7456,0.25744612,0.273229823,2351.2661,0.178662124,0.426635276,15345.59775,0.007312217,480.5945046,31.03059373,5.79,0,INT : 60.00[Hz],SLOW,1,2025/6/19,14:59:26,,,,,,,,,,,,,,,,,,,,
754,2215.407,2351.218,4038.687,0.257446447,0.273228675,2351.218,0.178662799,0.426634552,15345.74304,0.007311418,480.5942006,31.03062192,5.85,0,INT : 60.00[Hz],SLOW,1,2025/6/19,14:59:27,,,,,,,,,,,,,,,,,,,,
755,2215.3398,2351.165,4038.6113,0.257444499,0.273228737,2351.165,0.178661303,0.426634305,15346.18258,0.007312766,480.5945473,31.03123385,5.83,0,INT : 60.00[Hz],SLOW,1,2025/6/19,14:59:28,,,,,,,,,,,,,,,,,,,,
756,2215.1323,2350.9294,4038.1909,0.257446219,0.273228775,2350.9294,0.178662589,0.426634585,15345.77661,0.007311622,480.5942611,31.03068284,5.83,0,INT : 60.00[Hz],SLOW,1,2025/6/19,14:59:29,,,,,,,,,,,,,,,,,,,,
757,2214.9995,2350.8037,4037.9841,0.257444707,0.273228942,2350.8037,0.178661384,0.426634474,15346.09477,0.007312728,480.594556,31.03114403,5.86,0,INT : 60.00[Hz],SLOW,1,2025/6/19,14:59:30,,,,,,,,,,,,,,,,,,,,
758,2214.762,2350.5317,4037.5859,0.257444263,0.273226153,2350.5317,0.178662086,0.426632531,15346.73491,0.007311624,480.5940293,31.03160619,5.84,0,INT : 60.00[Hz],SLOW,1,2025/6/19,14:59:31,,,,,,,,,,,,,,,,,,,,
759,2214.6399,2350.4124,4037.3391,0.25744468,0.273227791,2350.4124,0.178661792,0.426633695,15346.32279,0.007312167,480.5943119,31.03128519,5.83,0,INT : 60.00[Hz],SLOW,1,2025/6/19,14:59:32,,,,,,,,,,,,,,,,,,,,
760,2214.5901,2350.334,4037.3486,0.257442443,0.273222447,2350.334,0.178662088,0.426629766,15347.87079,0.007310987,480.59354,31.03261125,5.85,0,INT : 60.00[Hz],SLOW,1,2025/6/19,14:59:33,,,,,,,,,,,,,,,,,,,,
761,2214.4465,2350.1956,4037.0984,0.257441677,0.273223262,2350.1956,0.178661206,0.426630201,15347.89121,0.007311915,480.5938472,31.03276075,5.81,0,INT : 60.00[Hz],SLOW,1,2025/6/19,14:59:34,,,,,,,,,,,,,,,,,,,,
762,2214.3623,2350.1257,4036.8855,0.257442872,0.273226793,2350.1257,0.178660796,0.426632756,15346.93375,0.007312886,480.5944057,31.03197431,5.87,0,INT : 60.00[Hz],SLOW,1,2025/6/19,14:59:35,,,,,,,,,,,,,,,,,,,,
763,2214.2256,2349.9761,4036.6021,0.257444031,0.273227498,2349.9761,0.17866141,0.426633401,15346.52964,0.007312458,480.5943596,31.03152511,5.82,0,INT : 60.00[Hz],SLOW,1,2025/6/19,14:59:36,,,,,,,,,,,,,,,,,,,,
764,2214.2346,2350.0044,4036.6792,0.257441653,0.273227154,2350.0044,0.178659741,0.426632818,15347.14673,0.007313892,480.5946922,31.03232011,5.85,0,INT : 60.00[Hz],SLOW,1,2025/6/19,14:59:37,,,,,,,,,,,,,,,,,,,,
765,2214.0901,2349.8477,4036.407,0.257442016,0.27322715,2349.8477,0.178660016,0.426632869,15347.06348,0.007313645,480.5946294,31.03220539,5.84,0,INT : 60.00[Hz],SLOW,1,2025/6/19,14:59:38,,,,,,,,,,,,,,,,,,,,
766,2214.0181,2349.7666,4036.2363,0.257443336,0.273228007,2349.7666,0.178660696,0.426633642,15346.59232,0.007313184,480.5945886,31.03168705,5.82,0,INT : 60.00[Hz],SLOW,1,2025/6/19,14:59:39,,,,,,,,,,,,,,,,,,,,
767,2213.9521,2349.7126,4036.1277,0.257442505,0.273228991,2349.7126,0.178659701,0.426634181,15346.59531,0.007314241,480.5949434,31.03183781,5.87,0,INT : 60.00[Hz],SLOW,1,2025/6/19,14:59:40,,,,,,,,,,,,,,,,,,,,
768,2213.9116,2349.6555,4036.1079,0.25744131,0.273226081,2349.6555,0.17865988,0.426632045,15347.43287,0.007313583,480.5945191,31.03255257,5.84,0,INT : 60.00[Hz],SLOW,1,2025/6/19,14:59:41,,,,,,,,,,,,,,,,,,,,
769,2213.8616,2349.6182,4035.9077,0.257444103,0.273230878,2349.6182,0.178660207,0.426635688,15345.86158,0.007314112,480.5950779,31.03111289,5.83,0,INT : 60.00[Hz],SLOW,1,2025/6/19,14:59:42,,,,,,,,,,,,,,,,,,,,
770,2213.6965,2349.4431,4035.6982,0.25744136,0.273227982,2349.4431,0.178659211,0.426633332,15347.05497,0.007314507,480.5949213,31.03231775,5.83,0,INT : 60.00[Hz],SLOW,1,2025/6/19,14:59:43,,,,,,,,,,,,,,,,,,,,
771,2213.4185,2349.1609,4035.1526,0.257442137,0.273230301,2349.1609,0.178658936,0.426635008,15346.42821,0.00731515,480.5952895,31.03180391,5.83,0,INT : 60.00[Hz],SLOW,1,2025/6/19,14:59:44,,,,,,,,,,,,,,,,,,,,
772,2213.4734,2349.2156,4035.2556,0.257442157,0.273229907,2349.2156,0.178659097,0.426634746,15346.49964,0.007314938,480.595201,31.03184311,5.82,0,INT : 60.00[Hz],SLOW,1,2025/6/19,14:59:45,,,,,,,,,,,,,,,,,,,,
773,2213.3333,2349.0522,4035.02,0.257442004,0.273228034,2349.0522,0.178659678,0.426633462,15346.89591,0.007314098,480.5948224,31.03210734,5.89,0,INT : 60.00[Hz],SLOW,1,2025/6/19,14:59:46,,,,,,,,,,,,,,,,,,,,
774,2213.2275,2348.9519,4034.8137,0.257442047,0.273229474,2348.9519,0.178659175,0.426634438,15346.60849,0.007314794,480.5951262,31.03192785,5.86,0,INT : 60.00[Hz],SLOW,1,2025/6/19,14:59:47,,,,,,,,,,,,,,,,,,,,
775,2213.082,2348.7832,4034.6694,0.257438852,0.273224422,2348.7832,0.178658639,0.426630564,15348.3221,0.007314409,480.5945814,31.03352454,5.88,0,INT : 60.00[Hz],SLOW,1,2025/6/19,14:59:48,,,,,,,,,,,,,,,,,,,,
776,2213.0554,2348.7681,4034.5635,0.257440178,0.273227357,2348.7681,0.17865855,0.426632736,15347.44929,0.007314991,480.5949886,31.0327653,5.85,0,INT : 60.00[Hz],SLOW,1,2025/6/19,14:59:49,,,,,,,,,,,,,,,,,,,,
777,2213.0134,2348.7207,4034.4619,0.257441012,0.273227914,2348.7207,0.178658973,0.426633235,15347.14873,0.007314708,480.5949662,31.03243616,5.87,0,INT : 60.00[Hz],SLOW,1,2025/6/19,14:59:50,,,,,,,,,,,,,,,,,,,,
778,2213.0068,2348.7173,4034.4517,0.257440849,0.27322816,2348.7173,0.178658759,0.426633377,15347.13894,0.007314942,480.5950473,31.03245949,5.85,0,INT : 60.00[Hz],SLOW,1,2025/6/19,14:59:51,,,,,,,,,,,,,,,,,,,,
779,2212.7188,2348.4333,4033.9006,0.257440981,0.27323082,2348.4333,0.178657869,0.426635187,15346.59585,0.007316193,480.5955996,31.03211128,5.86,0,INT : 60.00[Hz],SLOW,1,2025/6/19,14:59:52,,,,,,,,,,,,,,,,,,,,
780,2212.5571,2348.2273,4033.7803,0.257436784,0.273222366,2348.2273,0.178657841,0.426628874,15349.19763,0.007314771,480.5944908,31.03441829,5.88,0,INT : 60.00[Hz],SLOW,1,2025/6/19,14:59:53,,,,,,,,,,,,,,,,,,,,
781,2212.4897,2348.1494,4033.6245,0.257437961,0.273222874,2348.1494,0.178658542,0.42662939,15348.82698,0.007314231,480.5943992,31.0339859,5.83,0,INT : 60.00[Hz],SLOW,1,2025/6/19,14:59:54,,,,,,,,,,,,,,,,,,,,
782,2212.4583,2348.1584,4033.5161,0.257438226,0.27322808,2348.1584,0.178656805,0.426632934,15347.76234,0.007316674,480.5954789,31.0333023,5.86,0,INT : 60.00[Hz],SLOW,1,2025/6/19,14:59:55,,,,,,,,,,,,,,,,,,,,
783,2212.3789,2348.0759,4033.4851,0.257434765,0.273224613,2348.0759,0.178655479,0.426630087,15349.23237,0.007317267,480.5953219,31.03480098,5.87,0,INT : 60.00[Hz],SLOW,1,2025/6/19,14:59:56,,,,,,,,,,,,,,,,,,,,
784,2212.3083,2347.9595,4033.3567,0.257435998,0.273221095,2347.9595,0.178657719,0.426627902,15349.62474,0.007314663,480.5943509,31.03481442,5.89,0,INT : 60.00[Hz],SLOW,1,2025/6/19,14:59:57,,,,,,,,,,,,,,,,,,,,
785,2212.2036,2347.8518,4033.1367,0.257436768,0.27322231,2347.8518,0.178657849,0.426628834,15349.21212,0.007314754,480.5944817,31.03442992,5.87,0,INT : 60.00[Hz],SLOW,1,2025/6/19,14:59:58,,,,,,,,,,,,,,,,,,,,
786,2212.1934,2347.8738,4033.0896,0.257436638,0.273225993,2347.8738,0.178656381,0.426631294,15348.53224,0.007316696,480.5952996,31.03404688,5.87,0,INT : 60.00[Hz],SLOW,1,2025/6/19,14:59:59,,,,,,,,,,,,,,,,,,,,
787,2211.9524,2347.6135,4032.6519,0.257436724,0.273225558,2347.6135,0.178656608,0.426631014,15348.5964,0.00731642,480.595191,31.03406993,5.88,0,INT : 60.00[Hz],SLOW,1,2025/6/19,15:00:00,,,,,,,,,,,,,,,,,,,,
788,2211.9543,2347.623,4032.6699,0.257436064,0.273225728,2347.623,0.178656045,0.426631031,15348.71634,0.007316951,480.5953408,31.03425985,5.85,0,INT : 60.00[Hz],SLOW,1,2025/6/19,15:00:01,,,,,,,,,,,,,,,,,,,,
789,2211.782,2347.4309,4032.4243,0.257434287,0.273222768,2347.4309,0.178655803,0.426628775,15349.69863,0.007316661,480.5950052,31.03516519,5.89,0,INT : 60.00[Hz],SLOW,1,2025/6/19,15:00:02,,,,,,,,,,,,,,,,,,,,
790,2211.6309,2347.2827,4032.1589,0.257433621,0.273223477,2347.2827,0.178655036,0.426629153,15349.71646,0.007317469,480.5952724,31.03529532,5.91,0,INT : 60.00[Hz],SLOW,1,2025/6/19,15:00:03,,,,,,,,,,,,,,,,,,,,
791,2211.6199,2347.2734,4032.0732,0.257435517,0.273225766,2347.2734,0.178655618,0.426630975,15348.83596,0.00731734,480.5954425,31.03442941,5.89,0,INT : 60.00[Hz],SLOW,1,2025/6/19,15:00:04,,,,,,,,,,,,,,,,,,,,
792,2211.4294,2347.0615,4031.7151,0.257436131,0.273225287,2347.0615,0.178656261,0.426630744,15348.78582,0.007316684,480.5952339,31.03428929,5.86,0,INT : 60.00[Hz],SLOW,1,2025/6/19,15:00:05,,,,,,,,,,,,,,,,,,,,
793,2211.439,2347.0901,4031.7593,0.257434779,0.273225996,2347.0901,0.178654975,0.426631021,15348.96247,0.007317954,480.5956183,31.03463714,5.89,0,INT : 60.00[Hz],SLOW,1,2025/6/19,15:00:06,,,,,,,,,,,,,,,,,,,,
794,2211.3401,2346.9871,4031.5698,0.257434996,0.273226454,2346.9871,0.178654968,0.426631361,15348.82387,0.007318039,480.5956804,31.03451551,5.9,0,INT : 60.00[Hz],SLOW,1,2025/6/19,15:00:07,,,,,,,,,,,,,,,,,,,,
795,2211.2073,2346.8557,4031.3005,0.257435525,0.273228127,2346.8557,0.178654746,0.426632566,15348.37897,0.007318524,480.5959513,31.03415489,5.85,0,INT : 60.00[Hz],SLOW,1,2025/6/19,15:00:08,,,,,,,,,,,,,,,,,,,,
796,2211.1077,2346.7456,4031.1492,0.257434749,0.273226792,2346.7456,0.178654656,0.426631552,15348.81607,0.007318376,480.5957957,31.03455518,5.91,0,INT : 60.00[Hz],SLOW,1,2025/6/19,15:00:09,,,,,,,,,,,,,,,,,,,,
797,2210.9866,2346.6062,4030.9421,0.257434664,0.273225437,2346.6062,0.178655096,0.426630627,15349.09682,0.007317751,480.5955173,31.03473804,5.87,0,INT : 60.00[Hz],SLOW,1,2025/6/19,15:00:10,,,,,,,,,,,,,,,,,,,,
798,2210.885,2346.53,4030.7786,0.257433065,0.273227422,2346.53,0.178653148,0.426631727,15349.08471,0.007319832,480.5962201,31.0350175,5.89,0,INT : 60.00[Hz],SLOW,1,2025/6/19,15:00:11,,,,,,,,,,,,,,,,,,,,
799,2210.8589,2346.469,4030.7708,0.25743287,0.273223339,2346.469,0.17865452,0.426628949,15349.917,0.007317906,480.5953709,31.03554962,5.9,0,INT : 60.00[Hz],SLOW,1,2025/6/19,15:00:12,,,,,,,,,,,,,,,,,,,,
800,2210.8186,2346.4495,4030.6992,0.257432117,0.273225249,2346.4495,0.17865324,0.426630123,15349.72347,0.007319378,480.5959126,31.0355691,5.9,0,INT : 60.00[Hz],SLOW,1,2025/6/19,15:00:13,,,,,,,,,,,,,,,,,,,,
801,2210.6724,2346.2834,4030.5032,0.25743033,0.273222079,2346.2834,0.178653068,0.426627725,15350.74874,0.007318989,480.5955335,31.03650194,5.91,0,INT : 60.00[Hz],SLOW,1,2025/6/19,15:00:14,,,,,,,,,,,,,,,,,,,,
802,2210.4863,2346.0923,4030.1848,0.257429511,0.273221957,2346.0923,0.178652494,0.426627522,15350.96201,0.007319481,480.5956473,31.03677612,5.91,0,INT : 60.00[Hz],SLOW,1,2025/6/19,15:00:15,,,,,,,,,,,,,,,,,,,,
803,2210.3728,2345.9675,4030.0271,0.257428165,0.273220023,2345.9675,0.178652196,0.42662602,15351.64688,0.007319417,480.5954598,31.03742647,5.89,0,INT : 60.00[Hz],SLOW,1,2025/6/19,15:00:16,,,,,,,,,,,,,,,,,,,,
804,2210.3174,2345.9028,4029.9736,0.257426917,0.273218012,2345.9028,0.178652001,0.426624482,15352.32388,0.007319248,480.5952387,31.0380544,5.91,0,INT : 60.00[Hz],SLOW,1,2025/6/19,15:00:17,,,,,,,,,,,,,,,,,,,,
805,2210.1895,2345.7813,4029.6675,0.257428676,0.273221538,2345.7813,0.178652019,0.426627116,15351.23625,0.007319835,480.5956995,31.03708954,5.89,0,INT : 60.00[Hz],SLOW,1,2025/6/19,15:00:18,,,,,,,,,,,,,,,,,,,,
806,2210.2144,2345.8069,4029.6785,0.257429732,0.273222562,2345.8069,0.178652436,0.426627962,15350.79391,0.007319637,480.5957402,31.03663599,5.89,0,INT : 60.00[Hz],SLOW,1,2025/6/19,15:00:19,,,,,,,,,,,,,,,,,,,,
807,2210.0095,2345.6023,4029.4312,0.25742556,0.273219633,2345.6023,0.178650372,0.426625372,15352.3258,0.007320982,480.5958212,31.03829887,5.89,0,INT : 60.00[Hz],SLOW,1,2025/6/19,15:00:20,,,,,,,,,,,,,,,,,,,,
808,2209.9778,2345.5635,4029.3911,0.257425184,0.273218634,2345.5635,0.178650459,0.426624644,15352.60577,0.007320732,480.5956696,31.03853348,5.9,0,INT : 60.00[Hz],SLOW,1,2025/6/19,15:00:21,,,,,,,,,,,,,,,,,,,,
809,2209.9373,2345.5161,4029.293,0.257426043,0.273219032,2345.5161,0.178650961,0.426625039,15352.32968,0.007320352,480.5956085,31.03821448,5.91,0,INT : 60.00[Hz],SLOW,1,2025/6/19,15:00:22,,,,,,,,,,,,,,,,,,,,
810,2209.8457,2345.4209,4029.0706,0.257427644,0.273220966,2345.4209,0.178651452,0.426626578,15351.58578,0.007320244,480.5957525,31.0374833,5.91,0,INT : 60.00[Hz],SLOW,1,2025/6/19,15:00:23,,,,,,,,,,,,,,,,,,,,
811,2209.8586,2345.425,4029.1223,0.257427086,0.273219257,2345.425,0.178651666,0.426625345,15352.04455,0.00731976,480.5954787,31.03785723,5.91,0,INT : 60.00[Hz],SLOW,1,2025/6/19,15:00:24,,,,,,,,,,,,,,,,,,,,
812,2209.8008,2345.3789,4029.0151,0.257426684,0.273220605,2345.3789,0.17865086,0.426626193,15351.87781,0.007320711,480.595839,31.03782983,5.91,0,INT : 60.00[Hz],SLOW,1,2025/6/19,15:00:25,,,,,,,,,,,,,,,,,,,,
813,2209.679,2345.2693,4028.7844,0.257426353,0.273222546,2345.2693,0.178649888,0.42662745,15351.58039,0.007321913,480.5963149,31.03771157,5.92,0,INT : 60.00[Hz],SLOW,1,2025/6/19,15:00:26,,,,,,,,,,,,,,,,,,,,
814,2209.4885,2345.0828,4028.4946,0.257424157,0.273222043,2345.0828,0.178648415,0.426626787,15352.1863,0.007323144,480.596582,31.03846709,5.91,0,INT : 60.00[Hz],SLOW,1,2025/6/19,15:00:27,,,,,,,,,,,,,,,,,,,,
815,2209.373,2344.9514,4028.2334,0.257425939,0.273222908,2344.9514,0.17864944,0.426627633,15351.60639,0.007322375,480.5964639,31.03780124,5.9,0,INT : 60.00[Hz],SLOW,1,2025/6/19,15:00:28,,,,,,,,,,,,,,,,,,,,
816,2209.3503,2344.9277,4028.2817,0.257423237,0.273220086,2344.9277,0.178648447,0.426625333,15352.77684,0.00732278,480.5963165,31.0389846,5.93,0,INT : 60.00[Hz],SLOW,1,2025/6/19,15:00:29,,,,,,,,,,,,,,,,,,,,
817,2209.1833,2344.761,4027.9053,0.257425078,0.273223269,2344.761,0.178648655,0.426627749,15351.73641,0.007323138,480.5966893,31.03803327,5.91,0,INT : 60.00[Hz],SLOW,1,2025/6/19,15:00:30,,,,,,,,,,,,,,,,,,,,
818,2209.2261,2344.802,4028.0232,0.257424015,0.273221625,2344.802,0.178648463,0.426626484,15352.29983,0.007323029,480.5965159,31.03856032,5.93,0,INT : 60.00[Hz],SLOW,1,2025/6/19,15:00:31,,,,,,,,,,,,,,,,,,,,
819,2209.1301,2344.7012,4027.8438,0.257424113,0.273221856,2344.7012,0.178648451,0.426626655,15352.23243,0.007323079,480.5965491,31.03850247,5.91,0,INT : 60.00[Hz],SLOW,1,2025/6/19,15:00:32,,,,,,,,,,,,,,,,,,,,
820,2208.9495,2344.5193,4027.5056,0.257424087,0.273222969,2344.5193,0.178648018,0.4266274,15352.0239,0.007323657,480.596794,31.03838258,5.9,0,INT : 60.00[Hz],SLOW,1,2025/6/19,15:00:33,,,,,,,,,,,,,,,,,,,,
821,2208.9392,2344.5259,4027.4431,0.257424873,0.273225846,2344.5259,0.178647541,0.426629453,15351.28702,0.007324575,480.5972812,31.03780162,5.91,0,INT : 60.00[Hz],SLOW,1,2025/6/19,15:00:34,,,,,,,,,,,,,,,,,,,,
822,2208.8909,2344.4558,4027.3862,0.257424503,0.273223258,2344.4558,0.178648224,0.426627656,15351.87171,0.007323522,480.5967853,31.03821715,5.93,0,INT : 60.00[Hz],SLOW,1,2025/6/19,15:00:35,,,,,,,,,,,,,,,,,,,,
823,2208.5894,2344.1545,4026.8455,0.257423671,0.273224555,2344.1545,0.178647113,0.426628407,15351.81427,0.007324737,480.597208,31.03833191,5.92,0,INT : 60.00[Hz],SLOW,1,2025/6/19,15:00:36,,,,,,,,,,,,,,,,,,,,
824,2208.4653,2344.0168,4026.6011,0.257424395,0.273224626,2344.0168,0.178647634,0.426628561,15351.63294,0.007324284,480.5970994,31.0380939,5.95,0,INT : 60.00[Hz],SLOW,1,2025/6/19,15:00:37,,,,,,,,,,,,,,,,,,,,
825,2208.4905,2344.0684,4026.665,0.25742311,0.27322616,2344.0684,0.178646092,0.426629404,15351.63488,0.007325924,480.5976506,31.0383253,5.93,0,INT : 60.00[Hz],SLOW,1,2025/6/19,15:00:38,,,,,,,,,,,,,,,,,,,,
826,2208.3,2343.8611,4026.304,0.257423674,0.273226163,2343.8611,0.178646517,0.426629489,15351.50378,0.007325545,480.5975548,31.03814601,5.93,0,INT : 60.00[Hz],SLOW,1,2025/6/19,15:00:39,,,,,,,,,,,,,,,,,,,,
827,2208.3337,2343.8977,4026.3721,0.257423449,0.273226021,2343.8977,0.1786464,0.42662936,15351.58315,0.007325625,480.5975627,31.03823369,5.91,0,INT : 60.00[Hz],SLOW,1,2025/6/19,15:00:40,,,,,,,,,,,,,,,,,,,,
828,2208.353,2343.9221,4026.3623,0.257424681,0.273227786,2343.9221,0.178646675,0.426630731,15350.95727,0.007325681,480.5977331,31.0376389,5.91,0,INT : 60.00[Hz],SLOW,1,2025/6/19,15:00:41,,,,,,,,,,,,,,,,,,,,
829,2208.1851,2343.7507,4026.1064,0.25742297,0.273226763,2343.7507,0.178645762,0.426629789,15351.55113,0.007326322,480.5978049,31.03830042,5.94,0,INT : 60.00[Hz],SLOW,1,2025/6/19,15:00:42,,,,,,,,,,,,,,,,,,,,
830,2208.0095,2343.5684,4025.8052,0.257422278,0.273226504,2343.5684,0.178645335,0.426629512,15351.76125,0.00732666,480.5978674,31.0385499,5.95,0,INT : 60.00[Hz],SLOW,1,2025/6/19,15:00:43,,,,,,,,,,,,,,,,,,,,
831,2207.8979,2343.4395,4025.6245,0.257421908,0.273224893,2343.4395,0.178645655,0.426628373,15352.15767,0.007326099,480.5975826,31.038853,5.92,0,INT : 60.00[Hz],SLOW,1,2025/6/19,15:00:44,,,,,,,,,,,,,,,,,,,,
832,2207.9673,2343.5376,4025.7224,0.257422034,0.273227876,2343.5376,0.178644641,0.4266304,15351.55323,0.007327516,480.5982056,31.0384694,5.93,0,INT : 60.00[Hz],SLOW,1,2025/6/19,15:00:45,,,,,,,,,,,,,,,,,,,,
833,2207.7695,2343.3191,4025.3967,0.257421242,0.273226038,2343.3191,0.178644725,0.426629045,15352.09126,0.007327125,480.5979439,31.03893274,5.89,0,INT : 60.00[Hz],SLOW,1,2025/6/19,15:00:46,,,,,,,,,,,,,,,,,,,,
834,2207.7275,2343.2947,4025.2769,0.257421934,0.273229125,2343.2947,0.1786441,0.426631226,15351.33569,0.007328213,480.5984927,31.03835745,5.96,0,INT : 60.00[Hz],SLOW,1,2025/6/19,15:00:47,,,,,,,,,,,,,,,,,,,,
835,2207.6296,2343.1804,4025.187,0.257419586,0.273225422,2343.1804,0.178643703,0.426628385,15352.59387,0.007327934,480.5980941,31.03952975,5.95,0,INT : 60.00[Hz],SLOW,1,2025/6/19,15:00:48,,,,,,,,,,,,,,,,,,,,
836,2207.646,2343.1978,4025.1582,0.257421349,0.273227292,2343.1978,0.17864434,0.426629905,15351.82489,0.007327685,480.5981966,31.03875458,5.93,0,INT : 60.00[Hz],SLOW,1,2025/6/19,15:00:49,,,,,,,,,,,,,,,,,,,,
837,2207.6467,2343.198,4025.1885,0.257420494,0.273226321,2343.198,0.178644054,0.426629125,15352.21021,0.007327774,480.5981331,31.03913797,5.95,0,INT : 60.00[Hz],SLOW,1,2025/6/19,15:00:50,,,,,,,,,,,,,,,,,,,,
838,2207.5042,2343.0593,4024.9067,0.257420777,0.273228085,2343.0593,0.178643612,0.426630354,15351.80444,0.007328471,480.5984659,31.03884486,5.93,0,INT : 60.00[Hz],SLOW,1,2025/6/19,15:00:51,,,,,,,,,,,,,,,,,,,,
839,2207.3938,2342.949,4024.729,0.257419862,0.273227916,2342.949,0.178642984,0.426630105,15352.04894,0.007329004,480.5985859,31.03915487,5.94,0,INT : 60.00[Hz],SLOW,1,2025/6/19,15:00:52,,,,,,,,,,,,,,,,,,,,
840,2207.2815,2342.8179,4024.5151,0.257420494,0.273227199,2342.8179,0.178643728,0.426629716,15352.04088,0.007328216,480.5983227,31.03903678,5.97,0,INT : 60.00[Hz],SLOW,1,2025/6/19,15:00:53,,,,,,,,,,,,,,,,,,,,
841,2207.196,2342.7485,4024.3723,0.25741946,0.273228591,2342.7485,0.178642429,0.4266305,15352.01198,0.007329616,480.5988006,31.03920487,5.98,0,INT : 60.00[Hz],SLOW,1,2025/6/19,15:00:54,,,,,,,,,,,,,,,,,,,,
842,2207.1077,2342.645,4024.1453,0.257421735,0.273229866,2342.645,0.178643674,0.426631695,15351.23894,0.00732872,480.5986867,31.03833529,5.93,0,INT : 60.00[Hz],SLOW,1,2025/6/19,15:00:55,,,,,,,,,,,,,,,,,,,,
843,2207.1311,2342.6663,4024.283,0.257418988,0.273226538,2342.6663,0.178642836,0.426629048,15352.51741,0.007328901,480.5984375,31.03959133,5.97,0,INT : 60.00[Hz],SLOW,1,2025/6/19,15:00:56,,,,,,,,,,,,,,,,,,,,
844,2207.104,2342.6362,4024.2312,0.2574191,0.2732265,2342.6362,0.178642934,0.426629039,15352.49865,0.007328806,480.5984104,31.03956009,5.95,0,INT : 60.00[Hz],SLOW,1,2025/6/19,15:00:57,,,,,,,,,,,,,,,,,,,,
845,2207.0129,2342.5608,4024.1462,0.257416025,0.273225721,2342.5608,0.1786409,0.426628059,15353.36159,0.007330492,480.5987679,31.04062655,5.94,0,INT : 60.00[Hz],SLOW,1,2025/6/19,15:00:58,,,,,,,,,,,,,,,,,,,,
846,2206.8923,2342.4375,4023.8486,0.257418217,0.273228596,2342.4375,0.178641487,0.42663032,15352.29901,0.007330458,480.5990143,31.03959906,5.95,0,INT : 60.00[Hz],SLOW,1,2025/6/19,15:00:59,,,,,,,,,,,,,,,,,,,,
847,2206.8696,2342.4187,4023.7766,0.257418977,0.273230021,2342.4187,0.178641532,0.426631391,15351.84815,0.007330662,480.599192,31.03919351,5.96,0,INT : 60.00[Hz],SLOW,1,2025/6/19,15:01:00,,,,,,,,,,,,,,,,,,,,
848,2206.7144,2342.2529,4023.5679,0.257416779,0.273227563,2342.2529,0.178640784,0.426629411,15352.83164,0.00733091,480.599037,31.04017497,5.97,0,INT : 60.00[Hz],SLOW,1,2025/6/19,15:01:01,,,,,,,,,,,,,,,,,,,,
849,2206.6445,2342.1973,4023.4341,0.257416411,0.273229342,2342.1973,0.178639845,0.426630554,15352.5738,0.007332054,480.5994843,31.0400869,5.95,0,INT : 60.00[Hz],SLOW,1,2025/6/19,15:01:02,,,,,,,,,,,,,,,,,,,,
850,2206.6492,2342.166,4023.4187,0.257418221,0.273227029,2342.166,0.178642073,0.426629265,15352.60042,0.007329666,480.5986749,31.03977842,5.95,0,INT : 60.00[Hz],SLOW,1,2025/6/19,15:01:03,,,,,,,,,,,,,,,,,,,,
851,2206.4961,2342.0361,4023.1836,0.257415919,0.273228389,2342.0361,0.178639827,0.42662984,15352.87163,0.007331907,480.5993627,31.04035304,5.97,0,INT : 60.00[Hz],SLOW,1,2025/6/19,15:01:04,,,,,,,,,,,,,,,,,,,,
852,2206.4785,2342.0315,4023.1274,0.25741622,0.273230352,2342.0315,0.178639325,0.426631206,15352.42337,0.007332692,480.5997352,31.04003134,5.97,0,INT : 60.00[Hz],SLOW,1,2025/6/19,15:01:05,,,,,,,,,,,,,,,,,,,,
853,2206.4028,2341.9351,4023.0383,0.257415233,0.273227431,2341.9351,0.178639664,0.426629093,15353.21545,0.007331889,480.5992731,31.04068137,5.95,0,INT : 60.00[Hz],SLOW,1,2025/6/19,15:01:06,,,,,,,,,,,,,,,,,,,,
854,2206.3362,2341.8503,4023.0017,0.257413109,0.27322353,2341.8503,0.178639509,0.426626153,15354.46023,0.00733136,480.5987936,31.04180543,5.94,0,INT : 60.00[Hz],SLOW,1,2025/6/19,15:01:07,,,,,,,,,,,,,,,,,,,,
855,2206.259,2341.7764,4022.8635,0.25741279,0.273224131,2341.7764,0.178639045,0.42662651,15354.4183,0.007331878,480.5989778,31.04183751,5.95,0,INT : 60.00[Hz],SLOW,1,2025/6/19,15:01:08,,,,,,,,,,,,,,,,,,,,
856,2206.1113,2341.6179,4022.5933,0.257412869,0.273224012,2341.6179,0.178639149,0.426626442,15354.42292,0.007331765,480.5989388,31.0418262,5.96,0,INT : 60.00[Hz],SLOW,1,2025/6/19,15:01:09,,,,,,,,,,,,,,,,,,,,
857,2206.1545,2341.6646,4022.7163,0.257411515,0.273222674,2341.6646,0.178638623,0.42662534,15354.99495,0.007332006,480.5988812,31.04241043,5.98,0,INT : 60.00[Hz],SLOW,1,2025/6/19,15:01:10,,,,,,,,,,,,,,,,,,,,
858,2206.0959,2341.6094,4022.5984,0.257411636,0.27322362,2341.6094,0.178638363,0.426625995,15354.78429,0.0073324,480.5990648,31.04226286,5.94,0,INT : 60.00[Hz],SLOW,1,2025/6/19,15:01:11,,,,,,,,,,,,,,,,,,,,
859,2206.0571,2341.5862,4022.5144,0.257411494,0.273225567,2341.5862,0.178637531,0.426627285,15354.44152,0.007333477,480.5995099,31.04208368,5.98,0,INT : 60.00[Hz],SLOW,1,2025/6/19,15:01:12,,,,,,,,,,,,,,,,,,,,
860,2205.8799,2341.4031,4022.1736,0.257411876,0.273226554,2341.4031,0.178637453,0.426628006,15354.16263,0.007333716,480.5996579,31.04184873,5.95,0,INT : 60.00[Hz],SLOW,1,2025/6/19,15:01:13,,,,,,,,,,,,,,,,,,,,
861,2205.7751,2341.2791,4021.9934,0.257411932,0.273225125,2341.2791,0.178638027,0.426627052,15354.42538,0.007332958,480.5993394,31.04199554,5.98,0,INT : 60.00[Hz],SLOW,1,2025/6/19,15:01:14,,,,,,,,,,,,,,,,,,,,
862,2205.6968,2341.228,4021.7175,0.25741497,0.273232085,2341.228,0.178637735,0.426632187,15352.37885,0.00733441,480.6003237,31.04022886,5.96,0,INT : 60.00[Hz],SLOW,1,2025/6/19,15:01:15,,,,,,,,,,,,,,,,,,,,
863,2205.6377,2341.1528,4021.718,0.257412092,0.273227575,2341.1528,0.178637237,0.426628725,15353.91562,0.007334084,480.5998415,31.04166249,5.93,0,INT : 60.00[Hz],SLOW,1,2025/6/19,15:01:16,,,,,,,,,,,,,,,,,,,,
864,2205.6228,2341.1504,4021.7688,0.257409347,0.273226227,2341.1504,0.178635663,0.426627411,15354.81211,0.007335261,480.6000197,31.04268992,5.97,0,INT : 60.00[Hz],SLOW,1,2025/6/19,15:01:17,,,,,,,,,,,,,,,,,,,,
865,2205.5298,2341.0557,4021.5308,0.257411282,0.273228749,2341.0557,0.178636188,0.426629396,15353.87698,0.007335223,480.6002338,31.04178468,5.96,0,INT : 60.00[Hz],SLOW,1,2025/6/19,15:01:18,,,,,,,,,,,,,,,,,,,,
866,2205.4111,2340.916,4021.2964,0.257412233,0.273228159,2340.916,0.178637126,0.42662914,15353.77018,0.007334283,480.5999436,31.04155033,6,2:Δt out of range,INT : 60.00[Hz],SLOW,1,2025/6/19,15:01:19,,,,,,,,,,,,,,,,,,,,
867,2205.3047,2340.8042,4021.1013,0.257412232,0.273228291,2340.8042,0.178637076,0.426629228,15353.74516,0.00733435,480.5999722,31.04153563,5.99,0,INT : 60.00[Hz],SLOW,1,2025/6/19,15:01:20,,,,,,,,,,,,,,,,,,,,
868,2205.3025,2340.8,4021.1016,0.257412159,0.273227995,2340.8,0.178637131,0.426629018,15353.81924,0.007334251,480.5999209,31.04159304,5.99,0,INT : 60.00[Hz],SLOW,1,2025/6/19,15:01:21,,,,,,,,,,,,,,,,,,,,
869,2205.1365,2340.6292,4020.8933,0.25740916,0.273225443,2340.6292,0.178635813,0.426626856,15355.00658,0.007334992,480.5998823,31.04283947,5.98,0,INT : 60.00[Hz],SLOW,1,2025/6/19,15:01:22,,,,,,,,,,,,,,,,,,,,
870,2205.1064,2340.6108,4020.8455,0.25740854,0.273226367,2340.6108,0.178635001,0.426627386,15354.97214,0.007335876,480.6001879,31.04293007,5.99,0,INT : 60.00[Hz],SLOW,1,2025/6/19,15:01:23,,,,,,,,,,,,,,,,,,,,
871,2205.0061,2340.5266,4020.561,0.257410925,0.273231496,2340.5266,0.178634896,0.426631192,15353.4299,0.007336848,480.6008885,31.04158174,6.02,2:Δt out of range,INT : 60.00[Hz],SLOW,1,2025/6/19,15:01:24,,,,,,,,,,,,,,,,,,,,
872,2204.9333,2340.4373,4020.4746,0.257409893,0.273228998,2340.4373,0.178635045,0.426629358,15354.15086,0.007336287,480.600525,31.04219712,6,2:Δt out of range,INT : 60.00[Hz],SLOW,1,2025/6/19,15:01:25,,,,,,,,,,,,,,,,,,,,
873,2204.8611,2340.3689,4020.3716,0.257408785,0.273228783,2340.3689,0.178634287,0.426629049,15354.44928,0.007336928,480.6006682,31.04257403,5.98,0,INT : 60.00[Hz],SLOW,1,2025/6/19,15:01:26,,,,,,,,,,,,,,,,,,,,
874,2204.7336,2340.2351,4020.1948,0.257407065,0.273227137,2340.2351,0.1786336,0.426627686,15355.16547,0.007337261,480.6006067,31.04330992,5.99,0,INT : 60.00[Hz],SLOW,1,2025/6/19,15:01:27,,,,,,,,,,,,,,,,,,,,
875,2204.634,2340.1189,4020.0198,0.257407181,0.273226037,2340.1189,0.178634097,0.426626963,15355.3508,0.007336628,480.6003491,31.04339975,5.99,0,INT : 60.00[Hz],SLOW,1,2025/6/19,15:01:28,,,,,,,,,,,,,,,,,,,,
876,2204.6687,2340.1592,4020.0449,0.257408224,0.273227549,2340.1592,0.178634323,0.426628135,15354.8173,0.007336685,480.6004974,31.04289424,5.98,0,INT : 60.00[Hz],SLOW,1,2025/6/19,15:01:29,,,,,,,,,,,,,,,,,,,,
877,2204.4802,2339.9846,4019.6282,0.257409652,0.27323204,2339.9846,0.178633732,0.42663137,15353.62003,0.007337982,480.6012236,31.0419234,5.99,0,INT : 60.00[Hz],SLOW,1,2025/6/19,15:01:30,,,,,,,,,,,,,,,,,,,,
878,2204.3931,2339.8982,4019.4697,0.257409461,0.273232544,2339.8982,0.1786334,0.426631681,15353.56727,0.007338365,480.6013652,31.04192622,5.98,0,INT : 60.00[Hz],SLOW,1,2025/6/19,15:01:31,,,,,,,,,,,,,,,,,,,,
879,2204.334,2339.8472,4019.3936,0.257408156,0.273232529,2339.8472,0.178632419,0.426631478,15353.87241,0.007339239,480.6015852,31.04234228,5.96,0,INT : 60.00[Hz],SLOW,1,2025/6/19,15:01:32,,,,,,,,,,,,,,,,,,,,
880,2204.343,2339.8689,4019.3176,0.257410569,0.273236508,2339.8689,0.178632763,0.426634514,15352.54577,0.007339612,480.6020325,31.04111749,5.99,0,INT : 60.00[Hz],SLOW,1,2025/6/19,15:01:33,,,,,,,,,,,,,,,,,,,,
881,2204.1458,2339.6426,4018.9978,0.257409884,0.273233799,2339.6426,0.178633253,0.426632588,15353.22715,0.007338711,480.6015641,31.04164726,5.98,0,INT : 60.00[Hz],SLOW,1,2025/6/19,15:01:34,,,,,,,,,,,,,,,,,,,,
882,2204.0508,2339.5491,4018.9053,0.257407236,0.273231846,2339.5491,0.178631978,0.426630882,15354.21741,0.007339517,480.6015949,31.04271319,5.96,0,INT : 60.00[Hz],SLOW,1,2025/6/19,15:01:35,,,,,,,,,,,,,,,,,,,,
883,2204.0488,2339.5603,4018.8301,0.257408987,0.27323526,2339.5603,0.178632031,0.426633439,15353.15317,0.007340053,480.6020333,31.04176384,5.98,0,INT : 60.00[Hz],SLOW,1,2025/6/19,15:01:36,,,,,,,,,,,,,,,,,,,,
884,2203.9719,2339.4829,4018.7102,0.257408249,0.27323497,2339.4829,0.178631581,0.426633135,15353.38004,0.007340406,480.6020969,31.04203162,6.02,2:Δt out of range,INT : 60.00[Hz],SLOW,1,2025/6/19,15:01:37,,,,,,,,,,,,,,,,,,,,
885,2204.0066,2339.5273,4018.8191,0.25740665,0.273234157,2339.5273,0.178630675,0.426632351,15353.90765,0.007341077,480.6021946,31.04263338,5.94,0,INT : 60.00[Hz],SLOW,1,2025/6/19,15:01:38,,,,,,,,,,,,,,,,,,,,
886,2203.8928,2339.4153,4018.6357,0.257405661,0.273234134,2339.4153,0.178629936,0.426632189,15354.14127,0.007341734,480.6023589,31.04295021,5.97,0,INT : 60.00[Hz],SLOW,1,2025/6/19,15:01:39,,,,,,,,,,,,,,,,,,,,
887,2203.8689,2339.3931,4018.5864,0.257405737,0.273234586,2339.3931,0.178629826,0.426632504,15354.03639,0.007341909,480.6024434,31.04287384,6,2:Δt out of range,INT : 60.00[Hz],SLOW,1,2025/6/19,15:01:40,,,,,,,,,,,,,,,,,,,,
888,2203.8733,2339.394,4018.5649,0.257406738,0.273235208,2339.394,0.178630351,0.426633071,15353.6844,0.007341546,480.6024066,31.0424842,5.97,0,INT : 60.00[Hz],SLOW,1,2025/6/19,15:01:41,,,,,,,,,,,,,,,,,,,,
889,2203.7119,2339.2151,4018.3689,0.257404011,0.273231427,2339.2151,0.178629695,0.426630123,15355.04585,0.007341486,480.6020563,31.04378615,5.99,0,INT : 60.00[Hz],SLOW,1,2025/6/19,15:01:42,,,,,,,,,,,,,,,,,,,,
890,2203.6675,2339.1819,4018.2212,0.257405598,0.27323474,2339.1819,0.178629663,0.426632588,15354.03882,0.007342081,480.6025006,31.0429002,6,2:Δt out of range,INT : 60.00[Hz],SLOW,1,2025/6/19,15:01:43,,,,,,,,,,,,,,,,,,,,
891,2203.5718,2339.0959,4017.9961,0.257406651,0.273237678,2339.0959,0.178629366,0.426634721,15353.22815,0.007342849,480.6029554,31.04222734,5.97,0,INT : 60.00[Hz],SLOW,1,2025/6/19,15:01:44,,,,,,,,,,,,,,,,,,,,
892,2203.5117,2339.0396,4017.8042,0.257408901,0.273240942,2339.0396,0.178629853,0.426637252,15352.0774,0.007342972,480.6032759,31.04113672,5.97,0,INT : 60.00[Hz],SLOW,1,2025/6/19,15:01:45,,,,,,,,,,,,,,,,,,,,
893,2203.5459,2339.0754,4017.98,0.257405505,0.273237278,2339.0754,0.178628649,0.426634283,15353.5709,0.007343422,480.6030651,31.04263751,5.98,0,INT : 60.00[Hz],SLOW,1,2025/6/19,15:01:46,,,,,,,,,,,,,,,,,,,,
894,2203.3215,2338.8315,4017.5879,0.257405163,0.273236249,2338.8315,0.178628773,0.426633539,15353.84862,0.007343136,480.6029012,31.0428647,6.03,2:Δt out of range,INT : 60.00[Hz],SLOW,1,2025/6/19,15:01:47,,,,,,,,,,,,,,,,,,,,
895,2203.2266,2338.7305,4017.4963,0.257402722,0.273233627,2338.7305,0.178627902,0.426631413,15354.92029,0.007343465,480.6027521,31.04394227,6,2:Δt out of range,INT : 60.00[Hz],SLOW,1,2025/6/19,15:01:48,,,,,,,,,,,,,,,,,,,,
896,2203.198,2338.7058,4017.4644,0.257401942,0.273233461,2338.7058,0.178627375,0.426631186,15355.13292,0.007343908,480.6028496,31.04420891,5.99,0,INT : 60.00[Hz],SLOW,1,2025/6/19,15:01:49,,,,,,,,,,,,,,,,,,,,
897,2203.1145,2338.6289,4017.2449,0.257403612,0.273236604,2338.6289,0.178627468,0.426633549,15354.13971,0.007344363,480.6032433,31.04331661,6,2:Δt out of range,INT : 60.00[Hz],SLOW,1,2025/6/19,15:01:50,,,,,,,,,,,,,,,,,,,,
898,2203.1284,2338.6641,4017.2468,0.257403702,0.273239089,2338.6641,0.178626612,0.426635235,15353.6396,0.007345553,480.6037647,31.04300177,6.02,2:Δt out of range,INT : 60.00[Hz],SLOW,1,2025/6/19,15:01:51,,,,,,,,,,,,,,,,,,,,
899,2202.9224,2338.4294,4016.9036,0.257403209,0.273236693,2338.4294,0.17862713,0.426633548,15354.2161,0.00734468,480.6033312,31.04343447,6.01,2:Δt out of range,INT : 60.00[Hz],SLOW,1,2025/6/19,15:01:52,,,,,,,,,,,,,,,,,,,,
900,2202.9573,2338.4585,4017.0078,0.257402228,0.273234723,2338.4585,0.178627121,0.426632077,15354.82343,0.007344351,480.6030734,31.04397297,6.03,2:Δt out of range,INT : 60.00[Hz],SLOW,1,2025/6/19,15:01:53,,,,,,,,,,,,,,,,,,,,
901,2202.7366,2338.2708,4016.6089,0.25740072,0.273238565,2338.2708,0.178624553,0.426634441,15354.43163,0.007347304,480.6041615,31.04400924,6.04,2:Δt out of range,INT : 60.00[Hz],SLOW,1,2025/6/19,15:01:54,,,,,,,,,,,,,,,,,,,,
902,2202.7664,2338.2974,4016.5896,0.257403087,0.273240489,2338.2974,0.178625627,0.426636086,15353.51213,0.007346674,480.6041725,31.04303592,6.01,2:Δt out of range,INT : 60.00[Hz],SLOW,1,2025/6/19,15:01:55,,,,,,,,,,,,,,,,,,,,
903,2202.6475,2338.1475,4016.4683,0.257400926,0.273235428,2338.1475,0.178625875,0.426632359,15354.98906,0.007345585,480.6034483,31.04430517,6,2:Δt out of range,INT : 60.00[Hz],SLOW,1,2025/6/19,15:01:56,,,,,,,,,,,,,,,,,,,,
904,2202.5181,2338.0061,4016.2693,0.257399936,0.273233905,2338.0061,0.178625693,0.426631187,15355.51246,0.007345488,480.6032885,31.04479519,6.01,2:Δt out of range,INT : 60.00[Hz],SLOW,1,2025/6/19,15:01:57,,,,,,,,,,,,,,,,,,,,
905,2202.4189,2337.9021,4016.1416,0.257398297,0.273232317,2337.9021,0.178625045,0.426629875,15356.19884,0.007345796,480.6032257,31.04549885,6.01,2:Δt out of range,INT : 60.00[Hz],SLOW,1,2025/6/19,15:01:58,,,,,,,,,,,,,,,,,,,,
906,2202.4492,2337.9441,4016.1279,0.257400075,0.273235354,2337.9441,0.17862526,0.426632183,15355.20061,0.007346123,480.6035779,31.04458407,6.03,2:Δt out of range,INT : 60.00[Hz],SLOW,1,2025/6/19,15:01:59,,,,,,,,,,,,,,,,,,,,
907,2202.4016,2337.9033,4016.0339,0.257399999,0.27323641,2337.9033,0.178624809,0.426632883,15355.01445,0.007346707,480.6038192,31.04448654,6.01,2:Δt out of range,INT : 60.00[Hz],SLOW,1,2025/6/19,15:02:00,,,,,,,,,,,,,,,,,,,,
908,2202.2637,2337.7849,4015.7461,0.257400251,0.273239948,2337.7849,0.178623684,0.426635302,15354.27377,0.007348318,480.6045407,31.04399919,6.03,2:Δt out of range,INT : 60.00[Hz],SLOW,1,2025/6/19,15:02:01,,,,,,,,,,,,,,,,,,,,
909,2202.3962,2337.8914,4016.0833,0.257398402,0.273233995,2337.8914,0.178624501,0.426631021,15355.85066,0.007346569,480.6035702,31.04527206,6.03,2:Δt out of range,INT : 60.00[Hz],SLOW,1,2025/6/19,15:02:02,,,,,,,,,,,,,,,,,,,,
910,2202.2168,2337.7122,4015.7322,0.257398785,0.273235714,2337.7122,0.17862415,0.426632235,15355.43011,0.007347177,480.6038764,31.04495235,6.03,2:Δt out of range,INT : 60.00[Hz],SLOW,1,2025/6/19,15:02:03,,,,,,,,,,,,,,,,,,,,
911,2202.1018,2337.5881,4015.6008,0.25739649,0.273233042,2337.5881,0.17862341,0.426630096,15356.4778,0.007347382,480.6036913,31.04598925,6.03,2:Δt out of range,INT : 60.00[Hz],SLOW,1,2025/6/19,15:02:04,,,,,,,,,,,,,,,,,,,,
912,2202.2537,2337.7808,4015.8191,0.25739731,0.273237588,2337.7808,0.178622338,0.426633278,15355.4107,0.007349117,480.6045336,31.04520527,6.03,2:Δt out of range,INT : 60.00[Hz],SLOW,1,2025/6/19,15:02:05,,,,,,,,,,,,,,,,,,,,
913,2202.0649,2337.5815,4015.4692,0.257397445,0.273237863,2337.5815,0.178622339,0.426633483,15355.32631,0.007349164,480.6045698,31.04513059,6.03,2:Δt out of range,INT : 60.00[Hz],SLOW,1,2025/6/19,15:02:06,,,,,,,,,,,,,,,,,,,,
914,2202.021,2337.5249,4015.387,0.257397811,0.273237082,2337.5249,0.178622905,0.426633011,15355.39222,0.007348524,480.6043385,31.04510442,6.07,2:Δt out of range,INT : 60.00[Hz],SLOW,1,2025/6/19,15:02:07,,,,,,,,,,,,,,,,,,,,
915,2202.0161,2337.5171,4015.3547,0.257398592,0.273237607,2337.5171,0.1786233,0.426633481,15355.10976,0.00734826,480.6043185,31.04479573,6.04,2:Δt out of range,INT : 60.00[Hz],SLOW,1,2025/6/19,15:02:08,,,,,,,,,,,,,,,,,,,,
916,2201.8889,2337.4138,4015.1589,0.25739655,0.273239148,2337.4138,0.178621184,0.426634216,15355.28593,0.007350417,480.6050008,31.04526706,6,2:Δt out of range,INT : 60.00[Hz],SLOW,1,2025/6/19,15:02:09,,,,,,,,,,,,,,,,,,,,
917,2201.8523,2337.3743,4015.0471,0.257397925,0.273240532,2337.3743,0.178621708,0.426635351,15354.70012,0.007350184,480.6050647,31.0446707,6.02,2:Δt out of range,INT : 60.00[Hz],SLOW,1,2025/6/19,15:02:10,,,,,,,,,,,,,,,,,,,,
918,2201.6531,2337.1582,4014.7424,0.257396303,0.273238268,2337.1582,0.178621324,0.426633587,15355.51284,0.00735014,480.6048528,31.04544676,6.03,2:Δt out of range,INT : 60.00[Hz],SLOW,1,2025/6/19,15:02:11,,,,,,,,,,,,,,,,,,,,
919,2201.5632,2337.063,4014.6479,0.257394207,0.27323607,2337.063,0.178620557,0.426631797,15356.42297,0.00735045,480.6047363,31.04636597,6.05,2:Δt out of range,INT : 60.00[Hz],SLOW,1,2025/6/19,15:02:12,,,,,,,,,,,,,,,,,,,,
920,2201.418,2336.9387,4014.3169,0.257395302,0.273240721,2336.9387,0.178619655,0.42663509,15355.27185,0.007352052,480.6055541,31.04548241,6.03,2:Δt out of range,INT : 60.00[Hz],SLOW,1,2025/6/19,15:02:13,,,,,,,,,,,,,,,,,,,,
921,2201.4358,2336.9465,4014.4275,0.257393284,0.273237282,2336.9465,0.178619409,0.426632476,15356.40309,0.007351684,480.6051559,31.04651954,6.07,2:Δt out of range,INT : 60.00[Hz],SLOW,1,2025/6/19,15:02:14,,,,,,,,,,,,,,,,,,,,
922,2201.4961,2337.0254,4014.4641,0.257395043,0.27324089,2337.0254,0.178619397,0.426635166,15355.29899,0.007352312,480.6056348,31.04554488,6.06,2:Δt out of range,INT : 60.00[Hz],SLOW,1,2025/6/19,15:02:15,,,,,,,,,,,,,,,,,,,,
923,2201.4128,2336.9358,4014.3662,0.257393454,0.273239066,2336.9358,0.178618874,0.426633702,15356.01954,0.007352468,480.6055124,31.04626012,6.05,2:Δt out of range,INT : 60.00[Hz],SLOW,1,2025/6/19,15:02:16,,,,,,,,,,,,,,,,,,,,
924,2201.3601,2336.8958,4014.2646,0.257393139,0.273240596,2336.8958,0.178618067,0.426634686,15355.79712,0.007353451,480.6058969,31.04618368,6.07,2:Δt out of range,INT : 60.00[Hz],SLOW,1,2025/6/19,15:02:17,,,,,,,,,,,,,,,,,,,,
925,2201.3977,2336.9187,4014.3018,0.257394595,0.273240152,2336.9187,0.178619333,0.426634602,15355.54523,0.007352243,480.605552,31.04577226,6.05,2:Δt out of range,INT : 60.00[Hz],SLOW,1,2025/6/19,15:02:18,,,,,,,,,,,,,,,,,,,,
926,2201.2549,2336.7639,4014.1233,0.257392227,0.273237263,2336.7639,0.178618617,0.426632307,15356.6517,0.007352389,480.6053326,31.04685743,6.06,2:Δt out of range,INT : 60.00[Hz],SLOW,1,2025/6/19,15:02:19,,,,,,,,,,,,,,,,,,,,
927,2201.2292,2336.7502,4014.0264,0.257393324,0.273240016,2336.7502,0.178618423,0.426634322,15355.86625,0.007353034,480.6057399,31.04619183,6.09,2:Δt out of range,INT : 60.00[Hz],SLOW,1,2025/6/19,15:02:20,,,,,,,,,,,,,,,,,,,,
928,2201.0339,2336.5518,4013.7034,0.257392058,0.273239715,2336.5518,0.178617577,0.426633933,15356.21769,0.007353738,480.6058915,31.04662862,6.07,2:Δt out of range,INT : 60.00[Hz],SLOW,1,2025/6/19,15:02:21,,,,,,,,,,,,,,,,,,,,
929,2200.9597,2336.4827,4013.5732,0.257391613,0.273240374,2336.4827,0.178616996,0.42663431,15356.19375,0.00735437,480.6061098,31.04669407,6.06,2:Δt out of range,INT : 60.00[Hz],SLOW,1,2025/6/19,15:02:22,,,,,,,,,,,,,,,,,,,,
930,2200.873,2336.3953,4013.3894,0.257392247,0.273241589,2336.3953,0.178617023,0.426635222,15355.81231,0.007354554,480.6062641,31.04635269,6.07,2:Δt out of range,INT : 60.00[Hz],SLOW,1,2025/6/19,15:02:23,,,,,,,,,,,,,,,,,,,,
931,2200.658,2336.147,4013.0918,0.257390007,0.273236865,2336.147,0.178617087,0.42663171,15357.24302,0.007353689,480.6056262,31.04760836,6.03,2:Δt out of range,INT : 60.00[Hz],SLOW,1,2025/6/19,15:02:24,,,,,,,,,,,,,,,,,,,,
932,2200.5554,2336.0771,4012.8555,0.257390314,0.273241754,2336.0771,0.178615501,0.426635047,15356.22862,0.007355944,480.6066304,31.04694784,6.06,2:Δt out of range,INT : 60.00[Hz],SLOW,1,2025/6/19,15:02:25,,,,,,,,,,,,,,,,,,,,
933,2200.6128,2336.1401,4013.0007,0.257389032,0.273240635,2336.1401,0.178614948,0.426634104,15356.7419,0.007356246,480.6066076,31.04748414,6.06,2:Δt out of range,INT : 60.00[Hz],SLOW,1,2025/6/19,15:02:26,,,,,,,,,,,,,,,,,,,,
934,2200.5532,2336.0625,4012.8921,0.25738946,0.273239414,2336.0625,0.178615726,0.426633345,15356.87804,0.007355342,480.6062705,31.04748853,6.07,2:Δt out of range,INT : 60.00[Hz],SLOW,1,2025/6/19,15:02:27,,,,,,,,,,,,,,,,,,,,
935,2200.5005,2336.0225,4012.7952,0.257389004,0.273240795,2336.0225,0.178614868,0.426634207,15356.71731,0.007356345,480.6066469,31.04747435,6.05,2:Δt out of range,INT : 60.00[Hz],SLOW,1,2025/6/19,15:02:28,,,,,,,,,,,,,,,,,,,,
936,2200.4856,2336.0217,4012.759,0.257388824,0.27324236,2336.0217,0.178614149,0.426635234,15356.45713,0.007357255,480.607016,31.04735135,6.08,2:Δt out of range,INT : 60.00[Hz],SLOW,1,2025/6/19,15:02:29,,,,,,,,,,,,,,,,,,,,
937,2200.4392,2335.9626,4012.5837,0.257391851,0.273244422,2335.9626,0.178615671,0.42663707,15355.35779,0.007356248,480.606944,31.04615237,6.1,2:Δt out of range,INT : 60.00[Hz],SLOW,1,2025/6/19,15:02:30,,,,,,,,,,,,,,,,,,,,
938,2200.2998,2335.8276,4012.373,0.25739015,0.273244135,2335.8276,0.178614491,0.426636626,15355.80729,0.007357253,480.6071729,31.04672567,6.04,2:Δt out of range,INT : 60.00[Hz],SLOW,1,2025/6/19,15:02:31,,,,,,,,,,,,,,,,,,,,
939,2200.1064,2335.6499,4011.9609,0.257391108,0.273248383,2335.6499,0.178613636,0.426639627,15354.76598,0.007358744,480.6079271,31.04593215,6.06,2:Δt out of range,INT : 60.00[Hz],SLOW,1,2025/6/19,15:02:32,,,,,,,,,,,,,,,,,,,,
940,2200.2412,2335.7871,4012.2632,0.257389585,0.273246075,2335.7871,0.178613343,0.426637848,15355.56412,0.007358612,480.6076888,31.0466818,6.09,2:Δt out of range,INT : 60.00[Hz],SLOW,1,2025/6/19,15:02:33,,,,,,,,,,,,,,,,,,,,
941,2200.2019,2335.7476,4012.2014,0.257389221,0.273245948,2335.7476,0.178613115,0.426637709,15355.67288,0.007358794,480.6077237,31.04681199,6.04,2:Δt out of range,INT : 60.00[Hz],SLOW,1,2025/6/19,15:02:34,,,,,,,,,,,,,,,,,,,,
942,2199.9871,2335.5303,4011.7905,0.257389476,0.273247475,2335.5303,0.17861274,0.426638774,15355.31935,0.00735939,480.6080099,31.04655519,6.07,2:Δt out of range,INT : 60.00[Hz],SLOW,1,2025/6/19,15:02:35,,,,,,,,,,,,,,,,,,,,
943,2199.9829,2335.5264,4011.8,0.257388942,0.273246974,2335.5264,0.178612523,0.426638358,15355.53967,0.007359499,480.6079929,31.0467824,6.08,2:Δt out of range,INT : 60.00[Hz],SLOW,1,2025/6/19,15:02:36,,,,,,,,,,,,,,,,,,,,
944,2199.8555,2335.397,4011.4832,0.25739131,0.273250172,2335.397,0.178613124,0.426640861,15354.37396,0.007359508,480.6082792,31.04566177,6.07,2:Δt out of range,INT : 60.00[Hz],SLOW,1,2025/6/19,15:02:37,,,,,,,,,,,,,,,,,,,,
945,2199.8477,2335.4033,4011.512,0.257389575,0.273250036,2335.4033,0.178611863,0.426640513,15354.80219,0.007360613,480.6085465,31.04622851,6.07,2:Δt out of range,INT : 60.00[Hz],SLOW,1,2025/6/19,15:02:38,,,,,,,,,,,,,,,,,,,,
946,2199.7917,2335.3521,4011.4348,0.257388577,0.273249941,2335.3521,0.178611143,0.426640301,15355.05205,0.00736124,480.6086968,31.0465568,6.07,2:Δt out of range,INT : 60.00[Hz],SLOW,1,2025/6/19,15:02:39,,,,,,,,,,,,,,,,,,,,
947,2199.7234,2335.2761,4011.3281,0.257388144,0.273249074,2335.2761,0.178611139,0.426639653,15355.3196,0.007361095,480.6085832,31.04679409,6.07,2:Δt out of range,INT : 60.00[Hz],SLOW,1,2025/6/19,15:02:40,,,,,,,,,,,,,,,,,,,,
948,2199.7302,2335.2761,4011.3794,0.25738719,0.273247216,2335.2761,0.178611108,0.426638262,15355.89909,0.007360805,480.6083449,31.04731115,6.07,2:Δt out of range,INT : 60.00[Hz],SLOW,1,2025/6/19,15:02:41,,,,,,,,,,,,,,,,,,,,
949,2199.6006,2335.1445,4011.189,0.257385626,0.273246256,2335.1445,0.178610283,0.426637384,15356.44671,0.007361379,480.6084048,31.04791847,6.09,2:Δt out of range,INT : 60.00[Hz],SLOW,1,2025/6/19,15:02:42,,,,,,,,,,,,,,,,,,,,
950,2199.6653,2335.2156,4011.2896,0.257386077,0.273247017,2335.2156,0.178610341,0.426637963,15356.19534,0.007361457,480.6084922,31.04768754,6.08,2:Δt out of range,INT : 60.00[Hz],SLOW,1,2025/6/19,15:02:43,,,,,,,,,,,,,,,,,,,,
951,2199.5481,2335.1182,4011.0479,0.257386106,0.27325021,2335.1182,0.178609176,0.426640116,15355.57283,0.007363045,480.6091773,31.0473107,6.06,2:Δt out of range,INT : 60.00[Hz],SLOW,1,2025/6/19,15:02:44,,,,,,,,,,,,,,,,,,,,
952,2199.5574,2335.1099,4011.0596,0.257386812,0.273248833,2335.1099,0.178610221,0.426639294,15355.67493,0.007361875,480.608759,31.04724514,6.1,2:Δt out of range,INT : 60.00[Hz],SLOW,1,2025/6/19,15:02:45,,,,,,,,,,,,,,,,,,,,
953,2199.5491,2335.1042,4011.0869,0.25738544,0.27324774,2335.1042,0.17860959,0.426638355,15356.20361,0.007362252,480.6087575,31.04780675,6.07,2:Δt out of range,INT : 60.00[Hz],SLOW,1,2025/6/19,15:02:46,,,,,,,,,,,,,,,,,,,,
954,2199.4236,2334.9863,4010.8127,0.257386344,0.273250494,2334.9863,0.17860925,0.426640343,15355.46289,0.007363028,480.6091981,31.04720245,6.07,2:Δt out of range,INT : 60.00[Hz],SLOW,1,2025/6/19,15:02:47,,,,,,,,,,,,,,,,,,,,
955,2199.4111,2334.9858,4010.8237,0.257384941,0.2732505,2334.9858,0.178608187,0.426640139,15355.78693,0.007363978,480.6094391,31.04764739,6.07,2:Δt out of range,INT : 60.00[Hz],SLOW,1,2025/6/19,15:02:48,,,,,,,,,,,,,,,,,,,,
956,2199.3162,2334.8669,4010.6328,0.257386025,0.273249527,2334.8669,0.178609369,0.426639644,15355.72337,0.007362755,480.6090434,31.04741507,6.11,2:Δt out of range,INT : 60.00[Hz],SLOW,1,2025/6/19,15:02:49,,,,,,,,,,,,,,,,,,,,
957,2199.4072,2334.991,4010.7354,0.257387105,0.27325389,2334.991,0.178608562,0.426642742,15354.63138,0.007364223,480.6098019,31.04656937,6.07,2:Δt out of range,INT : 60.00[Hz],SLOW,1,2025/6/19,15:02:50,,,,,,,,,,,,,,,,,,,,
958,2199.3057,2334.8914,4010.6038,0.257385248,0.273252874,2334.8914,0.178607537,0.426641783,15355.25787,0.007364966,480.6098996,31.0472764,6.1,2:Δt out of range,INT : 60.00[Hz],SLOW,1,2025/6/19,15:02:51,,,,,,,,,,,,,,,,,,,,
959,2199.2261,2334.8101,4010.4814,0.257384466,0.273252419,2334.8101,0.178607115,0.42664136,15355.52689,0.007365265,480.609935,31.04757727,6.1,2:Δt out of range,INT : 60.00[Hz],SLOW,1,2025/6/19,15:02:52,,,,,,,,,,,,,,,,,,,,
960,2199.2522,2334.8611,4010.489,0.257384969,0.273255679,2334.8611,0.178606283,0.426643629,15354.78149,0.007366567,480.6105536,31.04704192,6.08,2:Δt out of range,INT : 60.00[Hz],SLOW,1,2025/6/19,15:02:53,,,,,,,,,,,,,,,,,,,,
961,2199.1746,2334.7654,4010.3525,0.257385219,0.273254386,2334.7654,0.178606953,0.426642796,15354.97283,0.007365747,480.6102314,31.04711133,6.08,2:Δt out of range,INT : 60.00[Hz],SLOW,1,2025/6/19,15:02:54,,,,,,,,,,,,,,,,,,,,
962,2199.1675,2334.7744,4010.3,0.257385913,0.273257057,2334.7744,0.178606484,0.426644697,15354.29692,0.007366623,480.6106903,31.04658337,6.08,2:Δt out of range,INT : 60.00[Hz],SLOW,1,2025/6/19,15:02:55,,,,,,,,,,,,,,,,,,,,
963,2199.054,2334.6614,4010.1858,0.257382892,0.273254728,2334.6614,0.178605066,0.426642682,15355.44622,0.007367492,480.6107033,31.04781128,6.09,2:Δt out of range,INT : 60.00[Hz],SLOW,1,2025/6/19,15:02:56,,,,,,,,,,,,,,,,,,,,
964,2199.0913,2334.7236,4010.291,0.257381091,0.273255461,2334.7236,0.178603432,0.426642909,15355.72216,0.007369078,480.6111697,31.04829891,6.11,2:Δt out of range,INT : 60.00[Hz],SLOW,1,2025/6/19,15:02:57,,,,,,,,,,,,,,,,,,,,
965,2199.1328,2334.7871,4010.3164,0.25738202,0.273258723,2334.7871,0.178602922,0.426645242,15354.87779,0.007370092,480.6117158,31.04762812,6.08,2:Δt out of range,INT : 60.00[Hz],SLOW,1,2025/6/19,15:02:58,,,,,,,,,,,,,,,,,,,,
966,2199.0198,2334.6611,4010.0796,0.257383128,0.273259193,2334.6611,0.178603584,0.426645723,15354.53046,0.007369581,480.6116281,31.04722213,6.09,2:Δt out of range,INT : 60.00[Hz],SLOW,1,2025/6/19,15:02:59,,,,,,,,,,,,,,,,,,,,
967,2198.9326,2334.562,4009.9663,0.257381947,0.273257176,2334.562,0.178603442,0.42664419,15355.1931,0.007369363,480.611394,31.04782956,6.11,2:Δt out of range,INT : 60.00[Hz],SLOW,1,2025/6/19,15:03:00,,,,,,,,,,,,,,,,,,,,
968,2198.7678,2334.3872,4009.6733,0.257381715,0.273256949,2334.3872,0.178603351,0.426644003,15355.29056,0.007369406,480.6113846,31.04792932,6.1,2:Δt out of range,INT : 60.00[Hz],SLOW,1,2025/6/19,15:03:01,,,,,,,,,,,,,,,,,,,,
969,2198.9028,2334.5591,4009.8638,0.257382532,0.273261161,2334.5591,0.178602402,0.426646959,15354.28901,0.007370974,480.6121553,31.04718472,6.13,2:Δt out of range,INT : 60.00[Hz],SLOW,1,2025/6/19,15:03:02,,,,,,,,,,,,,,,,,,,,
970,2198.8052,2334.4529,4009.7358,0.257381104,0.273259343,2334.4529,0.178601999,0.426645524,15354.97058,0.007371024,480.6120065,31.04784782,6.11,2:Δt out of range,INT : 60.00[Hz],SLOW,1,2025/6/19,15:03:03,,,,,,,,,,,,,,,,,,,,
971,2198.7283,2334.3862,4009.5784,0.257381171,0.273261163,2334.3862,0.178601373,0.426646759,15354.604,0.007371895,480.6123885,31.04761688,6.11,2:Δt out of range,INT : 60.00[Hz],SLOW,1,2025/6/19,15:03:04,,,,,,,,,,,,,,,,,,,,
972,2198.6321,2334.2769,4009.4148,0.25738103,0.273260175,2334.2769,0.178601634,0.426646073,15354.8271,0.007371493,480.612199,31.04777532,6.13,2:Δt out of range,INT : 60.00[Hz],SLOW,1,2025/6/19,15:03:05,,,,,,,,,,,,,,,,,,,,
973,2198.5793,2334.2336,4009.2903,0.257381496,0.273262163,2334.2336,0.178601247,0.426647481,15354.3358,0.007372179,480.6125491,31.0473984,6.1,2:Δt out of range,INT : 60.00[Hz],SLOW,1,2025/6/19,15:03:06,,,,,,,,,,,,,,,,,,,,
974,2198.5105,2334.1575,4009.2625,0.257378645,0.273258779,2334.1575,0.17860035,0.42664478,15355.64911,0.007372402,480.612305,31.04869379,6.1,2:Δt out of range,INT : 60.00[Hz],SLOW,1,2025/6/19,15:03:07,,,,,,,,,,,,,,,,,,,,
975,2198.4114,2334.0752,4009.0933,0.257377608,0.27326036,2334.0752,0.178598978,0.426645691,15355.58465,0.007373899,480.6128241,31.04884133,6.1,2:Δt out of range,INT : 60.00[Hz],SLOW,1,2025/6/19,15:03:08,,,,,,,,,,,,,,,,,,,,
976,2198.2698,2333.9094,4008.8337,0.257378115,0.273259089,2333.9094,0.178599834,0.42664491,15355.71235,0.007372916,480.6124625,31.04882663,6.1,2:Δt out of range,INT : 60.00[Hz],SLOW,1,2025/6/19,15:03:09,,,,,,,,,,,,,,,,,,,,
977,2198.2361,2333.8777,4008.8108,0.25737683,0.273258202,2333.8777,0.178599193,0.426644123,15356.18112,0.007373338,480.6124905,31.04933689,6.09,2:Δt out of range,INT : 60.00[Hz],SLOW,1,2025/6/19,15:03:10,,,,,,,,,,,,,,,,,,,,
978,2198.2053,2333.8499,4008.6924,0.257378558,0.27326061,2333.8499,0.178599603,0.426646,15355.31623,0.007373382,480.6127157,31.04851068,6.1,2:Δt out of range,INT : 60.00[Hz],SLOW,1,2025/6/19,15:03:11,,,,,,,,,,,,,,,,,,,,
979,2198.1091,2333.7261,4008.5669,0.257377706,0.273257169,2333.7261,0.178600239,0.426643558,15356.17741,0.007372226,480.6121175,31.04917767,6.1,2:Δt out of range,INT : 60.00[Hz],SLOW,1,2025/6/19,15:03:12,,,,,,,,,,,,,,,,,,,,
980,2198.0906,2333.7258,4008.4995,0.257378137,0.273259892,2333.7258,0.178599552,0.426645454,15355.55216,0.007373305,480.6126323,31.04872693,6.07,2:Δt out of range,INT : 60.00[Hz],SLOW,1,2025/6/19,15:03:13,,,,,,,,,,,,,,,,,,,,
981,2197.9863,2333.606,4008.3301,0.257377784,0.273258455,2333.606,0.178599819,0.426644435,15355.91134,0.007372821,480.6123822,31.04900485,6.1,2:Δt out of range,INT : 60.00[Hz],SLOW,1,2025/6/19,15:03:14,,,,,,,,,,,,,,,,,,,,
982,2197.9915,2333.6211,4008.3218,0.257378031,0.273259839,2333.6211,0.178599492,0.426645403,15355.58705,0.00737335,480.6126391,31.04876688,6.12,2:Δt out of range,INT : 60.00[Hz],SLOW,1,2025/6/19,15:03:15,,,,,,,,,,,,,,,,,,,,
983,2197.8801,2333.5112,4008.1128,0.257377955,0.273260739,2333.5112,0.178599099,0.426645997,15355.43115,0.007373855,480.6128466,31.04868743,6.09,2:Δt out of range,INT : 60.00[Hz],SLOW,1,2025/6/19,15:03:16,,,,,,,,,,,,,,,,,,,,
984,2197.7468,2333.3691,4007.9099,0.257376761,0.273259404,2333.3691,0.178598693,0.426644922,15355.96538,0.00737399,480.6127622,31.04922052,6.13,2:Δt out of range,INT : 60.00[Hz],SLOW,1,2025/6/19,15:03:17,,,,,,,,,,,,,,,,,,,,
985,2197.8008,2333.4436,4007.9966,0.257376598,0.273261242,2333.4436,0.178597887,0.426646135,15355.64853,0.007375025,480.6131872,31.04906044,6.13,2:Δt out of range,INT : 60.00[Hz],SLOW,1,2025/6/19,15:03:18,,,,,,,,,,,,,,,,,,,,
986,2197.7322,2333.3682,4007.8784,0.257376468,0.273260803,2333.3682,0.178597952,0.42664582,15355.76354,0.007374892,480.6131146,31.04915255,6.1,2:Δt out of range,INT : 60.00[Hz],SLOW,1,2025/6/19,15:03:19,,,,,,,,,,,,,,,,,,,,
987,2197.7019,2333.354,4007.8979,0.257373673,0.27325994,2333.354,0.17859616,0.426644826,15356.57777,0.007376347,480.6134059,31.05013983,6.13,2:Δt out of range,INT : 60.00[Hz],SLOW,1,2025/6/19,15:03:20,,,,,,,,,,,,,,,,,,,,
988,2197.7126,2333.3708,4007.8103,0.257376737,0.27326383,2333.3708,0.17859703,0.426647898,15355.11707,0.007376234,480.613723,31.04871813,6.13,2:Δt out of range,INT : 60.00[Hz],SLOW,1,2025/6/19,15:03:21,,,,,,,,,,,,,,,,,,,,
989,2197.7166,2333.3801,4007.8655,0.257375141,0.273262727,2333.3801,0.178596233,0.426646919,15355.69973,0.007376758,480.6137574,31.04935227,6.12,2:Δt out of range,INT : 60.00[Hz],SLOW,1,2025/6/19,15:03:22,,,,,,,,,,,,,,,,,,,,
990,2197.5273,2333.1777,4007.5012,0.257375759,0.273263218,2333.1777,0.178596518,0.426647341,15355.46196,0.007376587,480.6137578,31.0490995,6.09,2:Δt out of range,INT : 60.00[Hz],SLOW,1,2025/6/19,15:03:23,,,,,,,,,,,,,,,,,,,,
991,2197.5366,2333.2083,4007.542,0.257374415,0.273264219,2333.2083,0.17859513,0.426647816,15355.58021,0.007377999,480.6142038,31.04941096,6.13,2:Δt out of range,INT : 60.00[Hz],SLOW,1,2025/6/19,15:03:24,,,,,,,,,,,,,,,,,,,,
992,2197.5056,2333.1721,4007.48,0.257374679,0.273264114,2333.1721,0.178595369,0.426647785,15355.53926,0.007377768,480.6141361,31.04933921,6.12,2:Δt out of range,INT : 60.00[Hz],SLOW,1,2025/6/19,15:03:25,,,,,,,,,,,,,,,,,,,,
993,2197.468,2333.1511,4007.3953,0.257374595,0.273266241,2333.1511,0.178594514,0.426649204,15355.14858,0.007378895,480.6146102,31.04912096,6.12,2:Δt out of range,INT : 60.00[Hz],SLOW,1,2025/6/19,15:03:26,,,,,,,,,,,,,,,,,,,,
994,2197.5613,2333.25,4007.5374,0.257375445,0.273267125,2333.25,0.178594828,0.426649925,15354.78109,0.007378766,480.6146559,31.04874905,6.11,2:Δt out of range,INT : 60.00[Hz],SLOW,1,2025/6/19,15:03:27,,,,,,,,,,,,,,,,,,,,
995,2197.4143,2333.0898,4007.3271,0.257373828,0.273264925,2333.0898,0.178594424,0.426648204,15355.58018,0.007378751,480.6144568,31.04951624,6.12,2:Δt out of range,INT : 60.00[Hz],SLOW,1,2025/6/19,15:03:28,,,,,,,,,,,,,,,,,,,,
996,2197.4895,2333.1709,4007.4998,0.257372718,0.273263894,2333.1709,0.178593968,0.426647346,15356.03628,0.007378982,480.6144236,31.04998759,6.14,2:Δt out of range,INT : 60.00[Hz],SLOW,1,2025/6/19,15:03:29,,,,,,,,,,,,,,,,,,,,
997,2197.3765,2333.0649,4007.26,0.257373314,0.273266163,2333.0649,0.178593575,0.426648961,15355.46065,0.007379722,480.6148124,31.0495371,6.13,2:Δt out of range,INT : 60.00[Hz],SLOW,1,2025/6/19,15:03:30,,,,,,,,,,,,,,,,,,,,
998,2197.2913,2332.9885,4007.0991,0.257373056,0.273267536,2332.9885,0.17859287,0.426649848,15355.25535,0.007380588,480.6151533,31.04946063,6.12,2:Δt out of range,INT : 60.00[Hz],SLOW,1,2025/6/19,15:03:31,,,,,,,,,,,,,,,,,,,,
999,2197.2834,2332.9819,4007.0793,0.257373165,0.273267861,2332.9819,0.178592831,0.426650083,15355.16752,0.007380678,480.615205,31.04938869,6.12,2:Δt out of range,INT : 60.00[Hz],SLOW,1,2025/6/19,15:03:32,,,,,,,,,,,,,,,,,,,,
1000,2197.1548,2332.8687,4006.8191,0.257373235,0.27327067,2332.8687,0.17859184,0.426651984,15354.6095,0.007382044,480.6158002,31.04904276,6.14,2:Δt out of range,INT : 60.00[Hz],SLOW,1,2025/6/19,15:03:33,,,,,,,,,,,,,,,,,,,,
1001,2197.1602,2332.8665,4006.9141,0.257370907,0.273267269,2332.8665,0.178591345,0.42664935,15355.80488,0.007381905,480.6154629,31.05017406,6.15,2:Δt out of range,INT : 60.00[Hz],SLOW,1,2025/6/19,15:03:34,,,,,,,,,,,,,,,,,,,,
1002,2197.1123,2332.8167,4006.7903,0.257371974,0.273268526,2332.8167,0.178591684,0.426650354,15355.31525,0.007381817,480.6155522,31.04969038,6.15,2:Δt out of range,INT : 60.00[Hz],SLOW,1,2025/6/19,15:03:35,,,,,,,,,,,,,,,,,,,,
1003,2196.9866,2332.7095,4006.5605,0.257371199,0.27327078,2332.7095,0.17859026,0.426651756,15355.0601,0.007383475,480.6161719,31.0496769,6.16,2:Δt out of range,INT : 60.00[Hz],SLOW,1,2025/6/19,15:03:36,,,,,,,,,,,,,,,,,,,,
1004,2196.9729,2332.6848,4006.5571,0.257370855,0.273269225,2332.6848,0.178590578,0.426650659,15355.43993,0.007382925,480.6158946,31.04996554,6.1,2:Δt out of range,INT : 60.00[Hz],SLOW,1,2025/6/19,15:03:37,,,,,,,,,,,,,,,,,,,,
1005,2197.043,2332.7703,4006.6252,0.257372322,0.273272079,2332.7703,0.178590626,0.426652797,15354.54938,0.007383371,480.6162609,31.04917056,6.12,2:Δt out of range,INT : 60.00[Hz],SLOW,1,2025/6/19,15:03:38,,,,,,,,,,,,,,,,,,,,
1006,2196.9287,2332.6587,4006.4773,0.257370202,0.273270972,2332.6587,0.178589435,0.426651738,15355.25407,0.007384246,480.6163838,31.04997149,6.15,2:Δt out of range,INT : 60.00[Hz],SLOW,1,2025/6/19,15:03:39,,,,,,,,,,,,,,,,,,,,
1007,2196.8989,2332.6179,4006.4353,0.257370106,0.273269797,2332.6179,0.178589799,0.426650933,15355.50294,0.007383719,480.6161463,31.05013735,6.11,2:Δt out of range,INT : 60.00[Hz],SLOW,1,2025/6/19,15:03:40,,,,,,,,,,,,,,,,,,,,
1008,2196.886,2332.6111,4006.4443,0.257368918,0.273269343,2332.6111,0.17858907,0.426650452,15355.86596,0.007384294,480.6162513,31.05056725,6.15,2:Δt out of range,INT : 60.00[Hz],SLOW,1,2025/6/19,15:03:41,,,,,,,,,,,,,,,,,,,,
1009,2196.752,2332.4858,4006.1772,0.257369091,0.273271516,2332.4858,0.178588393,0.42665194,15355.40669,0.007385271,480.6166914,31.0502619,6.13,2:Δt out of range,INT : 60.00[Hz],SLOW,1,2025/6/19,15:03:42,,,,,,,,,,,,,,,,,,,,
1010,2196.6699,2332.4048,4006.0691,0.25736765,0.273270709,2332.4048,0.178587603,0.426651183,15355.89634,0.007385839,480.6167633,31.05081273,6.16,2:Δt out of range,INT : 60.00[Hz],SLOW,1,2025/6/19,15:03:43,,,,,,,,,,,,,,,,,,,,
1011,2196.8533,2332.6233,4006.3655,0.257368081,0.273273951,2332.6233,0.178586724,0.42665343,15355.17116,0.00738718,480.6173905,31.05030232,6.15,2:Δt out of range,INT : 60.00[Hz],SLOW,1,2025/6/19,15:03:44,,,,,,,,,,,,,,,,,,,,
1012,2196.6682,2332.4111,4006.0706,0.257367267,0.273271252,2332.4111,0.178587112,0.426651492,15355.88044,0.007386371,480.6169461,31.05087191,6.16,2:Δt out of range,INT : 60.00[Hz],SLOW,1,2025/6/19,15:03:45,,,,,,,,,,,,,,,,,,,,
1013,2196.7092,2332.4448,4006.1143,0.2573685,0.27327141,2332.4448,0.178587986,0.426651781,15355.56422,0.007385617,480.6167694,31.05046193,6.17,2:Δt out of range,INT : 60.00[Hz],SLOW,1,2025/6/19,15:03:46,,,,,,,,,,,,,,,,,,,,
1014,2196.6711,2332.4275,4006.1006,0.25736612,0.273271595,2332.4275,0.178586118,0.426651553,15356.08004,0.007387319,480.6172163,31.05119672,6.16,2:Δt out of range,INT : 60.00[Hz],SLOW,1,2025/6/19,15:03:47,,,,,,,,,,,,,,,,,,,,
1015,2196.584,2332.3462,4005.9028,0.257366957,0.273273795,2332.3462,0.178585933,0.426653158,15355.46179,0.00738786,480.6175486,31.05067734,6.15,2:Δt out of range,INT : 60.00[Hz],SLOW,1,2025/6/19,15:03:48,,,,,,,,,,,,,,,,,,,,
1016,2196.5964,2332.3599,4005.9429,0.257366414,0.27327328,2332.3599,0.178585713,0.426652731,15355.68692,0.007387968,480.6175303,31.05090922,6.15,2:Δt out of range,INT : 60.00[Hz],SLOW,1,2025/6/19,15:03:49,,,,,,,,,,,,,,,,,,,,
1017,2196.4875,2332.2654,4005.7095,0.257366826,0.273276194,2332.2654,0.178584942,0.426654753,15355.02955,0.007389156,480.6180897,31.05044269,6.15,2:Δt out of range,INT : 60.00[Hz],SLOW,1,2025/6/19,15:03:50,,,,,,,,,,,,,,,,,,,,
1018,2196.467,2332.2605,4005.7307,0.257364551,0.273275754,2332.2605,0.178583385,0.42665412,15355.64158,0.007390473,480.6183835,31.05121617,6.18,2:Δt out of range,INT : 60.00[Hz],SLOW,1,2025/6/19,15:03:51,,,,,,,,,,,,,,,,,,,,
1019,2196.3274,2332.1194,4005.4382,0.257365479,0.273277575,2332.1194,0.17858341,0.426655484,15355.0753,0.007390762,480.6186186,31.05071153,6.13,2:Δt out of range,INT : 60.00[Hz],SLOW,1,2025/6/19,15:03:52,,,,,,,,,,,,,,,,,,,,
1020,2196.2727,2332.0496,4005.4478,0.257362534,0.273273075,2332.0496,0.178582857,0.426652019,15356.62547,0.007390487,480.6181491,31.05216527,6.15,2:Δt out of range,INT : 60.00[Hz],SLOW,1,2025/6/19,15:03:53,,,,,,,,,,,,,,,,,,,,
1021,2196.1223,2331.8948,4005.0801,0.257365204,0.273276484,2331.8948,0.178583608,0.426654708,15355.34948,0.007390399,480.6184297,31.05092462,6.18,2:Δt out of range,INT : 60.00[Hz],SLOW,1,2025/6/19,15:03:54,,,,,,,,,,,,,,,,,,,,
1022,2196.249,2332.0488,4005.3684,0.257362891,0.273276309,2332.0488,0.178581924,0.426654248,15355.91929,0.007391874,480.6187872,31.05167967,6.19,2:Δt out of range,INT : 60.00[Hz],SLOW,1,2025/6/19,15:03:55,,,,,,,,,,,,,,,,,,,,
1023,2196.2048,2331.9958,4005.3057,0.257362533,0.273275219,2331.9958,0.17858206,0.426653461,15356.2123,0.007391566,480.6186126,31.05191869,6.15,2:Δt out of range,INT : 60.00[Hz],SLOW,1,2025/6/19,15:03:56,,,,,,,,,,,,,,,,,,,,
1024,2196.1719,2331.9707,4005.2207,0.257362991,0.273276857,2331.9707,0.178581796,0.426654632,15355.7904,0.007392082,480.6188885,31.05158472,6.14,2:Δt out of range,INT : 60.00[Hz],SLOW,1,2025/6/19,15:03:57,,,,,,,,,,,,,,,,,,,,
1025,2196.1001,2331.915,4005.0957,0.257362192,0.273278416,2331.915,0.178580613,0.426655563,15355.67486,0.007393407,480.6193621,31.05165891,6.16,2:Δt out of range,INT : 60.00[Hz],SLOW,1,2025/6/19,15:03:58,,,,,,,,,,,,,,,,,,,,
1026,2196.0251,2331.8323,4004.9631,0.257362158,0.273278021,2331.8323,0.178580734,0.426655292,15355.75877,0.007393231,480.6192825,31.05171508,6.11,2:Δt out of range,INT : 60.00[Hz],SLOW,1,2025/6/19,15:03:59,,,,,,,,,,,,,,,,,,,,
1027,2195.8755,2331.7031,4004.6741,0.257361752,0.273281064,2331.7031,0.178579296,0.42665728,15355.26611,0.007395038,480.62001,31.05149372,6.11,2:Δt out of range,INT : 60.00[Hz],SLOW,1,2025/6/19,15:04:00,,,,,,,,,,,,,,,,,,,,
1028,2195.8455,2331.6614,4004.6641,0.2573607,0.273278794,2331.6614,0.178579345,0.426655596,15355.94767,0.007394605,480.6196988,31.05208937,6.16,2:Δt out of range,INT : 60.00[Hz],SLOW,1,2025/6/19,15:04:01,,,,,,,,,,,,,,,,,,,,
1029,2195.8181,2331.6472,4004.5649,0.257361736,0.273281639,2331.6472,0.17857907,0.426657665,15355.15898,0.007395338,480.620137,31.05143261,6.15,2:Δt out of range,INT : 60.00[Hz],SLOW,1,2025/6/19,15:04:02,,,,,,,,,,,,,,,,,,,,
1030,2195.7722,2331.5955,4004.5396,0.257360063,0.273279516,2331.5955,0.178578595,0.426655988,15355.95594,0.007395399,480.6199638,31.05220849,6.15,2:Δt out of range,INT : 60.00[Hz],SLOW,1,2025/6/19,15:04:03,,,,,,,,,,,,,,,,,,,,
1031,2195.7817,2331.606,4004.6711,0.257356607,0.273275894,2331.606,0.178577329,0.426653039,15357.45549,0.007395912,480.6197715,31.05372368,6.15,2:Δt out of range,INT : 60.00[Hz],SLOW,1,2025/6/19,15:04:04,,,,,,,,,,,,,,,,,,,,
1032,2195.646,2331.4719,4004.3262,0.257359244,0.273279866,2331.4719,0.178577846,0.426656102,15356.07839,0.007396129,480.6201795,31.05242853,6.13,2:Δt out of range,INT : 60.00[Hz],SLOW,1,2025/6/19,15:04:05,,,,,,,,,,,,,,,,,,,,
1033,2195.6499,2331.4924,4004.3796,0.257357354,0.273279777,2331.4924,0.17857645,0.426655763,15356.53351,0.007397361,480.6204831,31.05303914,6.17,2:Δt out of range,INT : 60.00[Hz],SLOW,1,2025/6/19,15:04:06,,,,,,,,,,,,,,,,,,,,
1034,2195.6355,2331.4529,4004.3892,0.257357002,0.273276566,2331.4529,0.178577378,0.426653549,15357.23428,0.007395983,480.619849,31.05352065,6.16,2:Δt out of range,INT : 60.00[Hz],SLOW,1,2025/6/19,15:04:07,,,,,,,,,,,,,,,,,,,,
1035,2195.5149,2331.3831,4004.0825,0.257357862,0.273284308,2331.3831,0.17857515,0.426658888,15355.54201,0.007399299,480.6213759,31.0523559,6.18,2:Δt out of range,INT : 60.00[Hz],SLOW,1,2025/6/19,15:04:08,,,,,,,,,,,,,,,,,,,,
1036,2195.4189,2331.2375,4004.0386,0.257355221,0.273276386,2331.2375,0.178576099,0.426653165,15357.68171,0.007397096,480.6201145,31.05410712,6.18,2:Δt out of range,INT : 60.00[Hz],SLOW,1,2025/6/19,15:04:09,,,,,,,,,,,,,,,,,,,,
1037,2195.3687,2331.2134,4003.989,0.257353075,0.27327753,2331.2134,0.178574051,0.426653617,15357.95859,0.007399122,480.6207286,31.05465735,6.17,2:Δt out of range,INT : 60.00[Hz],SLOW,1,2025/6/19,15:04:10,,,,,,,,,,,,,,,,,,,,
1038,2195.2815,2331.1179,4003.7344,0.257356045,0.273280344,2331.1179,0.17857525,0.426655951,15356.72732,0.007398531,480.6208294,31.0533895,6.18,2:Δt out of range,INT : 60.00[Hz],SLOW,1,2025/6/19,15:04:11,,,,,,,,,,,,,,,,,,,,
1039,2195.2266,2331.0649,4003.7236,0.25735319,0.273277934,2331.0649,0.178573989,0.426653906,15357.85389,0.007399247,480.6207961,31.05457407,6.16,2:Δt out of range,INT : 60.00[Hz],SLOW,1,2025/6/19,15:04:12,,,,,,,,,,,,,,,,,,,,
1040,2195.1279,2330.9546,4003.4849,0.257355127,0.273279346,2330.9546,0.178574927,0.426655143,15357.13268,0.007398649,480.6207705,31.05379622,6.19,2:Δt out of range,INT : 60.00[Hz],SLOW,1,2025/6/19,15:04:13,,,,,,,,,,,,,,,,,,,,
1041,2195.1306,2330.9753,4003.5229,0.257353591,0.273279806,2330.9753,0.178573595,0.426655225,15357.39999,0.007399919,480.6211324,31.05423124,6.18,2:Δt out of range,INT : 60.00[Hz],SLOW,1,2025/6/19,15:04:14,,,,,,,,,,,,,,,,,,,,
1042,2195.0254,2330.8918,4003.344,0.257352348,0.273281794,2330.8918,0.178571917,0.426656379,15357.30443,0.007401759,480.6217745,31.05439693,6.17,2:Δt out of range,INT : 60.00[Hz],SLOW,1,2025/6/19,15:04:15,,,,,,,,,,,,,,,,,,,,
1043,2194.8884,2330.7234,4003.1257,0.257352088,0.273278829,2330.7234,0.178572822,0.426654345,15357.93668,0.007400443,480.6211782,31.05482123,6.17,2:Δt out of range,INT : 60.00[Hz],SLOW,1,2025/6/19,15:04:16,,,,,,,,,,,,,,,,,,,,
1044,2194.8054,2330.646,4002.9905,0.257351275,0.273279226,2330.646,0.178572061,0.426654492,15358.04844,0.007401192,480.6214027,31.05503358,6.18,2:Δt out of range,INT : 60.00[Hz],SLOW,1,2025/6/19,15:04:17,,,,,,,,,,,,,,,,,,,,
1045,2194.8794,2330.7422,4003.0979,0.257351575,0.27328161,2330.7422,0.178571401,0.426656142,15357.51891,0.007402189,480.6218669,31.05466359,6.15,2:Δt out of range,INT : 60.00[Hz],SLOW,1,2025/6/19,15:04:18,,,,,,,,,,,,,,,,,,,,
1046,2194.6406,2330.5166,4002.7646,0.257347646,0.273280719,2330.5166,0.178568763,0.42665496,15358.60161,0.007404396,480.6223456,31.05601461,6.16,2:Δt out of range,INT : 60.00[Hz],SLOW,1,2025/6/19,15:04:19,,,,,,,,,,,,,,,,,,,,
1047,2194.6367,2330.4924,4002.7188,0.257349419,0.273280249,2330.4924,0.178570277,0.426654906,15358.28132,0.007402962,480.6219412,31.05550552,6.17,2:Δt out of range,INT : 60.00[Hz],SLOW,1,2025/6/19,15:04:20,,,,,,,,,,,,,,,,,,,,
1048,2194.6448,2330.5137,4002.73,0.257349143,0.273281446,2330.5137,0.178569624,0.426655671,15358.1143,0.00740375,480.6222469,31.05545517,6.18,2:Δt out of range,INT : 60.00[Hz],SLOW,1,2025/6/19,15:04:21,,,,,,,,,,,,,,,,,,,,
1049,2194.5518,2330.4197,4002.5918,0.257348052,0.273280844,2330.4197,0.178569022,0.426655104,15358.48336,0.007404185,480.6223034,31.05587128,6.19,2:Δt out of range,INT : 60.00[Hz],SLOW,1,2025/6/19,15:04:22,,,,,,,,,,,,,,,,,,,,
1050,2194.5112,2330.3909,4002.5371,0.257347036,0.273281444,2330.3909,0.178568032,0.426655358,15358.60312,0.007405174,480.6226066,31.05612493,6.18,2:Δt out of range,INT : 60.00[Hz],SLOW,1,2025/6/19,15:04:23,,,,,,,,,,,,,,,,,,,,
1051,2194.4233,2330.2925,4002.3276,0.257348673,0.273282589,2330.2925,0.178568843,0.426656371,15358.00284,0.007404644,480.6225745,31.05547302,6.22,2:Δt out of range,INT : 60.00[Hz],SLOW,1,2025/6/19,15:04:24,,,,,,,,,,,,,,,,,,,,
1052,2194.4023,2330.2883,4002.3303,0.257346889,0.273282818,2330.2883,0.17856741,0.426656261,15358.37214,0.007405964,480.6229287,31.05601334,6.19,2:Δt out of range,INT : 60.00[Hz],SLOW,1,2025/6/19,15:04:25,,,,,,,,,,,,,,,,,,,,
1053,2194.229,2330.0981,4002.0901,0.257344785,0.27327986,2330.0981,0.178566919,0.426653958,15359.43043,0.007405897,480.6226487,31.05702242,6.17,2:Δt out of range,INT : 60.00[Hz],SLOW,1,2025/6/19,15:04:26,,,,,,,,,,,,,,,,,,,,
1054,2194.2046,2330.0801,4001.9797,0.257346535,0.273282647,2330.0801,0.178567206,0.426656093,15358.48722,0.007406117,480.6229521,31.0561455,6.2,2:Δt out of range,INT : 60.00[Hz],SLOW,1,2025/6/19,15:04:27,,,,,,,,,,,,,,,,,,,,
1055,2194.0366,2329.8972,4001.7095,0.257345578,0.273281102,2329.8972,0.178567057,0.426654912,15359.00699,0.007405987,480.6227819,31.05662748,6.18,2:Δt out of range,INT : 60.00[Hz],SLOW,1,2025/6/19,15:04:28,,,,,,,,,,,,,,,,,,,,
1056,2194.0637,2329.9475,4001.8298,0.257342789,0.273280665,2329.9475,0.178565111,0.426654205,15359.73777,0.007407652,480.6231638,31.0575638,6.18,2:Δt out of range,INT : 60.00[Hz],SLOW,1,2025/6/19,15:04:29,,,,,,,,,,,,,,,,,,,,
1057,2193.9641,2329.8425,4001.615,0.257343766,0.273281793,2329.8425,0.178565431,0.426655108,15359.29373,0.007407559,480.6232407,31.05712353,6.17,2:Δt out of range,INT : 60.00[Hz],SLOW,1,2025/6/19,15:04:30,,,,,,,,,,,,,,,,,,,,
1058,2193.9001,2329.7876,4001.502,0.257343259,0.273282787,2329.7876,0.178564678,0.426655702,15359.21946,0.007408402,480.6235422,31.05717009,6.18,2:Δt out of range,INT : 60.00[Hz],SLOW,1,2025/6/19,15:04:31,,,,,,,,,,,,,,,,,,,,
1059,2193.7117,2329.5808,4001.2432,0.257340901,0.273279494,2329.5808,0.17856412,0.426653137,15360.40138,0.007408338,480.623233,31.05829837,6.18,2:Δt out of range,INT : 60.00[Hz],SLOW,1,2025/6/19,15:04:32,,,,,,,,,,,,,,,,,,,,
1060,2193.6731,2329.5623,4001.0974,0.257342498,0.273283828,2329.5623,0.178563716,0.426656291,15359.19484,0.00740944,480.6238972,31.05729175,6.2,2:Δt out of range,INT : 60.00[Hz],SLOW,1,2025/6/19,15:04:33,,,,,,,,,,,,,,,,,,,,
1061,2193.7009,2329.5833,4001.2051,0.257341035,0.273281274,2329.5833,0.178563559,0.426654355,15360.02674,0.007409143,480.6235951,31.05805075,6.19,2:Δt out of range,INT : 60.00[Hz],SLOW,1,2025/6/19,15:04:34,,,,,,,,,,,,,,,,,,,,
1062,2193.7019,2329.5981,4001.2031,0.257340736,0.273282568,2329.5981,0.178562852,0.426655182,15359.84648,0.007409997,480.6239259,31.05799681,6.21,2:Δt out of range,INT : 60.00[Hz],SLOW,1,2025/6/19,15:04:35,,,,,,,,,,,,,,,,,,,,
1063,2193.657,2329.5479,4001.197,0.257338524,0.273279924,2329.5479,0.178562163,0.426653074,15360.86959,0.007410161,480.6237321,31.05900417,6.19,2:Δt out of range,INT : 60.00[Hz],SLOW,1,2025/6/19,15:04:36,,,,,,,,,,,,,,,,,,,,
1064,2193.5632,2329.4583,4000.9714,0.257339867,0.273282525,2329.4583,0.178562212,0.426655024,15360.05624,0.007410562,480.6240649,31.0582778,6.19,2:Δt out of range,INT : 60.00[Hz],SLOW,1,2025/6/19,15:04:37,,,,,,,,,,,,,,,,,,,,
1065,2193.4985,2329.417,4000.8975,0.257337708,0.273283447,2329.417,0.178560237,0.426655325,15360.37874,0.007412486,480.6246332,31.05885747,6.19,2:Δt out of range,INT : 60.00[Hz],SLOW,1,2025/6/19,15:04:38,,,,,,,,,,,,,,,,,,,,
1066,2193.3184,2329.2168,4000.5225,0.257339382,0.273284176,2329.2168,0.178561231,0.426656063,15359.85011,0.007411721,480.6245048,31.05824176,6.19,2:Δt out of range,INT : 60.00[Hz],SLOW,1,2025/6/19,15:04:39,,,,,,,,,,,,,,,,,,,,
1067,2193.1765,2329.0896,4000.2771,0.257338267,0.273285749,2329.0896,0.178559804,0.426656957,15359.80498,0.007413266,480.6250352,31.05841467,6.19,2:Δt out of range,INT : 60.00[Hz],SLOW,1,2025/6/19,15:04:40,,,,,,,,,,,,,,,,,,,,
1068,2193.1128,2329.0195,4000.2705,0.257335032,0.273282026,2329.0195,0.178558743,0.426653972,15361.27331,0.007413578,480.6247829,31.05987119,6.21,2:Δt out of range,INT : 60.00[Hz],SLOW,1,2025/6/19,15:04:41,,,,,,,,,,,,,,,,,,,,
1069,2193.0552,2328.9573,4000.1069,0.257336831,0.273283815,2328.9573,0.178559438,0.426655443,15360.51107,0.007413263,480.6248625,31.05909369,6.23,2:Δt out of range,INT : 60.00[Hz],SLOW,1,2025/6/19,15:04:42,,,,,,,,,,,,,,,,,,,,
1070,2192.9385,2328.8516,3999.8958,0.257336227,0.273285313,2328.8516,0.178558424,0.426656362,15360.36188,0.007414425,480.6252895,31.05911289,6.21,2:Δt out of range,INT : 60.00[Hz],SLOW,1,2025/6/19,15:04:43,,,,,,,,,,,,,,,,,,,,
1071,2192.8965,2328.7957,3999.9033,0.257334029,0.273281652,2328.7957,0.178558123,0.426653573,15361.57801,0.007414069,480.6248737,31.06023303,6.18,2:Δt out of range,INT : 60.00[Hz],SLOW,1,2025/6/19,15:04:44,,,,,,,,,,,,,,,,,,,,
1072,2192.7566,2328.6619,3999.6331,0.257334036,0.273283394,2328.6619,0.178557482,0.426654746,15361.24022,0.00741494,480.6252489,31.06003008,6.24,2:Δt out of range,INT : 60.00[Hz],SLOW,1,2025/6/19,15:04:45,,,,,,,,,,,,,,,,,,,,
1073,2192.667,2328.5625,3999.5164,0.257332753,0.273281533,2328.5625,0.178557203,0.426653303,15361.89684,0.007414871,480.6250658,31.06065205,6.19,2:Δt out of range,INT : 60.00[Hz],SLOW,1,2025/6/19,15:04:46,,,,,,,,,,,,,,,,,,,,
1074,2192.551,2328.4431,3999.2588,0.257334028,0.273283332,2328.4431,0.178557499,0.426654703,15361.25402,0.007414914,480.6252368,31.06003973,6.2,2:Δt out of range,INT : 60.00[Hz],SLOW,1,2025/6/19,15:04:47,,,,,,,,,,,,,,,,,,,,
1075,2192.5891,2328.4885,3999.3853,0.257332157,0.273281925,2328.4885,0.178556608,0.426653479,15361.9593,0.00741547,480.6252522,31.06079613,6.2,2:Δt out of range,INT : 60.00[Hz],SLOW,1,2025/6/19,15:04:48,,,,,,,,,,,,,,,,,,,,
1076,2192.3623,2328.2629,3998.9646,0.257331908,0.273283451,2328.2629,0.178555852,0.426654469,15361.72253,0.007416407,480.6256247,31.06069951,6.25,2:Δt out of range,INT : 60.00[Hz],SLOW,1,2025/6/19,15:04:49,,,,,,,,,,,,,,,,,,,,
1077,2192.3594,2328.282,3998.9739,0.257330798,0.273284875,2328.282,0.178554483,0.426655263,15361.70519,0.007417874,480.6261222,31.06088832,6.22,2:Δt out of range,INT : 60.00[Hz],SLOW,1,2025/6/19,15:04:50,,,,,,,,,,,,,,,,,,,,
1078,2192.2852,2328.1992,3998.8259,0.257331301,0.27328494,2328.1992,0.17855484,0.426655381,15361.57606,0.007417567,480.6260503,31.06072104,6.22,2:Δt out of range,INT : 60.00[Hz],SLOW,1,2025/6/19,15:04:51,,,,,,,,,,,,,,,,,,,,
1079,2192.2957,2328.2158,3998.8911,0.257329745,0.273283927,2328.2158,0.17855404,0.42665447,15362.13204,0.007418108,480.6260972,31.06133178,6.18,2:Δt out of range,INT : 60.00[Hz],SLOW,1,2025/6/19,15:04:52,,,,,,,,,,,,,,,,,,,,
1080,2192.1687,2328.095,3998.729,0.257327219,0.273282896,2328.095,0.178552514,0.426653402,15362.91668,0.007419297,480.6263058,31.06225302,6.22,2:Δt out of range,INT : 60.00[Hz],SLOW,1,2025/6/19,15:04:53,,,,,,,,,,,,,,,,,,,,
1081,2192.0259,2327.9287,3998.4395,0.257328538,0.273282578,2327.9287,0.178553629,0.426653383,15362.67233,0.007418245,480.6260117,31.06187067,6.23,2:Δt out of range,INT : 60.00[Hz],SLOW,1,2025/6/19,15:04:54,,,,,,,,,,,,,,,,,,,,
1082,2191.9902,2327.9182,3998.4365,0.257325833,0.273282924,2327.9182,0.178551456,0.426653215,15363.23269,0.007420247,480.6265484,31.06269007,6.21,2:Δt out of range,INT : 60.00[Hz],SLOW,1,2025/6/19,15:04:55,,,,,,,,,,,,,,,,,,,,
1083,2192.0259,2327.9392,3998.5491,0.25732491,0.273279958,2327.9392,0.178551861,0.426651082,15364.01939,0.007419378,480.6260649,31.06332502,6.23,2:Δt out of range,INT : 60.00[Hz],SLOW,1,2025/6/19,15:04:56,,,,,,,,,,,,,,,,,,,,
1084,2191.8516,2327.7632,3998.2344,0.257324537,0.273280631,2327.7632,0.178551329,0.42665148,15363.97603,0.007419969,480.6262741,31.06336609,6.21,2:Δt out of range,INT : 60.00[Hz],SLOW,1,2025/6/19,15:04:57,,,,,,,,,,,,,,,,,,,,
1085,2191.8962,2327.8252,3998.3171,0.257324054,0.273281836,2327.8252,0.178550516,0.42665222,15363.85524,0.007420902,480.6266171,31.06338058,6.23,2:Δt out of range,INT : 60.00[Hz],SLOW,1,2025/6/19,15:04:58,,,,,,,,,,,,,,,,,,,,
1086,2191.7942,2327.7231,3998.0615,0.257325967,0.273284598,2327.7231,0.178550935,0.426654362,15362.87851,0.007420999,480.6268875,31.06245479,6.21,2:Δt out of range,INT : 60.00[Hz],SLOW,1,2025/6/19,15:04:59,,,,,,,,,,,,,,,,,,,,
1087,2191.7979,2327.7373,3998.0691,0.257325631,0.273285447,2327.7373,0.178550366,0.426654884,15362.79254,0.007421654,480.6271285,31.06246374,6.22,2:Δt out of range,INT : 60.00[Hz],SLOW,1,2025/6/19,15:05:00,,,,,,,,,,,,,,,,,,,,
1088,2191.677,2327.614,3997.936,0.257322835,0.273283077,2327.614,0.178549134,0.426652874,15363.89832,0.00742235,480.6270935,31.06362488,6.2,2:Δt out of range,INT : 60.00[Hz],SLOW,1,2025/6/19,15:05:01,,,,,,,,,,,,,,,,,,,,
1089,2191.6184,2327.5249,3997.8596,0.257322726,0.273279806,2327.5249,0.178550266,0.426650657,15364.55523,0.007420778,480.6264052,31.06403645,6.21,2:Δt out of range,INT : 60.00[Hz],SLOW,1,2025/6/19,15:05:02,,,,,,,,,,,,,,,,,,,,
1090,2191.6094,2327.5291,3997.8445,0.25732227,0.273280938,2327.5291,0.178549501,0.426651351,15364.44236,0.007421655,480.6267276,31.0640508,6.24,2:Δt out of range,INT : 60.00[Hz],SLOW,1,2025/6/19,15:05:03,,,,,,,,,,,,,,,,,,,,
1091,2191.4207,2327.3853,3997.4829,0.257321085,0.273286325,2327.3853,0.178546603,0.426654802,15363.67699,0.007425168,480.6280947,31.06380671,6.22,2:Δt out of range,INT : 60.00[Hz],SLOW,1,2025/6/19,15:05:04,,,,,,,,,,,,,,,,,,,,
1092,2191.4563,2327.4219,3997.5078,0.257322331,0.273287507,2327.4219,0.178547106,0.426655782,15363.15991,0.00742492,480.6281373,31.06327467,6.23,2:Δt out of range,INT : 60.00[Hz],SLOW,1,2025/6/19,15:05:05,,,,,,,,,,,,,,,,,,,,
1093,2191.3621,2327.335,3997.3647,0.257321066,0.273287707,2327.335,0.178546075,0.426655729,15363.41477,0.007425876,480.6283966,31.06365366,6.23,2:Δt out of range,INT : 60.00[Hz],SLOW,1,2025/6/19,15:05:06,,,,,,,,,,,,,,,,,,,,
1094,2191.2808,2327.2473,3997.2397,0.257320403,0.273286843,2327.2473,0.178545895,0.426655049,15363.73523,0.00742589,480.6283232,31.0639638,6.23,2:Δt out of range,INT : 60.00[Hz],SLOW,1,2025/6/19,15:05:07,,,,,,,,,,,,,,,,,,,,
1095,2191.332,2327.3003,3997.4028,0.257318338,0.273284489,2327.3003,0.17854521,0.426653159,15364.66847,0.0074261,480.6281668,31.06489084,6.23,2:Δt out of range,INT : 60.00[Hz],SLOW,1,2025/6/19,15:05:08,,,,,,,,,,,,,,,,,,,,
1096,2191.179,2327.137,3997.1479,0.257317631,0.273283643,2327.137,0.17854499,0.426652485,15364.99565,0.007426152,480.6281047,31.0652128,6.24,2:Δt out of range,INT : 60.00[Hz],SLOW,1,2025/6/19,15:05:09,,,,,,,,,,,,,,,,,,,,
1097,2191.0977,2327.0781,3996.9426,0.257318524,0.273287815,2327.0781,0.178544114,0.426655425,15363.98326,0.007427648,480.628854,31.06444869,6.24,2:Δt out of range,INT : 60.00[Hz],SLOW,1,2025/6/19,15:05:10,,,,,,,,,,,,,,,,,,,,
1098,2191.01,2326.9871,3996.8945,0.257315078,0.273284407,2326.9871,0.178542777,0.426652621,15365.44025,0.007428262,480.6287057,31.06593586,6.23,2:Δt out of range,INT : 60.00[Hz],SLOW,1,2025/6/19,15:05:11,,,,,,,,,,,,,,,,,,,,
1099,2191.01,2326.9956,3996.8455,0.257316302,0.273286705,2326.9956,0.178542847,0.426654349,15364.71272,0.007428591,480.6289935,31.06528236,6.26,2:Δt out of range,INT : 60.00[Hz],SLOW,1,2025/6/19,15:05:12,,,,,,,,,,,,,,,,,,,,
1100,2190.9568,2326.9265,3996.7798,0.257315736,0.273284624,2326.9265,0.178543193,0.426652865,15365.24598,0.007427926,480.6286403,31.06570209,6.27,2:Δt out of range,INT : 60.00[Hz],SLOW,1,2025/6/19,15:05:13,,,,,,,,,,,,,,,,,,,,
1101,2190.9304,2326.9097,3996.7766,0.257314037,0.27328414,2326.9097,0.178542089,0.426652288,15365.73325,0.007428831,480.6288257,31.06629734,6.23,2:Δt out of range,INT : 60.00[Hz],SLOW,1,2025/6/19,15:05:14,,,,,,,,,,,,,,,,,,,,
1102,2190.8967,2326.8525,3996.79,0.257312422,0.273279909,2326.8525,0.17854244,0.426649201,15366.92501,0.007427794,480.6281871,31.06729793,6.24,2:Δt out of range,INT : 60.00[Hz],SLOW,1,2025/6/19,15:05:15,,,,,,,,,,,,,,,,,,,,
1103,2190.8083,2326.7837,3996.5627,0.257313659,0.27328417,2326.7837,0.178541792,0.426652252,15365.81515,0.007429101,480.6288968,31.06641404,6.24,2:Δt out of range,INT : 60.00[Hz],SLOW,1,2025/6/19,15:05:16,,,,,,,,,,,,,,,,,,,,
1104,2190.6604,2326.6206,3996.3333,0.25731262,0.273282359,2326.6206,0.178541679,0.426650879,15366.40588,0.007428892,480.6286828,31.06695276,6.25,2:Δt out of range,INT : 60.00[Hz],SLOW,1,2025/6/19,15:05:17,,,,,,,,,,,,,,,,,,,,
1105,2190.6733,2326.6582,3996.4404,0.257309372,0.273281717,2326.6582,0.178539463,0.426649966,15367.28328,0.007430764,480.6290986,31.06805857,6.23,2:Δt out of range,INT : 60.00[Hz],SLOW,1,2025/6/19,15:05:18,,,,,,,,,,,,,,,,,,,,
1106,2190.6389,2326.6287,3996.3384,0.257310345,0.273283577,2326.6287,0.178539508,0.426651362,15366.69821,0.007431042,480.6293345,31.06753506,6.25,2:Δt out of range,INT : 60.00[Hz],SLOW,1,2025/6/19,15:05:19,,,,,,,,,,,,,,,,,,,,
1107,2190.748,2326.761,3996.4932,0.257311186,0.273286399,2326.761,0.178539094,0.426653386,15365.95841,0.007431895,480.629801,31.06694312,6.24,2:Δt out of range,INT : 60.00[Hz],SLOW,1,2025/6/19,15:05:20,,,,,,,,,,,,,,,,,,,,
1108,2190.5725,2326.5662,3996.1758,0.257311356,0.273285593,2326.5662,0.178539522,0.426652869,15366.07446,0.007431374,480.6295977,31.06698173,6.25,2:Δt out of range,INT : 60.00[Hz],SLOW,1,2025/6/19,15:05:21,,,,,,,,,,,,,,,,,,,,
1109,2190.5088,2326.5073,3996.1033,0.257309771,0.273284937,2326.5073,0.178538568,0.426652193,15366.56882,0.007432115,480.6297267,31.06756097,6.23,2:Δt out of range,INT : 60.00[Hz],SLOW,1,2025/6/19,15:05:22,,,,,,,,,,,,,,,,,,,,
1110,2190.4153,2326.4104,3995.9351,0.257309626,0.273285066,2326.4104,0.178538411,0.426652258,15366.57734,0.007432278,480.6297792,31.06759194,6.21,2:Δt out of range,INT : 60.00[Hz],SLOW,1,2025/6/19,15:05:23,,,,,,,,,,,,,,,,,,,,
1111,2190.3655,2326.3689,3995.8894,0.257307917,0.273284589,2326.3689,0.178537296,0.426651684,15367.06583,0.007433193,480.629968,31.0681898,6.24,2:Δt out of range,INT : 60.00[Hz],SLOW,1,2025/6/19,15:05:24,,,,,,,,,,,,,,,,,,,,
1112,2190.3162,2326.3113,3995.8269,0.257307246,0.273283261,2326.3113,0.178537283,0.426650691,15367.47799,0.007432978,480.6297954,31.06855595,6.26,2:Δt out of range,INT : 60.00[Hz],SLOW,1,2025/6/19,15:05:25,,,,,,,,,,,,,,,,,,,,
1113,2190.2246,2326.2434,3995.7034,0.25730504,0.27328437,2326.2434,0.178535203,0.426651111,15367.7756,0.007435027,480.6304119,31.06912918,6.24,2:Δt out of range,INT : 60.00[Hz],SLOW,1,2025/6/19,15:05:26,,,,,,,,,,,,,,,,,,,,
1114,2190.0532,2326.0447,3995.418,0.257304718,0.273282072,2326.0447,0.178535814,0.426649516,15368.29413,0.007434088,480.6299699,31.06949604,6.25,2:Δt out of range,INT : 60.00[Hz],SLOW,1,2025/6/19,15:05:27,,,,,,,,,,,,,,,,,,,,
1115,2190.04,2326.0459,3995.416,0.257303591,0.273282662,2326.0459,0.178534742,0.426649747,15368.44164,0.007435147,480.6302901,31.06978625,6.26,2:Δt out of range,INT : 60.00[Hz],SLOW,1,2025/6/19,15:05:28,,,,,,,,,,,,,,,,,,,,
1116,2190.0784,2326.0728,3995.4485,0.257305146,0.273282683,2326.0728,0.17853591,0.426649991,15368.077,0.007434106,480.630029,31.06928991,6.24,2:Δt out of range,INT : 60.00[Hz],SLOW,1,2025/6/19,15:05:29,,,,,,,,,,,,,,,,,,,,
1117,2189.9583,2325.9475,3995.2703,0.257303841,0.273281562,2325.9475,0.17853534,0.426649043,15368.59614,0.007434424,480.6300096,31.06983349,6.26,2:Δt out of range,INT : 60.00[Hz],SLOW,1,2025/6/19,15:05:30,,,,,,,,,,,,,,,,,,,,
1118,2189.8755,2325.8704,3995.1919,0.257301316,0.273280155,2325.8704,0.178533955,0.426647722,15369.45363,0.007435422,480.6301364,31.07079751,6.26,2:Δt out of range,INT : 60.00[Hz],SLOW,1,2025/6/19,15:05:31,,,,,,,,,,,,,,,,,,,,
1119,2189.8853,2325.9109,3995.1736,0.2573015,0.273283886,2325.9109,0.178532708,0.426650261,15368.69011,0.007437175,480.6309114,31.0703093,6.27,2:Δt out of range,INT : 60.00[Hz],SLOW,1,2025/6/19,15:05:32,,,,,,,,,,,,,,,,,,,,
1120,2189.79,2325.813,3994.9944,0.257301561,0.273284341,2325.813,0.178532585,0.426650576,15368.5881,0.007437363,480.6309993,31.07023754,6.25,2:Δt out of range,INT : 60.00[Hz],SLOW,1,2025/6/19,15:05:33,,,,,,,,,,,,,,,,,,,,
1121,2189.8235,2325.8567,3995.0452,0.257301628,0.273285365,2325.8567,0.178532254,0.426651276,15368.37478,0.007437834,480.6312095,31.07009842,6.26,2:Δt out of range,INT : 60.00[Hz],SLOW,1,2025/6/19,15:05:34,,,,,,,,,,,,,,,,,,,,
1122,2189.8113,2325.8667,3994.9761,0.25730235,0.27328883,2325.8667,0.178531513,0.426653714,15367.5381,0.007439089,480.6318351,31.06946998,6.27,2:Δt out of range,INT : 60.00[Hz],SLOW,1,2025/6/19,15:05:35,,,,,,,,,,,,,,,,,,,,
1123,2189.8362,2325.9165,3995.0637,0.257300369,0.27328947,2325.9165,0.178529778,0.426653852,15367.874,0.00744075,480.6323117,31.07002562,6.26,2:Δt out of range,INT : 60.00[Hz],SLOW,1,2025/6/19,15:05:36,,,,,,,,,,,,,,,,,,,,
1124,2189.7798,2325.8652,3994.9885,0.257299272,0.273289315,2325.8652,0.178529006,0.426653585,15368.1584,0.007441414,480.6324656,31.07039205,6.27,2:Δt out of range,INT : 60.00[Hz],SLOW,1,2025/6/19,15:05:37,,,,,,,,,,,,,,,,,,,,
1125,2189.5227,2325.595,3994.5046,0.257299634,0.273290038,2325.595,0.178529011,0.426654125,15367.93482,0.007441533,480.63256,31.07019378,6.27,2:Δt out of range,INT : 60.00[Hz],SLOW,1,2025/6/19,15:05:38,,,,,,,,,,,,,,,,,,,,
1126,2189.5925,2325.6519,3994.7266,0.257297293,0.273285526,2325.6519,0.178528918,0.426650742,15369.34938,0.007440844,480.6319843,31.0714571,6.25,2:Δt out of range,INT : 60.00[Hz],SLOW,1,2025/6/19,15:05:39,,,,,,,,,,,,,,,,,,,,
1127,2189.4065,2325.4563,3994.3772,0.257297538,0.273286016,2325.4563,0.178528921,0.426651108,15369.19784,0.007440925,480.6320484,31.07132282,6.28,2:Δt out of range,INT : 60.00[Hz],SLOW,1,2025/6/19,15:05:40,,,,,,,,,,,,,,,,,,,,
1128,2189.417,2325.4714,3994.3989,0.257297341,0.273286272,2325.4714,0.178528678,0.426651251,15369.19403,0.007441187,480.6321372,31.07135575,6.24,2:Δt out of range,INT : 60.00[Hz],SLOW,1,2025/6/19,15:05:41,,,,,,,,,,,,,,,,,,,,
1129,2189.2834,2325.3616,3994.1948,0.257295172,0.27328774,2325.3616,0.178526492,0.426651918,15369.41358,0.007443392,480.632825,31.07187579,6.27,2:Δt out of range,INT : 60.00[Hz],SLOW,1,2025/6/19,15:05:42,,,,,,,,,,,,,,,,,,,,
1130,2189.3521,2325.4333,3994.2981,0.257295877,0.273288339,2325.4333,0.178526802,0.426652426,15369.1343,0.007443217,480.6328342,31.07158286,6.25,2:Δt out of range,INT : 60.00[Hz],SLOW,1,2025/6/19,15:05:43,,,,,,,,,,,,,,,,,,,,
1131,2189.2837,2325.3938,3994.1648,0.257295132,0.273291444,2325.3938,0.178525085,0.426654406,15368.7074,0.007445283,480.6336326,31.07146198,6.27,2:Δt out of range,INT : 60.00[Hz],SLOW,1,2025/6/19,15:05:44,,,,,,,,,,,,,,,,,,,,
1132,2189.198,2325.2844,3994.0283,0.257295087,0.273289237,2325.2844,0.178525872,0.426652914,15369.14408,0.007444203,480.6331632,31.07173038,6.26,2:Δt out of range,INT : 60.00[Hz],SLOW,1,2025/6/19,15:05:45,,,,,,,,,,,,,,,,,,,,
1133,2189.1282,2325.219,3993.8499,0.257296367,0.273291624,2325.219,0.178525952,0.426654709,15368.38628,0.007444539,480.6334606,31.07104899,6.28,2:Δt out of range,INT : 60.00[Hz],SLOW,1,2025/6/19,15:05:46,,,,,,,,,,,,,,,,,,,,
1134,2188.9561,2325.0715,3993.6289,0.257292487,0.273291652,2325.0715,0.178523009,0.426654154,15369.28068,0.007447175,480.634129,31.07227817,6.28,2:Δt out of range,INT : 60.00[Hz],SLOW,1,2025/6/19,15:05:47,,,,,,,,,,,,,,,,,,,,
1135,2188.958,2325.0566,3993.6885,0.257291301,0.273288404,2325.0566,0.17852332,0.426651792,15370.18336,0.007446342,480.6336292,31.07302906,6.28,2:Δt out of range,INT : 60.00[Hz],SLOW,1,2025/6/19,15:05:48,,,,,,,,,,,,,,,,,,,,
1136,2188.7898,2324.8831,3993.334,0.257292585,0.273290374,2324.8831,0.178523559,0.426653309,15369.50469,0.007446465,480.6338359,31.07239407,6.31,2:Δt out of range,INT : 60.00[Hz],SLOW,1,2025/6/19,15:05:49,,,,,,,,,,,,,,,,,,,,
1137,2188.7803,2324.8743,3993.2771,0.257293743,0.273291756,2324.8743,0.17852392,0.42665441,15368.96929,0.007446378,480.633937,31.07186719,6.31,2:Δt out of range,INT : 60.00[Hz],SLOW,1,2025/6/19,15:05:50,,,,,,,,,,,,,,,,,,,,
1138,2188.7012,2324.8074,3993.1846,0.257291658,0.273291554,2324.8074,0.17852242,0.426653965,15369.49197,0.007447685,480.6342491,31.0725528,6.26,2:Δt out of range,INT : 60.00[Hz],SLOW,1,2025/6/19,15:05:51,,,,,,,,,,,,,,,,,,,,
1139,2188.6155,2324.7173,3993.0337,0.257291465,0.273291458,2324.7173,0.178522309,0.426653872,15369.55529,0.007447768,480.6342614,31.0726252,6.28,2:Δt out of range,INT : 60.00[Hz],SLOW,1,2025/6/19,15:05:52,,,,,,,,,,,,,,,,,,,,
1140,2188.6238,2324.7549,3993.0693,0.257289976,0.273293259,2324.7549,0.178520514,0.426654864,15369.5527,0.007449681,480.6349051,31.07289081,6.27,2:Δt out of range,INT : 60.00[Hz],SLOW,1,2025/6/19,15:05:53,,,,,,,,,,,,,,,,,,,,
1141,2188.7019,2324.8274,3993.2119,0.257290289,0.273292363,2324.8274,0.178521084,0.426654307,15369.65336,0.007449018,480.6346578,31.07289468,6.27,2:Δt out of range,INT : 60.00[Hz],SLOW,1,2025/6/19,15:05:54,,,,,,,,,,,,,,,,,,,,
1142,2188.5139,2324.6409,3992.8594,0.257290177,0.273293795,2324.6409,0.178520467,0.426655254,15369.40256,0.007449814,480.6349865,31.07276518,6.29,2:Δt out of range,INT : 60.00[Hz],SLOW,1,2025/6/19,15:05:55,,,,,,,,,,,,,,,,,,,,
1143,2188.4536,2324.5989,3992.8052,0.257287822,0.273293885,2324.5989,0.178518654,0.426654967,15369.93143,0.007451451,480.6354081,31.07350299,6.3,2:Δt out of range,INT : 60.00[Hz],SLOW,1,2025/6/19,15:05:56,,,,,,,,,,,,,,,,,,,,
1144,2188.3174,2324.4246,3992.5913,0.257287671,0.273290242,2324.4246,0.178519894,0.426652492,15370.67014,0.00744972,480.6346462,31.07397033,6.29,2:Δt out of range,INT : 60.00[Hz],SLOW,1,2025/6/19,15:05:57,,,,,,,,,,,,,,,,,,,,
1145,2188.3359,2324.4707,3992.5889,0.257287965,0.273293664,2324.4707,0.178518844,0.426654839,15369.94098,0.007451243,480.6353358,31.07348299,6.31,2:Δt out of range,INT : 60.00[Hz],SLOW,1,2025/6/19,15:05:58,,,,,,,,,,,,,,,,,,,,
1146,2188.2769,2324.4048,3992.5142,0.257287066,0.273292329,2324.4048,0.178518661,0.426653808,15370.40735,0.007451179,480.6352007,31.07392226,6.28,2:Δt out of range,INT : 60.00[Hz],SLOW,1,2025/6/19,15:05:59,,,,,,,,,,,,,,,,,,,,
1147,2188.2244,2324.3665,3992.4121,0.257286729,0.273294025,2324.3665,0.178517776,0.426654899,15370.15808,0.00745226,480.6356248,31.07383418,6.28,2:Δt out of range,INT : 60.00[Hz],SLOW,1,2025/6/19,15:06:00,,,,,,,,,,,,,,,,,,,,
1148,2188.2295,2324.3877,3992.4363,0.257285801,0.273294895,2324.3877,0.178516751,0.426655347,15370.2053,0.007453325,480.6359712,31.0740288,6.3,2:Δt out of range,INT : 60.00[Hz],SLOW,1,2025/6/19,15:06:01,,,,,,,,,,,,,,,,,,,,
1149,2188.1667,2324.3247,3992.3958,0.257283448,0.273292831,2324.3247,0.178515739,0.426653609,15371.14993,0.007453877,480.6359267,31.07501404,6.32,2:Δt out of range,INT : 60.00[Hz],SLOW,1,2025/6/19,15:06:02,,,,,,,,,,,,,,,,,,,,
1150,2188.1311,2324.3018,3992.322,0.257283264,0.27329439,2324.3018,0.178515021,0.426654631,15370.89134,0.007454785,480.636295,31.07489283,6.31,2:Δt out of range,INT : 60.00[Hz],SLOW,1,2025/6/19,15:06:03,,,,,,,,,,,,,,,,,,,,
1151,2188.1082,2324.2661,3992.28,0.257283615,0.273293425,2324.2661,0.178515645,0.426654034,15370.99643,0.007454063,480.6360265,31.07489256,6.28,2:Δt out of range,INT : 60.00[Hz],SLOW,1,2025/6/19,15:06:04,,,,,,,,,,,,,,,,,,,,
1152,2188.1812,2324.3613,3992.4121,0.257283114,0.273294969,2324.3613,0.178514693,0.426654999,15370.8144,0.007455178,480.6364458,31.07487395,6.29,2:Δt out of range,INT : 60.00[Hz],SLOW,1,2025/6/19,15:06:05,,,,,,,,,,,,,,,,,,,,
1153,2187.948,2324.1296,3991.9985,0.25728227,0.273295955,2324.1296,0.178513688,0.426655538,15370.81956,0.007456245,480.6368031,31.07502841,6.29,2:Δt out of range,INT : 60.00[Hz],SLOW,1,2025/6/19,15:06:06,,,,,,,,,,,,,,,,,,,,
1154,2188.0454,2324.2087,3992.2224,0.257281609,0.273292389,2324.2087,0.178514514,0.42665304,15371.66184,0.007454897,480.6361449,31.07564893,6.34,2:Δt out of range,INT : 60.00[Hz],SLOW,1,2025/6/19,15:06:07,,,,,,,,,,,,,,,,,,,,
1155,2187.9063,2324.0754,3992.0132,0.257279823,0.273292191,2324.0754,0.178513238,0.426652642,15372.11459,0.007456005,480.636407,31.07623928,6.28,2:Δt out of range,INT : 60.00[Hz],SLOW,1,2025/6/19,15:06:08,,,,,,,,,,,,,,,,,,,,
1156,2187.8594,2324.0393,3991.9436,0.257278924,0.27329285,2324.0393,0.178512314,0.426652953,15372.19566,0.007456943,480.6367028,31.07644875,6.31,2:Δt out of range,INT : 60.00[Hz],SLOW,1,2025/6/19,15:06:09,,,,,,,,,,,,,,,,,,,,
1157,2187.6946,2323.8708,3991.6243,0.257279289,0.273294009,2323.8708,0.178512159,0.426653787,15371.88718,0.00745728,480.636891,31.07619949,6.29,2:Δt out of range,INT : 60.00[Hz],SLOW,1,2025/6/19,15:06:10,,,,,,,,,,,,,,,,,,,,
1158,2187.6355,2323.8301,3991.4941,0.257279298,0.273296615,2323.8301,0.178511197,0.426655542,15371.3816,0.007458585,480.6374529,31.07589657,6.32,2:Δt out of range,INT : 60.00[Hz],SLOW,1,2025/6/19,15:06:11,,,,,,,,,,,,,,,,,,,,
1159,2187.592,2323.7866,3991.4612,0.25727781,0.273295352,2323.7866,0.178510542,0.426654472,15371.97072,0.007458956,480.637434,31.07651465,6.32,2:Δt out of range,INT : 60.00[Hz],SLOW,1,2025/6/19,15:06:12,,,,,,,,,,,,,,,,,,,,
1160,2187.4966,2323.6636,3991.3281,0.257277226,0.273292184,2323.6636,0.178511277,0.426652253,15372.71852,0.007457756,480.6368488,31.07706513,6.28,2:Δt out of range,INT : 60.00[Hz],SLOW,1,2025/6/19,15:06:13,,,,,,,,,,,,,,,,,,,,
1161,2187.5205,2323.7,3991.4048,0.257275891,0.273292062,2323.7,0.178510314,0.426651973,15373.05185,0.007458597,480.6370501,31.07750318,6.3,2:Δt out of range,INT : 60.00[Hz],SLOW,1,2025/6/19,15:06:14,,,,,,,,,,,,,,,,,,,,
1162,2187.4226,2323.6377,3991.2188,0.257274852,0.273295863,2323.6377,0.178508117,0.426654378,15372.55831,0.007461211,480.6380489,31.07739539,6.31,2:Δt out of range,INT : 60.00[Hz],SLOW,1,2025/6/19,15:06:15,,,,,,,,,,,,,,,,,,,,
1163,2187.3794,2323.5825,3991.1138,0.257275926,0.273295908,2323.5825,0.178508912,0.426654567,15372.30033,0.007460508,480.6378755,31.077049,6.28,2:Δt out of range,INT : 60.00[Hz],SLOW,1,2025/6/19,15:06:16,,,,,,,,,,,,,,,,,,,,
1164,2187.3816,2323.6057,3991.1609,0.257273991,0.273296306,2323.6057,0.178507301,0.426654549,15372.67235,0.007462016,480.6382918,31.07761787,6.33,2:Δt out of range,INT : 60.00[Hz],SLOW,1,2025/6/19,15:06:17,,,,,,,,,,,,,,,,,,,,
1165,2187.2654,2323.4797,3990.9709,0.257273402,0.273295379,2323.4797,0.1785072,0.426653838,15372.98815,0.007461948,480.6381919,31.07791171,6.28,2:Δt out of range,INT : 60.00[Hz],SLOW,1,2025/6/19,15:06:18,,,,,,,,,,,,,,,,,,,,
1166,2187.2644,2323.4792,3990.9353,0.257274407,0.273296513,2323.4792,0.178507539,0.42665475,15372.53582,0.007461839,480.6382655,31.07746183,6.31,2:Δt out of range,INT : 60.00[Hz],SLOW,1,2025/6/19,15:06:19,,,,,,,,,,,,,,,,,,,,
1167,2187.2229,2323.4626,3990.8281,0.257274528,0.273299875,2323.4626,0.178506381,0.42665703,15371.85822,0.007463449,480.6389716,31.07703628,6.31,2:Δt out of range,INT : 60.00[Hz],SLOW,1,2025/6/19,15:06:20,,,,,,,,,,,,,,,,,,,,
1168,2187.2698,2323.5129,3990.9624,0.257273039,0.273298349,2323.5129,0.178505823,0.426655783,15372.49846,0.007463687,480.6388959,31.077685,6.29,2:Δt out of range,INT : 60.00[Hz],SLOW,1,2025/6/19,15:06:21,,,,,,,,,,,,,,,,,,,,
1169,2187.1257,2323.3689,3990.6951,0.257272897,0.273299265,2323.3689,0.178505375,0.426656379,15372.35442,0.007464245,480.6391183,31.0776247,6.34,2:Δt out of range,INT : 60.00[Hz],SLOW,1,2025/6/19,15:06:22,,,,,,,,,,,,,,,,,,,,
1170,2187.1306,2323.3586,3990.8477,0.257269018,0.273293322,2323.3586,0.178504652,0.426651804,15374.40315,0.007463875,480.6384951,31.07954135,6.31,2:Δt out of range,INT : 60.00[Hz],SLOW,1,2025/6/19,15:06:23,,,,,,,,,,,,,,,,,,,,
1171,2187.1973,2323.4375,3990.9348,0.257269822,0.273295122,2323.4375,0.178504591,0.426653135,15373.86863,0.007464238,480.6387471,31.07907865,6.33,2:Δt out of range,INT : 60.00[Hz],SLOW,1,2025/6/19,15:06:24,,,,,,,,,,,,,,,,,,,,
1172,2187.0281,2323.2756,3990.6504,0.257268546,0.273295865,2323.2756,0.17850335,0.426653446,15374.02127,0.007465474,480.6391254,31.07939859,6.32,2:Δt out of range,INT : 60.00[Hz],SLOW,1,2025/6/19,15:06:25,,,,,,,,,,,,,,,,,,,,
1173,2186.9907,2323.2468,3990.5432,0.257269394,0.273298051,2323.2468,0.178503178,0.426655043,15373.40176,0.007466001,480.6394535,31.07887726,6.3,2:Δt out of range,INT : 60.00[Hz],SLOW,1,2025/6/19,15:06:26,,,,,,,,,,,,,,,,,,,,
1174,2187.0308,2323.3044,3990.6301,0.257268525,0.273298892,2323.3044,0.178502209,0.42665548,15373.44098,0.007467012,480.6397836,31.07905663,6.34,2:Δt out of range,INT : 60.00[Hz],SLOW,1,2025/6/19,15:06:27,,,,,,,,,,,,,,,,,,,,
1175,2186.9121,2323.1821,3990.4185,0.257268259,0.273299056,2323.1821,0.178501947,0.426655551,15373.47096,0.007467274,480.6398645,31.0791222,6.31,2:Δt out of range,INT : 60.00[Hz],SLOW,1,2025/6/19,15:06:28,,,,,,,,,,,,,,,,,,,,
1176,2186.8691,2323.1382,3990.3198,0.257268817,0.273299859,2323.1382,0.178502071,0.426656174,15373.18616,0.0074673,480.6399427,31.07885224,6.32,2:Δt out of range,INT : 60.00[Hz],SLOW,1,2025/6/19,15:06:29,,,,,,,,,,,,,,,,,,,,
1177,2186.7676,2323.0281,3990.1985,0.257266952,0.27329761,2323.0281,0.178501497,0.426654384,15374.05373,0.007467429,480.6397747,31.07970389,6.29,2:Δt out of range,INT : 60.00[Hz],SLOW,1,2025/6/19,15:06:30,,,,,,,,,,,,,,,,,,,,
1178,2186.7256,2322.9998,3990.0938,0.257267308,0.273299907,2322.9998,0.178500912,0.426655983,15373.52719,0.007468345,480.6402107,31.07932634,6.34,2:Δt out of range,INT : 60.00[Hz],SLOW,1,2025/6/19,15:06:31,,,,,,,,,,,,,,,,,,,,
1179,2186.6675,2322.9314,3990.0313,0.257266193,0.273297937,2322.9314,0.178500801,0.426654492,15374.16673,0.007468107,480.639975,31.07990746,6.35,2:Δt out of range,INT : 60.00[Hz],SLOW,1,2025/6/19,15:06:32,,,,,,,,,,,,,,,,,,,,
1180,2186.5635,2322.8301,3989.7952,0.257267317,0.273300212,2322.8301,0.178500806,0.42665619,15373.46611,0.007468492,480.6402749,31.07928822,6.31,2:Δt out of range,INT : 60.00[Hz],SLOW,1,2025/6/19,15:06:33,,,,,,,,,,,,,,,,,,,,
1181,2186.5215,2322.7932,3989.8196,0.257264025,0.273297623,2322.7932,0.17849928,0.42665396,15374.73047,0.007469414,480.6402769,31.08063223,6.34,2:Δt out of range,INT : 60.00[Hz],SLOW,1,2025/6/19,15:06:34,,,,,,,,,,,,,,,,,,,,
1182,2186.4045,2322.6677,3989.5483,0.257265812,0.273299378,2322.6677,0.178499978,0.426655406,15373.97655,0.00746909,480.6403516,31.0798625,6.33,2:Δt out of range,INT : 60.00[Hz],SLOW,1,2025/6/19,15:06:35,,,,,,,,,,,,,,,,,,,,
1183,2186.4023,2322.6875,3989.5349,0.257265426,0.273301573,2322.6875,0.178498871,0.426656826,15373.64191,0.007470455,480.640892,31.07973234,6.34,2:Δt out of range,INT : 60.00[Hz],SLOW,1,2025/6/19,15:06:36,,,,,,,,,,,,,,,,,,,,
1184,2186.3984,2322.6855,3989.5781,0.257263838,0.273300138,2322.6855,0.178498204,0.426655625,15374.28773,0.007470806,480.6408527,31.08040209,6.34,2:Δt out of range,INT : 60.00[Hz],SLOW,1,2025/6/19,15:06:37,,,,,,,,,,,,,,,,,,,,
1185,2186.2673,2322.5542,3989.3821,0.257262288,0.27329943,2322.5542,0.178497296,0.426654919,15374.78428,0.007471497,480.640964,31.080976,6.32,2:Δt out of range,INT : 60.00[Hz],SLOW,1,2025/6/19,15:06:38,,,,,,,,,,,,,,,,,,,,
1186,2186.2905,2322.5969,3989.3904,0.257262772,0.273302068,2322.5969,0.178496681,0.426656766,15374.16203,0.007472497,480.6414518,31.08051843,6.32,2:Δt out of range,INT : 60.00[Hz],SLOW,1,2025/6/19,15:06:39,,,,,,,,,,,,,,,,,,,,
1187,2186.2522,2322.5693,3989.3013,0.257262957,0.273303805,2322.5693,0.178496176,0.426657963,15373.78326,0.007473246,480.6417957,31.08025945,6.34,2:Δt out of range,INT : 60.00[Hz],SLOW,1,2025/6/19,15:06:40,,,,,,,,,,,,,,,,,,,,
1188,2186.283,2322.5774,3989.4785,0.257260039,0.273297809,2322.5774,0.178496199,0.426653495,15375.61949,0.007472201,480.6409971,31.081877,6.33,2:Δt out of range,INT : 60.00[Hz],SLOW,1,2025/6/19,15:06:41,,,,,,,,,,,,,,,,,,,,
1189,2186.1545,2322.4756,3989.2222,0.257259649,0.273301479,2322.4756,0.17849454,0.426655907,15375.00058,0.007474311,480.6418571,31.0815783,6.35,2:Δt out of range,INT : 60.00[Hz],SLOW,1,2025/6/19,15:06:42,,,,,,,,,,,,,,,,,,,,
1190,2186.0713,2322.3818,3989.0271,0.257261123,0.273302408,2322.3818,0.178495309,0.426656751,15374.47889,0.007473782,480.6418065,31.08100298,6.32,2:Δt out of range,INT : 60.00[Hz],SLOW,1,2025/6/19,15:06:43,,,,,,,,,,,,,,,,,,,,
1191,2185.9741,2322.2966,3988.8672,0.257260048,0.273303391,2322.2966,0.178494131,0.426657253,15374.5385,0.007475004,480.6422024,31.08123147,6.35,2:Δt out of range,INT : 60.00[Hz],SLOW,1,2025/6/19,15:06:44,,,,,,,,,,,,,,,,,,,,
1192,2185.9282,2322.2556,3988.8467,0.257257897,0.27330202,2322.2556,0.178493015,0.426656012,15375.30245,0.007475767,480.6422729,31.08207243,6.33,2:Δt out of range,INT : 60.00[Hz],SLOW,1,2025/6/19,15:06:45,,,,,,,,,,,,,,,,,,,,
1193,2185.8489,2322.1782,3988.7092,0.257257472,0.273302374,2322.1782,0.178492562,0.426656187,15375.33279,0.007476232,480.642422,31.08216683,6.35,2:Δt out of range,INT : 60.00[Hz],SLOW,1,2025/6/19,15:06:46,,,,,,,,,,,,,,,,,,,,
1194,2185.7534,2322.0952,3988.5496,0.257256469,0.273303481,2322.0952,0.178491393,0.426656784,15375.35157,0.007477467,480.6428323,31.08235796,6.35,2:Δt out of range,INT : 60.00[Hz],SLOW,1,2025/6/19,15:06:47,,,,,,,,,,,,,,,,,,,,
1195,2185.6907,2322.0283,3988.4626,0.257255648,0.273302574,2322.0283,0.178491109,0.426656052,15375.71745,0.007477566,480.6427764,31.08272331,6.33,2:Δt out of range,INT : 60.00[Hz],SLOW,1,2025/6/19,15:06:48,,,,,,,,,,,,,,,,,,,,
1196,2185.6077,2321.9409,3988.2966,0.257256064,0.273303108,2321.9409,0.178491226,0.426656473,15375.51744,0.007477553,480.6428208,31.08252937,6.33,2:Δt out of range,INT : 60.00[Hz],SLOW,1,2025/6/19,15:06:49,,,,,,,,,,,,,,,,,,,,
1197,2185.5842,2321.925,3988.3083,0.257254137,0.273302128,2321.925,0.178490133,0.426655528,15376.15427,0.007478362,480.6429377,31.08325456,6.34,2:Δt out of range,INT : 60.00[Hz],SLOW,1,2025/6/19,15:06:50,,,,,,,,,,,,,,,,,,,,
1198,2185.5281,2321.8557,3988.1467,0.257256224,0.273303203,2321.8557,0.178491311,0.426656561,15375.46193,0.007477493,480.6428141,31.08246761,6.34,2:Δt out of range,INT : 60.00[Hz],SLOW,1,2025/6/19,15:06:51,,,,,,,,,,,,,,,,,,,,
1199,2185.593,2321.9468,3988.3408,0.257253262,0.273302664,2321.9468,0.178489273,0.42665576,15376.25366,0.007479223,480.6432028,31.08347074,6.36,2:Δt out of range,INT : 60.00[Hz],SLOW,1,2025/6/19,15:06:52,,,,,,,,,,,,,,,,,,,,
1200,2185.5522,2321.906,3988.2424,0.25725391,0.273303652,2321.906,0.178489396,0.426656521,15375.91222,0.007479282,480.6433059,31.08315106,6.34,2:Δt out of range,INT : 60.00[Hz],SLOW,1,2025/6/19,15:06:53,,,,,,,,,,,,,,,,,,,,
1201,2185.4167,2321.7544,3988.0432,0.257252686,0.273301452,2321.7544,0.178489288,0.426654859,15376.62171,0.007479002,480.6430389,31.08379331,6.36,2:Δt out of range,INT : 60.00[Hz],SLOW,1,2025/6/19,15:06:54,,,,,,,,,,,,,,,,,,,,
1202,2185.3428,2321.6855,3987.8821,0.25725319,0.273303118,2321.6855,0.17848905,0.426656055,15376.18259,0.0074795,480.6433133,31.08344135,6.34,2:Δt out of range,INT : 60.00[Hz],SLOW,1,2025/6/19,15:06:55,,,,,,,,,,,,,,,,,,,,
1203,2185.3459,2321.708,3987.9016,0.257252189,0.273304316,2321.708,0.178487848,0.426656713,15376.18331,0.007480779,480.6437429,31.08362135,6.32,2:Δt out of range,INT : 60.00[Hz],SLOW,1,2025/6/19,15:06:56,,,,,,,,,,,,,,,,,,,,
1204,2185.1987,2321.5515,3987.6292,0.257252307,0.273304428,2321.5515,0.178487896,0.426656805,15376.13427,0.007480756,480.643747,31.08357095,6.36,2:Δt out of range,INT : 60.00[Hz],SLOW,1,2025/6/19,15:06:57,,,,,,,,,,,,,,,,,,,,
1205,2185.2224,2321.5857,3987.7222,0.257250527,0.273303599,2321.5857,0.178486859,0.426655984,15376.70763,0.007481542,480.6438714,31.08423186,6.36,2:Δt out of range,INT : 60.00[Hz],SLOW,1,2025/6/19,15:06:58,,,,,,,,,,,,,,,,,,,,
1206,2185.2085,2321.5896,3987.7104,0.257249551,0.273304759,2321.5896,0.17848569,0.426656621,15376.7098,0.007482785,480.6442888,31.0844083,6.33,2:Δt out of range,INT : 60.00[Hz],SLOW,1,2025/6/19,15:06:59,,,,,,,,,,,,,,,,,,,,
1207,2185.1416,2321.5103,3987.5591,0.257250685,0.273304996,2321.5103,0.178486459,0.426656948,15376.40092,0.007482138,480.6441465,31.08402084,6.35,2:Δt out of range,INT : 60.00[Hz],SLOW,1,2025/6/19,15:07:00,,,,,,,,,,,,,,,,,,,,
1208,2185.0759,2321.4656,3987.52,0.257247478,0.273304543,2321.4656,0.178484203,0.426656169,15377.23269,0.007484078,480.6445957,31.08509175,6.35,2:Δt out of range,INT : 60.00[Hz],SLOW,1,2025/6/19,15:07:01,,,,,,,,,,,,,,,,,,,,
1209,2185.136,2321.5298,3987.5027,0.257251313,0.273308659,2321.5298,0.178485573,0.426659506,15375.54701,0.007483556,480.6448313,31.08339946,6.35,2:Δt out of range,INT : 60.00[Hz],SLOW,1,2025/6/19,15:07:02,,,,,,,,,,,,,,,,,,,,
1210,2185.1191,2321.5073,3987.4561,0.257251928,0.273308777,2321.5073,0.178485994,0.426659676,15375.38144,0.0074832,480.644752,31.08319048,6.37,2:Δt out of range,INT : 60.00[Hz],SLOW,1,2025/6/19,15:07:03,,,,,,,,,,,,,,,,,,,,
1211,2185.0229,2321.4153,3987.3672,0.257248995,0.273306862,2321.4153,0.178484488,0.426657953,15376.43241,0.007484219,480.6448383,31.08434293,6.35,2:Δt out of range,INT : 60.00[Hz],SLOW,1,2025/6/19,15:07:04,,,,,,,,,,,,,,,,,,,,
1212,2184.8965,2321.2925,3987.1909,0.257247,0.273306096,2321.2925,0.178483265,0.426657143,15377.04347,0.007485182,480.6450128,31.08506481,6.4,2:Δt out of range,INT : 60.00[Hz],SLOW,1,2025/6/19,15:07:05,,,,,,,,,,,,,,,,,,,,
1213,2184.8704,2321.2556,3987.2078,0.257245323,0.273303235,2321.2556,0.178483061,0.426654969,15377.98592,0.007484875,480.6446803,31.08592702,6.35,2:Δt out of range,INT : 60.00[Hz],SLOW,1,2025/6/19,15:07:06,,,,,,,,,,,,,,,,,,,,
1214,2184.7759,2321.178,3987.0645,0.25724375,0.273304247,2321.178,0.178481496,0.426655417,15378.15537,0.007486448,480.6451676,31.0863103,6.35,2:Δt out of range,INT : 60.00[Hz],SLOW,1,2025/6/19,15:07:07,,,,,,,,,,,,,,,,,,,,
1215,2184.8904,2321.3086,3987.3579,0.257240921,0.273302296,2321.3086,0.178480083,0.426653685,15379.18942,0.007487378,480.6452282,31.08743368,6.36,2:Δt out of range,INT : 60.00[Hz],SLOW,1,2025/6/19,15:07:08,,,,,,,,,,,,,,,,,,,,
1216,2184.7371,2321.1589,3987.0552,0.257241217,0.273304161,2321.1589,0.178479614,0.426654984,15378.76007,0.007488116,480.6455809,31.08712496,6.37,2:Δt out of range,INT : 60.00[Hz],SLOW,1,2025/6/19,15:07:09,,,,,,,,,,,,,,,,,,,,
1217,2184.6692,2321.0869,3986.9023,0.25724209,0.273305106,2321.0869,0.178479923,0.426655749,15378.37454,0.007488001,480.6456361,31.08673857,6.39,2:Δt out of range,INT : 60.00[Hz],SLOW,1,2025/6/19,15:07:10,,,,,,,,,,,,,,,,,,,,
1218,2184.6833,2321.1082,3986.8862,0.257243166,0.273306992,2321.1082,0.178480035,0.426657179,15377.75995,0.007488224,480.6458606,31.08617952,6.38,2:Δt out of range,INT : 60.00[Hz],SLOW,1,2025/6/19,15:07:11,,,,,,,,,,,,,,,,,,,,
1219,2184.5791,2321.0098,3986.7607,0.257240835,0.273305965,2321.0098,0.178478655,0.426656142,15378.49984,0.007489282,480.646036,31.08703851,6.36,2:Δt out of range,INT : 60.00[Hz],SLOW,1,2025/6/19,15:07:12,,,,,,,,,,,,,,,,,,,,
1220,2184.4785,2320.9189,3986.532,0.257241717,0.273308784,2320.9189,0.178478274,0.42665817,15377.74978,0.007490104,480.6464951,31.08643346,6.35,2:Δt out of range,INT : 60.00[Hz],SLOW,1,2025/6/19,15:07:13,,,,,,,,,,,,,,,,,,,,
1221,2184.4382,2320.8835,3986.5205,0.257239613,0.273307422,2320.8835,0.17847719,0.426656942,15378.50162,0.007490841,480.6465595,31.08725882,6.38,2:Δt out of range,INT : 60.00[Hz],SLOW,1,2025/6/19,15:07:14,,,,,,,,,,,,,,,,,,,,
1222,2184.3276,2320.7451,3986.3538,0.257239181,0.273304503,2320.7451,0.178477948,0.426654913,15379.16637,0.007489664,480.6460021,31.08773216,6.34,2:Δt out of range,INT : 60.00[Hz],SLOW,1,2025/6/19,15:07:15,,,,,,,,,,,,,,,,,,,,
1223,2184.1895,2320.6001,3986.1206,0.257238558,0.273304045,2320.6001,0.178477648,0.426654513,15379.39961,0.007489854,480.6460091,31.0879828,6.38,2:Δt out of range,INT : 60.00[Hz],SLOW,1,2025/6/19,15:07:16,,,,,,,,,,,,,,,,,,,,
1224,2184.2273,2320.6565,3986.2644,0.2572358,0.273303026,2320.6565,0.178475941,0.426653419,15380.23698,0.007491206,480.6462594,31.0889764,6.37,2:Δt out of range,INT : 60.00[Hz],SLOW,1,2025/6/19,15:07:17,,,,,,,,,,,,,,,,,,,,
1225,2184.2224,2320.6394,3986.2461,0.257236444,0.27330231,2320.6394,0.178476694,0.426653032,15380.22617,0.007490411,480.6459947,31.08885443,6.36,2:Δt out of range,INT : 60.00[Hz],SLOW,1,2025/6/19,15:07:18,,,,,,,,,,,,,,,,,,,,
1226,2184.1763,2320.6133,3986.1807,0.257235183,0.273303665,2320.6133,0.178475238,0.426653757,15380.2567,0.007491944,480.6465026,31.08909883,6.41,2:Δt out of range,INT : 60.00[Hz],SLOW,1,2025/6/19,15:07:19,,,,,,,,,,,,,,,,,,,,
1227,2184.1414,2320.595,3986.0745,0.257235902,0.27330664,2320.595,0.178474676,0.426655866,15379.51424,0.007492955,480.6470233,31.08852776,6.36,2:Δt out of range,INT : 60.00[Hz],SLOW,1,2025/6/19,15:07:20,,,,,,,,,,,,,,,,,,,,
1228,2183.9797,2320.4116,3985.8784,0.257233254,0.273302461,2320.4116,0.178474227,0.426652661,15380.9376,0.007492642,480.6465713,31.08985045,6.37,2:Δt out of range,INT : 60.00[Hz],SLOW,1,2025/6/19,15:07:21,,,,,,,,,,,,,,,,,,,,
1229,2183.9294,2320.3694,3985.7783,0.257233165,0.27330369,2320.3694,0.178473703,0.426653476,15380.72044,0.007493321,480.6468523,31.08973717,6.35,2:Δt out of range,INT : 60.00[Hz],SLOW,1,2025/6/19,15:07:22,,,,,,,,,,,,,,,,,,,,
1230,2183.9958,2320.4536,3985.9094,0.257232451,0.273304539,2320.4536,0.178472848,0.426653941,15380.72193,0.007494231,480.6471577,31.08986619,6.37,2:Δt out of range,INT : 60.00[Hz],SLOW,1,2025/6/19,15:07:23,,,,,,,,,,,,,,,,,,,,
1231,2183.8357,2320.3062,3985.6223,0.257231608,0.273306319,2320.3062,0.178471551,0.426655014,15380.57321,0.007495695,480.6476859,31.08992877,6.37,2:Δt out of range,INT : 60.00[Hz],SLOW,1,2025/6/19,15:07:24,,,,,,,,,,,,,,,,,,,,
1232,2184.0017,2320.4668,3985.9697,0.25723074,0.273303538,2320.4668,0.178471927,0.426653014,15381.31281,0.007494883,480.6472329,31.09052495,6.39,2:Δt out of range,INT : 60.00[Hz],SLOW,1,2025/6/19,15:07:25,,,,,,,,,,,,,,,,,,,,
1233,2183.7839,2320.228,3985.603,0.257230031,0.273301914,2320.228,0.178471994,0.426651816,15381.79178,0.007494546,480.6470028,31.09093737,6.38,2:Δt out of range,INT : 60.00[Hz],SLOW,1,2025/6/19,15:07:26,,,,,,,,,,,,,,,,,,,,
1234,2183.7478,2320.1892,3985.5864,0.257228551,0.273300289,2320.1892,0.17847148,0.426650504,15382.4498,0.007494728,480.6469039,31.09159463,6.38,2:Δt out of range,INT : 60.00[Hz],SLOW,1,2025/6/19,15:07:27,,,,,,,,,,,,,,,,,,,,
1235,2183.6604,2320.1272,3985.3467,0.257230045,0.273305512,2320.1272,0.178470669,0.42665424,15381.0921,0.007496346,480.6477782,31.09051821,6.4,2:Δt out of range,INT : 60.00[Hz],SLOW,1,2025/6/19,15:07:28,,,,,,,,,,,,,,,,,,,,
1236,2183.7605,2320.2632,3985.4919,0.257230283,0.273309257,2320.2632,0.178469457,0.426656796,15380.31252,0.007498069,480.6485471,31.0900114,6.4,2:Δt out of range,INT : 60.00[Hz],SLOW,1,2025/6/19,15:07:29,,,,,,,,,,,,,,,,,,,,
1237,2183.6599,2320.1377,3985.4172,0.257227547,0.273304158,2320.1377,0.178469284,0.426652959,15381.93426,0.007497353,480.6479113,31.09146786,6.37,2:Δt out of range,INT : 60.00[Hz],SLOW,1,2025/6/19,15:07:30,,,,,,,,,,,,,,,,,,,,
1238,2183.6555,2320.146,3985.4512,0.25722588,0.273303915,2320.146,0.178468115,0.426652549,15382.36818,0.007498357,480.648143,31.09202525,6.39,2:Δt out of range,INT : 60.00[Hz],SLOW,1,2025/6/19,15:07:31,,,,,,,,,,,,,,,,,,,,
1239,2183.4573,2319.9377,3985.0247,0.257227774,0.273306196,2319.9377,0.178468698,0.426654364,15381.48726,0.007498225,480.6483134,31.09116114,6.37,2:Δt out of range,INT : 60.00[Hz],SLOW,1,2025/6/19,15:07:32,,,,,,,,,,,,,,,,,,,,
1240,2183.5405,2320.0532,3985.2278,0.257225399,0.273306866,2320.0532,0.178466655,0.426654464,15381.90893,0.007500166,480.648863,31.09183823,6.4,2:Δt out of range,INT : 60.00[Hz],SLOW,1,2025/6/19,15:07:33,,,,,,,,,,,,,,,,,,,,
1241,2183.377,2319.8726,3984.9331,0.257225495,0.273306158,2319.8726,0.178466991,0.426654001,15382.02365,0.007499745,480.6486935,31.09188928,6.4,2:Δt out of range,INT : 60.00[Hz],SLOW,1,2025/6/19,15:07:34,,,,,,,,,,,,,,,,,,,,
1242,2183.4473,2319.9438,3985.053,0.257225856,0.273306129,2319.9438,0.178467274,0.426654035,15381.94544,0.007499487,480.6486258,31.091778,6.37,2:Δt out of range,INT : 60.00[Hz],SLOW,1,2025/6/19,15:07:35,,,,,,,,,,,,,,,,,,,,
1243,2183.3667,2319.887,3984.9204,0.257224543,0.273308131,2319.887,0.178465537,0.426655188,15381.86306,0.007501382,480.6492825,31.09196468,6.35,2:Δt out of range,INT : 60.00[Hz],SLOW,1,2025/6/19,15:07:36,,,,,,,,,,,,,,,,,,,,
1244,2183.2209,2319.7217,3984.7781,0.257221105,0.273303256,2319.7217,0.178464751,0.426651398,15383.6047,0.007501252,480.6488146,31.09361819,6.4,2:Δt out of range,INT : 60.00[Hz],SLOW,1,2025/6/19,15:07:37,,,,,,,,,,,,,,,,,,,,
1245,2183.2705,2319.7773,3984.8584,0.257221327,0.273303833,2319.7773,0.178464704,0.42665182,15383.44133,0.007501392,480.6489016,31.0934811,6.38,2:Δt out of range,INT : 60.00[Hz],SLOW,1,2025/6/19,15:07:38,,,,,,,,,,,,,,,,,,,,
1246,2183.2222,2319.7234,3984.8132,0.257220104,0.273302229,2319.7234,0.178464375,0.426650559,15384.03596,0.007501412,480.6487635,31.09405457,6.37,2:Δt out of range,INT : 60.00[Hz],SLOW,1,2025/6/19,15:07:39,,,,,,,,,,,,,,,,,,,,
1247,2183.1438,2319.6672,3984.5444,0.257223092,0.273308597,2319.6672,0.178464268,0.426655288,15382.10962,0.007502597,480.6496306,31.09237174,6.4,2:Δt out of range,INT : 60.00[Hz],SLOW,1,2025/6/19,15:07:40,,,,,,,,,,,,,,,,,,,,
1248,2183.0728,2319.572,3984.6206,0.257217454,0.273300279,2319.572,0.178463098,0.426648854,15385.02885,0.007502222,480.6487936,31.09512092,6.38,2:Δt out of range,INT : 60.00[Hz],SLOW,1,2025/6/19,15:07:41,,,,,,,,,,,,,,,,,,,,
1249,2183.0691,2319.5835,3984.5327,0.257219446,0.273304213,2319.5835,0.178463141,0.426651797,15383.80476,0.007502855,480.6493045,31.09403507,6.35,2:Δt out of range,INT : 60.00[Hz],SLOW,1,2025/6/19,15:07:42,,,,,,,,,,,,,,,,,,,,
1250,2183.0269,2319.5247,3984.4395,0.257220359,0.273303539,2319.5247,0.178464082,0.426651478,15383.72317,0.007501899,480.649003,31.09382258,6.39,2:Δt out of range,INT : 60.00[Hz],SLOW,1,2025/6/19,15:07:43,,,,,,,,,,,,,,,,,,,,
1251,2183.0313,2319.5684,3984.4673,0.257218577,0.273306243,2319.5684,0.178461731,0.426653035,15383.61349,0.007504463,480.6498915,31.09407711,6.38,2:Δt out of range,INT : 60.00[Hz],SLOW,1,2025/6/19,15:07:44,,,,,,,,,,,,,,,,,,,,
1252,2183.0259,2319.5603,3984.5212,0.257216717,0.273303988,2319.5603,0.178461162,0.426651242,15384.48213,0.007504586,480.6497211,31.09492798,6.39,2:Δt out of range,INT : 60.00[Hz],SLOW,1,2025/6/19,15:07:45,,,,,,,,,,,,,,,,,,,,
1253,2182.9023,2319.4463,3984.2595,0.257217286,0.273306635,2319.4463,0.178460609,0.426653107,15383.83775,0.007505533,480.6501963,31.0944424,6.42,2:Δt out of range,INT : 60.00[Hz],SLOW,1,2025/6/19,15:07:46,,,,,,,,,,,,,,,,,,,,
1254,2182.8279,2319.3774,3984.094,0.257217878,0.273308461,2319.3774,0.178460379,0.426654424,15383.34672,0.007506051,480.65049,31.09404382,6.43,2:Δt out of range,INT : 60.00[Hz],SLOW,1,2025/6/19,15:07:47,,,,,,,,,,,,,,,,,,,,
1255,2182.865,2319.4302,3984.2361,0.257215218,0.273307211,2319.4302,0.178458833,0.426653189,15384.20636,0.00750722,480.6506733,31.09503283,6.38,2:Δt out of range,INT : 60.00[Hz],SLOW,1,2025/6/19,15:07:48,,,,,,,,,,,,,,,,,,,,
1256,2182.7756,2319.3171,3984.1545,0.257213294,0.273303033,2319.3171,0.178458931,0.426650093,15385.46184,0.007506419,480.6500981,31.09612515,6.39,2:Δt out of range,INT : 60.00[Hz],SLOW,1,2025/6/19,15:07:49,,,,,,,,,,,,,,,,,,,,
1257,2182.6765,2319.2144,3983.9783,0.257213074,0.273303105,2319.2144,0.178458737,0.426650108,15385.49923,0.007506604,480.6501513,31.09618702,6.4,2:Δt out of range,INT : 60.00[Hz],SLOW,1,2025/6/19,15:07:50,,,,,,,,,,,,,,,,,,,,
1258,2182.583,2319.1392,3983.8303,0.257211655,0.273304443,2319.1392,0.178457168,0.426650799,15385.56976,0.007508236,480.6506824,31.09648367,6.4,2:Δt out of range,INT : 60.00[Hz],SLOW,1,2025/6/19,15:07:51,,,,,,,,,,,,,,,,,,,,
1259,2182.594,2319.1382,3983.8584,0.257211796,0.273303098,2319.1382,0.178457774,0.426649914,15385.79728,0.007507464,480.6503676,31.09659365,6.39,2:Δt out of range,INT : 60.00[Hz],SLOW,1,2025/6/19,15:07:52,,,,,,,,,,,,,,,,,,,,
1260,2182.6008,2319.1606,3983.7659,0.257214516,0.273307777,2319.1606,0.178458092,0.426653466,15384.25987,0.007507979,480.6509152,31.09519065,6.41,2:Δt out of range,INT : 60.00[Hz],SLOW,1,2025/6/19,15:07:53,,,,,,,,,,,,,,,,,,,,
1261,2182.2751,2318.7976,3983.322,0.257210464,0.273301477,2318.7976,0.17845737,0.426648626,15386.42059,0.007507548,480.6502441,31.09720352,6.42,2:Δt out of range,INT : 60.00[Hz],SLOW,1,2025/6/19,15:07:54,,,,,,,,,,,,,,,,,,,,
1262,2182.3359,2318.8896,3983.3997,0.257210643,0.273304895,2318.8896,0.178456235,0.426650953,15385.71734,0.007509147,480.6509526,31.09675314,6.42,2:Δt out of range,INT : 60.00[Hz],SLOW,1,2025/6/19,15:07:55,,,,,,,,,,,,,,,,,,,,
1263,2182.3215,2318.874,3983.3706,0.257210737,0.27330496,2318.874,0.178456282,0.426651011,15385.68281,0.007509116,480.6509506,31.09671564,6.39,2:Δt out of range,INT : 60.00[Hz],SLOW,1,2025/6/19,15:07:56,,,,,,,,,,,,,,,,,,,,
1264,2182.3167,2318.8594,3983.4231,0.257209168,0.273302173,2318.8594,0.178456132,0.426648903,15386.58687,0.007508775,480.6506157,31.09753514,6.4,2:Δt out of range,INT : 60.00[Hz],SLOW,1,2025/6/19,15:07:57,,,,,,,,,,,,,,,,,,,,
1265,2182.2109,2318.7607,3983.2219,0.257208997,0.273303609,2318.7607,0.178455469,0.426649844,15386.34865,0.007509612,480.6509551,31.09742411,6.43,2:Δt out of range,INT : 60.00[Hz],SLOW,1,2025/6/19,15:07:58,,,,,,,,,,,,,,,,,,,,
1266,2182.1904,2318.7393,3983.189,0.257208848,0.273303496,2318.7393,0.178455399,0.426649746,15386.40501,0.007509656,480.650956,31.0974843,6.44,2:Δt out of range,INT : 60.00[Hz],SLOW,1,2025/6/19,15:07:59,,,,,,,,,,,,,,,,,,,,
1267,2182.0715,2318.634,3983.0237,0.257206642,0.273303632,2318.634,0.178453681,0.426649511,15386.89122,0.007511215,480.6513614,31.09816955,6.42,2:Δt out of range,INT : 60.00[Hz],SLOW,1,2025/6/19,15:08:00,,,,,,,,,,,,,,,,,,,,
1268,2182.0947,2318.6638,3983.1125,0.257205078,0.273302576,2318.6638,0.178452891,0.426648569,15387.45901,0.007511742,480.6513999,31.09878808,6.41,2:Δt out of range,INT : 60.00[Hz],SLOW,1,2025/6/19,15:08:01,,,,,,,,,,,,,,,,,,,,
1269,2182.1497,2318.7219,3983.2083,0.257205227,0.273302695,2318.7219,0.17845296,0.426648671,15387.40125,0.0075117,480.6514001,31.09872686,6.42,2:Δt out of range,INT : 60.00[Hz],SLOW,1,2025/6/19,15:08:02,,,,,,,,,,,,,,,,,,,,
1270,2182.0146,2318.5991,3982.9365,0.257205362,0.273305284,2318.5991,0.1784521,0.426650434,15386.86857,0.007512912,480.6519369,31.09838585,6.4,2:Δt out of range,INT : 60.00[Hz],SLOW,1,2025/6/19,15:08:03,,,,,,,,,,,,,,,,,,,,
1271,2182.0627,2318.6746,3983.0269,0.257204544,0.27330729,2318.6746,0.178450737,0.426651662,15386.67038,0.007514473,480.6525099,31.09841482,6.44,2:Δt out of range,INT : 60.00[Hz],SLOW,1,2025/6/19,15:08:04,,,,,,,,,,,,,,,,,,,,
1272,2181.9329,2318.5173,3982.7815,0.257205388,0.273305903,2318.5173,0.17845189,0.426650854,15386.74277,0.007513205,480.6520662,31.09830636,6.4,2:Δt out of range,INT : 60.00[Hz],SLOW,1,2025/6/19,15:08:05,,,,,,,,,,,,,,,,,,,,
1273,2181.8225,2318.4165,3982.6204,0.257203662,0.273306015,2318.4165,0.178450543,0.426650674,15387.12202,0.007514428,480.6523847,31.09884179,6.43,2:Δt out of range,INT : 60.00[Hz],SLOW,1,2025/6/19,15:08:06,,,,,,,,,,,,,,,,,,,,
1274,2181.729,2318.3284,3982.4355,0.257203752,0.273307438,2318.3284,0.178450083,0.426651645,15386.82563,0.007515083,480.6526768,31.09864929,6.44,2:Δt out of range,INT : 60.00[Hz],SLOW,1,2025/6/19,15:08:07,,,,,,,,,,,,,,,,,,,,
1275,2181.7144,2318.2776,3982.5747,0.257199793,0.273299071,2318.2776,0.178450199,0.426645428,15389.36564,0.00751355,480.6515431,31.10087062,6.4,2:Δt out of range,INT : 60.00[Hz],SLOW,1,2025/6/19,15:08:08,,,,,,,,,,,,,,,,,,,,
1276,2181.6821,2318.2708,3982.5249,0.257198681,0.273301134,2318.2708,0.178448592,0.426646651,15389.22456,0.007515339,480.6521785,31.10098639,6.43,2:Δt out of range,INT : 60.00[Hz],SLOW,1,2025/6/19,15:08:09,,,,,,,,,,,,,,,,,,,,
1277,2181.5886,2318.1685,3982.2786,0.257201063,0.273303318,2318.1685,0.178449581,0.426648474,15388.24801,0.007514828,480.6522445,31.09997798,6.42,2:Δt out of range,INT : 60.00[Hz],SLOW,1,2025/6/19,15:08:10,,,,,,,,,,,,,,,,,,,,
1278,2181.585,2318.1716,3982.2593,0.257201239,0.273304321,2318.1716,0.178449342,0.426649175,15388.01279,0.007515214,480.6524315,31.0998065,6.41,2:Δt out of range,INT : 60.00[Hz],SLOW,1,2025/6/19,15:08:11,,,,,,,,,,,,,,,,,,,,
1279,2181.4829,2318.0752,3982.0886,0.257200397,0.273304852,2318.0752,0.178448508,0.426649408,15388.10556,0.00751605,480.6526897,31.10001281,6.42,2:Δt out of range,INT : 60.00[Hz],SLOW,1,2025/6/19,15:08:12,,,,,,,,,,,,,,,,,,,,
1280,2181.4587,2318.0571,3982.0403,0.257200291,0.273305638,2318.0571,0.178448137,0.426649921,15387.97806,0.007516516,480.6528775,31.09995597,6.46,2:Δt out of range,INT : 60.00[Hz],SLOW,1,2025/6/19,15:08:13,,,,,,,,,,,,,,,,,,,,
1281,2181.4607,2318.0732,3982.0913,0.257198432,0.273305309,2318.0732,0.178446853,0.426649425,15388.47368,0.007517608,480.6531235,31.10058455,6.41,2:Δt out of range,INT : 60.00[Hz],SLOW,1,2025/6/19,15:08:14,,,,,,,,,,,,,,,,,,,,
1282,2181.344,2317.96,3981.7869,0.257200875,0.27330918,2317.96,0.178447262,0.426652391,15387.15658,0.007517904,480.6535438,31.09936258,6.4,2:Δt out of range,INT : 60.00[Hz],SLOW,1,2025/6/19,15:08:15,,,,,,,,,,,,,,,,,,,,
1283,2181.3086,2317.9478,3981.7849,0.257198205,0.27330934,2317.9478,0.178445185,0.426652104,15387.74581,0.007519788,480.6540334,31.1001923,6.4,2:Δt out of range,INT : 60.00[Hz],SLOW,1,2025/6/19,15:08:16,,,,,,,,,,,,,,,,,,,,
1284,2181.1316,2317.7368,3981.479,0.257198378,0.273306822,2317.7368,0.178446251,0.426650435,15388.19308,0.007518405,480.6534596,31.10042723,6.45,2:Δt out of range,INT : 60.00[Hz],SLOW,1,2025/6/19,15:08:17,,,,,,,,,,,,,,,,,,,,
1285,2181.2429,2317.8723,3981.6975,0.257197391,0.273307805,2317.8723,0.17844514,0.42665095,15388.23226,0.007519566,480.6538402,31.10062779,6.4,2:Δt out of range,INT : 60.00[Hz],SLOW,1,2025/6/19,15:08:18,,,,,,,,,,,,,,,,,,,,
1286,2181.1582,2317.7954,3981.5608,0.25719645,0.27330835,2317.7954,0.178444226,0.426651178,15388.34514,0.007520476,480.6541185,31.10086379,6.45,2:Δt out of range,INT : 60.00[Hz],SLOW,1,2025/6/19,15:08:19,,,,,,,,,,,,,,,,,,,,
1287,2181.136,2317.7874,3981.4719,0.257197445,0.273311245,2317.7874,0.178443902,0.426653274,15387.55355,0.00752126,480.6545748,31.10021447,6.41,2:Δt out of range,INT : 60.00[Hz],SLOW,1,2025/6/19,15:08:20,,,,,,,,,,,,,,,,,,,,
1288,2181.1416,2317.7732,3981.5305,0.257196588,0.273307959,2317.7732,0.178444476,0.426650935,15388.38871,0.007520186,480.6540104,31.10086489,6.44,2:Δt out of range,INT : 60.00[Hz],SLOW,1,2025/6/19,15:08:21,,,,,,,,,,,,,,,,,,,,
1289,2181.0632,2317.6982,3981.3911,0.257196224,0.273308552,2317.6982,0.17844398,0.42665128,15388.3587,0.007520731,480.6542007,31.10091251,6.46,2:Δt out of range,INT : 60.00[Hz],SLOW,1,2025/6/19,15:08:22,,,,,,,,,,,,,,,,,,,,
1290,2181.0869,2317.7444,3981.3989,0.257196662,0.273311496,2317.7444,0.178443218,0.426653326,15387.68686,0.007521915,480.6547624,31.10043424,6.47,2:Δt out of range,INT : 60.00[Hz],SLOW,1,2025/6/19,15:08:23,,,,,,,,,,,,,,,,,,,,
1291,2180.946,2317.5896,3981.218,0.257194502,0.273308602,2317.5896,0.17844266,0.426651059,15388.74916,0.00752192,480.654505,31.1014539,6.46,2:Δt out of range,INT : 60.00[Hz],SLOW,1,2025/6/19,15:08:24,,,,,,,,,,,,,,,,,,,,
1292,2181.0164,2317.6814,3981.3289,0.25719452,0.273310625,2317.6814,0.178441923,0.426652424,15388.3529,0.007522925,480.6549392,31.10121483,6.45,2:Δt out of range,INT : 60.00[Hz],SLOW,1,2025/6/19,15:08:25,,,,,,,,,,,,,,,,,,,,
1293,2180.96,2317.6321,3981.2947,0.257192113,0.273309321,2317.6321,0.178440588,0.426651189,15389.16498,0.007523896,480.6550674,31.10213004,6.43,2:Δt out of range,INT : 60.00[Hz],SLOW,1,2025/6/19,15:08:26,,,,,,,,,,,,,,,,,,,,
1294,2181.0066,2317.6978,3981.3074,0.257193817,0.273313039,2317.6978,0.178440494,0.426653944,15388.04889,0.007524615,480.655581,31.10116032,6.45,2:Δt out of range,INT : 60.00[Hz],SLOW,1,2025/6/19,15:08:27,,,,,,,,,,,,,,,,,,,,
1295,2180.946,2317.624,3981.2307,0.257193073,0.27331114,2317.624,0.178440638,0.426652556,15388.58941,0.007524162,480.6552972,31.10161532,6.47,2:Δt out of range,INT : 60.00[Hz],SLOW,1,2025/6/19,15:08:28,,,,,,,,,,,,,,,,,,,,
1296,2180.8384,2317.5066,3981.1128,0.257190784,0.273308348,2317.5066,0.178439945,0.426650338,15389.66209,0.007524304,480.6550835,31.10266413,6.45,2:Δt out of range,INT : 60.00[Hz],SLOW,1,2025/6/19,15:08:29,,,,,,,,,,,,,,,,,,,,
1297,2180.7834,2317.4565,3981.0068,0.257190701,0.273309243,2317.4565,0.17843955,0.426650928,15389.50796,0.007524811,480.6552913,31.10258744,6.44,2:Δt out of range,INT : 60.00[Hz],SLOW,1,2025/6/19,15:08:30,,,,,,,,,,,,,,,,,,,,
1298,2180.7732,2317.4617,3980.9524,0.257191299,0.273311771,2317.4617,0.178439063,0.426652718,15388.87925,0.007525678,480.6557358,31.10210606,6.44,2:Δt out of range,INT : 60.00[Hz],SLOW,1,2025/6/19,15:08:31,,,,,,,,,,,,,,,,,,,,
1299,2180.8872,2317.5854,3981.1636,0.257191128,0.27331189,2317.5854,0.178438889,0.426652773,15388.89599,0.007525853,480.6557907,31.10214677,6.44,2:Δt out of range,INT : 60.00[Hz],SLOW,1,2025/6/19,15:08:32,,,,,,,,,,,,,,,,,,,,
1300,2180.7795,2317.4661,3981.0591,0.257188482,0.273308506,2317.4661,0.178438146,0.426650103,15390.16639,0.00752594,480.6555101,31.10337735,6.47,2:Δt out of range,INT : 60.00[Hz],SLOW,1,2025/6/19,15:08:33,,,,,,,,,,,,,,,,,,,,
1301,2180.5313,2317.2185,3980.5237,0.257190488,0.273312544,2317.2185,0.178438163,0.426653118,15388.91807,0.007526615,480.6560411,31.10227478,6.45,2:Δt out of range,INT : 60.00[Hz],SLOW,1,2025/6/19,15:08:34,,,,,,,,,,,,,,,,,,,,
1302,2180.7554,2317.4287,3981.0159,0.257188815,0.27330747,2317.4287,0.178438783,0.426649456,15390.28959,0.007525193,480.6552293,31.10339074,6.44,2:Δt out of range,INT : 60.00[Hz],SLOW,1,2025/6/19,15:08:35,,,,,,,,,,,,,,,,,,,,
1303,2180.5078,2317.1797,3980.6157,0.257186815,0.27330701,2317.1797,0.178437443,0.42664885,15390.84329,0.007526313,480.6554707,31.10407892,6.44,2:Δt out of range,INT : 60.00[Hz],SLOW,1,2025/6/19,15:08:36,,,,,,,,,,,,,,,,,,,,
1304,2180.5552,2317.2725,3980.5659,0.257189664,0.273315042,2317.2725,0.178436613,0.426654677,15388.62589,0.007528428,480.6567214,31.10224897,6.44,2:Δt out of range,INT : 60.00[Hz],SLOW,1,2025/6/19,15:08:37,,,,,,,,,,,,,,,,,,,,
1305,2180.5339,2317.2312,3980.5913,0.25718828,0.27331137,2317.2312,0.178436931,0.426652001,15389.65854,0.007527516,480.6561634,31.10311153,6.43,2:Δt out of range,INT : 60.00[Hz],SLOW,1,2025/6/19,15:08:38,,,,,,,,,,,,,,,,,,,,
1306,2180.4502,2317.1492,3980.4587,0.257187457,0.273311314,2317.1492,0.178436329,0.426651842,15389.86061,0.007528045,480.6562917,31.1033795,6.43,2:Δt out of range,INT : 60.00[Hz],SLOW,1,2025/6/19,15:08:39,,,,,,,,,,,,,,,,,,,,
1307,2180.313,2317.0146,3980.1919,0.257187612,0.273312801,2317.0146,0.178435895,0.426652865,15389.53641,0.007528687,480.6565866,31.10315873,6.44,2:Δt out of range,INT : 60.00[Hz],SLOW,1,2025/6/19,15:08:40,,,,,,,,,,,,,,,,,,,,
1308,2180.418,2317.1201,3980.4277,0.257186459,0.273310857,2317.1201,0.178435744,0.426651386,15390.18101,0.007528489,480.656363,31.10374919,6.44,2:Δt out of range,INT : 60.00[Hz],SLOW,1,2025/6/19,15:08:41,,,,,,,,,,,,,,,,,,,,
1309,2180.4226,2317.1416,3980.3704,0.257187948,0.273314399,2317.1416,0.178435554,0.42665399,15389.14905,0.007529264,480.6568749,31.1028682,6.44,2:Δt out of range,INT : 60.00[Hz],SLOW,1,2025/6/19,15:08:42,,,,,,,,,,,,,,,,,,,,
1310,2180.2222,2316.9392,3980.0483,0.2571863,0.273313895,2316.9392,0.178434497,0.426653407,15389.62941,0.007530124,480.6570466,31.10344958,6.43,2:Δt out of range,INT : 60.00[Hz],SLOW,1,2025/6/19,15:08:43,,,,,,,,,,,,,,,,,,,,
1311,2180.2144,2316.938,3980.0686,0.257185037,0.273313389,2316.938,0.17843373,0.42665288,15390.02082,0.007530723,480.6571524,31.10390906,6.45,2:Δt out of range,INT : 60.00[Hz],SLOW,1,2025/6/19,15:08:44,,,,,,,,,,,,,,,,,,,,
1312,2180.2544,2316.9905,3980.1453,0.257184623,0.273314127,2316.9905,0.178433143,0.426653315,15389.97425,0.007531374,480.6573826,31.10395582,6.44,2:Δt out of range,INT : 60.00[Hz],SLOW,1,2025/6/19,15:08:45,,,,,,,,,,,,,,,,,,,,
1313,2180.2178,2316.9709,3979.9656,0.257187462,0.27331942,2316.9709,0.178433323,0.426657298,15388.28945,0.007532118,480.6580432,31.10244408,6.43,2:Δt out of range,INT : 60.00[Hz],SLOW,1,2025/6/19,15:08:46,,,,,,,,,,,,,,,,,,,,
1314,2180.2935,2317.053,3980.1797,0.257185109,0.273317115,2317.053,0.178432401,0.426655398,15389.28259,0.007532549,480.6579457,31.10345718,6.47,2:Δt out of range,INT : 60.00[Hz],SLOW,1,2025/6/19,15:08:47,,,,,,,,,,,,,,,,,,,,
1315,2180.229,2316.9932,3980.0334,0.25718571,0.273318785,2316.9932,0.178432234,0.426656611,15388.81952,0.007532982,480.6582044,31.10307389,6.46,2:Δt out of range,INT : 60.00[Hz],SLOW,1,2025/6/19,15:08:48,,,,,,,,,,,,,,,,,,,,
1316,2180.3162,2317.082,3980.2087,0.257185338,0.273317934,2317.082,0.17843227,0.426655983,15389.07068,0.007532805,480.6580836,31.10328996,6.44,2:Δt out of range,INT : 60.00[Hz],SLOW,1,2025/6/19,15:08:49,,,,,,,,,,,,,,,,,,,,
1317,2180.2109,2316.9675,3980.0117,0.257185562,0.273317865,2316.9675,0.178432464,0.42665597,15389.03202,0.00753262,480.6580307,31.10322684,6.46,2:Δt out of range,INT : 60.00[Hz],SLOW,1,2025/6/19,15:08:50,,,,,,,,,,,,,,,,,,,,
1318,2180.1758,2316.9414,3979.9219,0.257186003,0.273319655,2316.9414,0.178432133,0.42665724,15388.5831,0.007533222,480.6583425,31.10288074,6.48,2:Δt out of range,INT : 60.00[Hz],SLOW,1,2025/6/19,15:08:51,,,,,,,,,,,,,,,,,,,,
1319,2180.2278,2317.0037,3980.1555,0.257181582,0.273315787,2317.0037,0.178430228,0.426653983,15390.35915,0.007534264,480.6582596,31.10473055,6.47,2:Δt out of range,INT : 60.00[Hz],SLOW,1,2025/6/19,15:08:52,,,,,,,,,,,,,,,,,,,,
1320,2180.2476,2317.0417,3980.1926,0.257181039,0.27331721,2317.0417,0.178429289,0.42665486,15390.2098,0.007535347,480.6586598,31.10473929,6.48,2:Δt out of range,INT : 60.00[Hz],SLOW,1,2025/6/19,15:08:53,,,,,,,,,,,,,,,,,,,,
1321,2180.1587,2316.9495,3979.9661,0.257182917,0.273319475,2316.9495,0.178429868,0.426656662,15389.33454,0.007535217,480.6588294,31.10388149,6.48,2:Δt out of range,INT : 60.00[Hz],SLOW,1,2025/6/19,15:08:54,,,,,,,,,,,,,,,,,,,,
1322,2180.1501,2316.9292,3980.0432,0.257180441,0.273315527,2316.9292,0.178429463,0.426653638,15390.67479,0.007534905,480.6583977,31.10512314,6.42,2:Δt out of range,INT : 60.00[Hz],SLOW,1,2025/6/19,15:08:55,,,,,,,,,,,,,,,,,,,,
1323,2180.1113,2316.8926,3979.9727,0.25718029,0.273315913,2316.8926,0.178429205,0.426653876,15390.63493,0.007535201,480.658507,31.10512649,6.47,2:Δt out of range,INT : 60.00[Hz],SLOW,1,2025/6/19,15:08:56,,,,,,,,,,,,,,,,,,,,
1324,2180.134,2316.9321,3980.0183,0.257179697,0.273317097,2316.9321,0.178428318,0.426654585,15390.54329,0.007536197,480.6588639,31.10517839,6.44,2:Δt out of range,INT : 60.00[Hz],SLOW,1,2025/6/19,15:08:57,,,,,,,,,,,,,,,,,,,,
1325,2180.0513,2316.8672,3979.7917,0.257181294,0.273321506,2316.8672,0.178427887,0.426657789,15389.31832,0.007537335,480.659545,31.10416323,6.46,2:Δt out of range,INT : 60.00[Hz],SLOW,1,2025/6/19,15:08:58,,,,,,,,,,,,,,,,,,,,
1326,2179.9893,2316.8213,3979.6973,0.257180118,0.273322614,2316.8213,0.178426586,0.426658361,15389.37703,0.007538687,480.659985,31.10440933,6.45,2:Δt out of range,INT : 60.00[Hz],SLOW,1,2025/6/19,15:08:59,,,,,,,,,,,,,,,,,,,,
1327,2179.968,2316.7932,3979.708,0.257178779,0.273320547,2316.7932,0.178426342,0.426656771,15390.08837,0.007538552,480.6597662,31.1050727,6.46,2:Δt out of range,INT : 60.00[Hz],SLOW,1,2025/6/19,15:09:00,,,,,,,,,,,,,,,,,,,,
1328,2179.9709,2316.7876,3979.741,0.257178202,0.27331891,2316.7876,0.178426515,0.426655584,15390.53967,0.007538119,480.6595105,31.10544469,6.47,2:Δt out of range,INT : 60.00[Hz],SLOW,1,2025/6/19,15:09:01,,,,,,,,,,,,,,,,,,,,
1329,2179.8921,2316.7004,3979.5728,0.257179045,0.273319398,2316.7004,0.17842697,0.426656037,15390.24903,0.007537795,480.6594724,31.10512045,6.49,2:Δt out of range,INT : 60.00[Hz],SLOW,1,2025/6/19,15:09:02,,,,,,,,,,,,,,,,,,,,
1330,2179.8376,2316.6697,3979.4839,0.257177898,0.27332139,2316.6697,0.178425363,0.426657208,15390.12977,0.007539572,480.6600986,31.10525549,6.46,2:Δt out of range,INT : 60.00[Hz],SLOW,1,2025/6/19,15:09:03,,,,,,,,,,,,,,,,,,,,
1331,2179.8433,2316.665,3979.4788,0.257178695,0.273320968,2316.665,0.178426123,0.426657042,15390.02642,0.007538821,480.6598715,31.10505098,6.47,2:Δt out of range,INT : 60.00[Hz],SLOW,1,2025/6/19,15:09:04,,,,,,,,,,,,,,,,,,,,
1332,2179.7588,2316.5938,3979.3804,0.257176435,0.273320762,2316.5938,0.178424492,0.426656569,15390.59134,0.007540244,480.6602118,31.10579255,6.47,2:Δt out of range,INT : 60.00[Hz],SLOW,1,2025/6/19,15:09:05,,,,,,,,,,,,,,,,,,,,
1333,2179.7195,2316.5471,3979.3362,0.257175749,0.273319451,2316.5471,0.17842446,0.426655585,15391.00475,0.007540048,480.6600452,31.10616156,6.49,2:Δt out of range,INT : 60.00[Hz],SLOW,1,2025/6/19,15:09:06,,,,,,,,,,,,,,,,,,,,
1334,2179.7346,2316.5823,3979.3828,0.257174591,0.273320479,2316.5823,0.178423203,0.426656105,15391.07478,0.007541348,480.6604649,31.1064112,6.49,2:Δt out of range,INT : 60.00[Hz],SLOW,1,2025/6/19,15:09:07,,,,,,,,,,,,,,,,,,,,
1335,2179.7095,2316.5498,3979.2517,0.257177355,0.273322729,2316.5498,0.178424456,0.426658029,15389.99661,0.007540612,480.6604806,31.1052738,6.45,2:Δt out of range,INT : 60.00[Hz],SLOW,1,2025/6/19,15:09:08,,,,,,,,,,,,,,,,,,,,
1336,2179.7095,2316.5864,3979.2615,0.257175947,0.273325551,2316.5864,0.178422344,0.42665972,15389.77716,0.007542983,480.6613305,31.10539604,6.49,2:Δt out of range,INT : 60.00[Hz],SLOW,1,2025/6/19,15:09:09,,,,,,,,,,,,,,,,,,,,
1337,2179.7461,2316.603,3979.4104,0.257174133,0.273320993,2316.603,0.178422666,0.426656383,15391.08157,0.007541916,480.660654,31.1064974,6.49,2:Δt out of range,INT : 60.00[Hz],SLOW,1,2025/6/19,15:09:10,,,,,,,,,,,,,,,,,,,,
1338,2179.7029,2316.575,3979.3413,0.257173293,0.273322213,2316.575,0.178421578,0.426657081,15391.04024,0.007543098,480.661061,31.1066236,6.47,2:Δt out of range,INT : 60.00[Hz],SLOW,1,2025/6/19,15:09:11,,,,,,,,,,,,,,,,,,,,
1339,2179.6611,2316.5364,3979.3086,0.257171793,0.273321306,2316.5364,0.178420781,0.426656248,15391.56447,0.007543655,480.6611204,31.1072046,6.46,2:Δt out of range,INT : 60.00[Hz],SLOW,1,2025/6/19,15:09:12,,,,,,,,,,,,,,,,,,,,
1340,2179.5696,2316.4563,3979.0823,0.257173071,0.273324687,2316.4563,0.178420491,0.426658713,15390.61269,0.007544492,480.6616337,31.10640927,6.47,2:Δt out of range,INT : 60.00[Hz],SLOW,1,2025/6/19,15:09:13,,,,,,,,,,,,,,,,,,,,
1341,2179.5691,2316.4561,3979.0664,0.257173515,0.273325199,2316.4561,0.178420637,0.426659123,15390.41025,0.007544449,480.6616686,31.10620905,6.47,2:Δt out of range,INT : 60.00[Hz],SLOW,1,2025/6/19,15:09:14,,,,,,,,,,,,,,,,,,,,
1342,2179.6631,2316.5759,3979.2471,0.257172636,0.273326612,2316.5759,0.178419448,0.426659943,15390.34099,0.007545754,480.6621238,31.10632576,6.48,2:Δt out of range,INT : 60.00[Hz],SLOW,1,2025/6/19,15:09:15,,,,,,,,,,,,,,,,,,,,
1343,2179.4832,2316.3892,3978.9434,0.257171749,0.2733262,2316.3892,0.178418931,0.426659535,15390.6268,0.007546146,480.6621859,31.10665497,6.44,2:Δt out of range,INT : 60.00[Hz],SLOW,1,2025/6/19,15:09:16,,,,,,,,,,,,,,,,,,,,
1344,2179.4392,2316.3362,3978.9241,0.257170086,0.273323697,2316.3362,0.178418604,0.426657605,15391.49794,0.007546011,480.661928,31.10747147,6.5,2:Δt out of range,INT : 60.00[Hz],SLOW,1,2025/6/19,15:09:17,,,,,,,,,,,,,,,,,,,,
1345,2179.4282,2316.3291,3978.9202,0.257169456,0.273323569,2316.3291,0.178418175,0.426657425,15391.66925,0.007546372,480.6620077,31.1076865,6.47,2:Δt out of range,INT : 60.00[Hz],SLOW,1,2025/6/19,15:09:18,,,,,,,,,,,,,,,,,,,,
1346,2179.3987,2316.3027,3978.8196,0.257170724,0.273325501,2316.3027,0.178418416,0.426658913,15391.00031,0.007546487,480.6622094,31.10706107,6.51,2:Δt out of range,INT : 60.00[Hz],SLOW,1,2025/6/19,15:09:19,,,,,,,,,,,,,,,,,,,,
1347,2179.4309,2316.3257,3978.8867,0.257170812,0.273324271,2316.3257,0.178418939,0.426658098,15391.21814,0.007545809,480.6619283,31.10717476,6.47,2:Δt out of range,INT : 60.00[Hz],SLOW,1,2025/6/19,15:09:20,,,,,,,,,,,,,,,,,,,,
1348,2179.4219,2316.3308,3978.875,0.257170224,0.273325376,2316.3308,0.178418084,0.426658754,15391.14087,0.007546762,480.6622675,31.10723448,6.48,2:Δt out of range,INT : 60.00[Hz],SLOW,1,2025/6/19,15:09:21,,,,,,,,,,,,,,,,,,,,
1349,2179.3701,2316.2844,3978.7947,0.257169528,0.273325658,2316.2844,0.178417454,0.426658841,15391.24789,0.007547374,480.6624469,31.107423,6.47,2:Δt out of range,INT : 60.00[Hz],SLOW,1,2025/6/19,15:09:22,,,,,,,,,,,,,,,,,,,,
1350,2179.3337,2316.248,3978.7778,0.257167955,0.273324255,2316.248,0.178416786,0.426657665,15391.88504,0.007547732,480.6624117,31.10808428,6.49,2:Δt out of range,INT : 60.00[Hz],SLOW,1,2025/6/19,15:09:23,,,,,,,,,,,,,,,,,,,,
1351,2179.2727,2316.2061,3978.6389,0.257168094,0.27332711,2316.2061,0.178415831,0.426659606,15391.29964,0.007549073,480.6630051,31.10771114,6.48,2:Δt out of range,INT : 60.00[Hz],SLOW,1,2025/6/19,15:09:24,,,,,,,,,,,,,,,,,,,,
1352,2179.1904,2316.1255,3978.5679,0.257165481,0.273325143,2316.1255,0.178414587,0.426657896,15392.28799,0.00754985,480.663025,31.10876803,6.48,2:Δt out of range,INT : 60.00[Hz],SLOW,1,2025/6/19,15:09:25,,,,,,,,,,,,,,,,,,,,
1353,2179.2488,2316.1895,3978.6116,0.257167332,0.273327338,2316.1895,0.17841517,0.426659647,15391.43272,0.007549703,480.6631843,31.10792721,6.45,2:Δt out of range,INT : 60.00[Hz],SLOW,1,2025/6/19,15:09:26,,,,,,,,,,,,,,,,,,,,
1354,2179.3066,2316.2476,3978.6929,0.257168168,0.273327833,2316.2476,0.178415618,0.426660104,15391.14243,0.007549387,480.663149,31.10760446,6.5,2:Δt out of range,INT : 60.00[Hz],SLOW,1,2025/6/19,15:09:27,,,,,,,,,,,,,,,,,,,,
1355,2179.1968,2316.1348,3978.5754,0.257165532,0.273325492,2316.1348,0.178414496,0.426658138,15392.20845,0.007549991,480.6630918,31.10871155,6.46,2:Δt out of range,INT : 60.00[Hz],SLOW,1,2025/6/19,15:09:28,,,,,,,,,,,,,,,,,,,,
1356,2179.1277,2316.0647,3978.4739,0.257164682,0.273324983,2316.0647,0.178414042,0.42665767,15392.50444,0.00755031,480.6631265,31.10904008,6.48,2:Δt out of range,INT : 60.00[Hz],SLOW,1,2025/6/19,15:09:29,,,,,,,,,,,,,,,,,,,,
1357,2179.0674,2315.9995,3978.363,0.25716474,0.273324914,2315.9995,0.178414112,0.426657632,15392.5043,0.007550235,480.6631016,31.10902954,6.49,2:Δt out of range,INT : 60.00[Hz],SLOW,1,2025/6/19,15:09:30,,,,,,,,,,,,,,,,,,,,
1358,2179.0891,2316.0261,3978.3984,0.257164761,0.273325353,2316.0261,0.178413965,0.426657931,15392.41438,0.007550442,480.6631931,31.10897236,6.51,2:Δt out of range,INT : 60.00[Hz],SLOW,1,2025/6/19,15:09:31,,,,,,,,,,,,,,,,,,,,
1359,2178.9995,2315.9363,3978.21,0.257165349,0.27332662,2315.9363,0.178413939,0.42665887,15392.03237,0.007550682,480.6633666,31.10863961,6.5,2:Δt out of range,INT : 60.00[Hz],SLOW,1,2025/6/19,15:09:32,,,,,,,,,,,,,,,,,,,,
1360,2178.9863,2315.9446,3978.2021,0.25716418,0.273328012,2315.9446,0.178412538,0.426659634,15392.03432,0.007552172,480.6638668,31.10885071,6.48,2:Δt out of range,INT : 60.00[Hz],SLOW,1,2025/6/19,15:09:33,,,,,,,,,,,,,,,,,,,,
1361,2178.8184,2315.7759,3977.8982,0.257163804,0.273328764,2315.7759,0.178411975,0.426660084,15391.97614,0.007552804,480.6640934,31.10888363,6.49,2:Δt out of range,INT : 60.00[Hz],SLOW,1,2025/6/19,15:09:34,,,,,,,,,,,,,,,,,,,,
1362,2178.9473,2315.9016,3978.2251,0.257161368,0.273324841,2315.9016,0.178411591,0.426657084,15393.30223,0.007552477,480.6636601,31.11010938,6.5,2:Δt out of range,INT : 60.00[Hz],SLOW,1,2025/6/19,15:09:35,,,,,,,,,,,,,,,,,,,,
1363,2178.8164,2315.7664,3977.8962,0.257163978,0.273328078,2315.7664,0.178412361,0.426659649,15392.06862,0.007552342,480.6639155,31.10890744,6.5,2:Δt out of range,INT : 60.00[Hz],SLOW,1,2025/6/19,15:09:36,,,,,,,,,,,,,,,,,,,,
1364,2178.8174,2315.7827,3977.9045,0.257163319,0.273329176,2315.7827,0.178411455,0.42666029,15392.00904,0.007553339,480.6642651,31.10899032,6.52,2:Δt out of range,INT : 60.00[Hz],SLOW,1,2025/6/19,15:09:37,,,,,,,,,,,,,,,,,,,,
1365,2178.843,2315.8164,3978.0061,0.257161456,0.273327963,2315.8164,0.178410499,0.426659198,15392.67674,0.007553988,480.66432,31.10972163,6.51,2:Δt out of range,INT : 60.00[Hz],SLOW,1,2025/6/19,15:09:38,,,,,,,,,,,,,,,,,,,,
1366,2178.7715,2315.7427,3977.8623,0.257161789,0.273328587,2315.7427,0.178410518,0.426659668,15392.47841,0.007554077,480.6643984,31.10954396,6.48,2:Δt out of range,INT : 60.00[Hz],SLOW,1,2025/6/19,15:09:39,,,,,,,,,,,,,,,,,,,,
1367,2178.6062,2315.5564,3977.6208,0.257160281,0.273325732,2315.5564,0.178410439,0.426657523,15393.38205,0.00755366,480.664038,31.11035196,6.49,2:Δt out of range,INT : 60.00[Hz],SLOW,1,2025/6/19,15:09:40,,,,,,,,,,,,,,,,,,,,
1368,2178.5901,2315.5732,3977.6169,0.257158478,0.273327818,2315.5732,0.178408301,0.42665866,15393.39687,0.007555928,480.6647961,31.11068452,6.5,2:Δt out of range,INT : 60.00[Hz],SLOW,1,2025/6/19,15:09:41,,,,,,,,,,,,,,,,,,,,
1369,2178.4963,2315.4692,3977.4243,0.257159256,0.273328138,2315.4692,0.178408771,0.42665899,15393.15405,0.007555562,480.6647326,31.11040041,6.5,2:Δt out of range,INT : 60.00[Hz],SLOW,1,2025/6/19,15:09:42,,,,,,,,,,,,,,,,,,,,
1370,2178.5159,2315.5166,3977.4824,0.257157772,0.273329697,2315.5166,0.178407071,0.42665982,15393.19682,0.007557349,480.6653224,31.11069225,6.51,2:Δt out of range,INT : 60.00[Hz],SLOW,1,2025/6/19,15:09:43,,,,,,,,,,,,,,,,,,,,
1371,2178.5288,2315.5034,3977.4924,0.257159001,0.273327826,2315.5034,0.178408694,0.426658742,15393.27393,0.007555578,480.6647086,31.11051756,6.49,2:Δt out of range,INT : 60.00[Hz],SLOW,1,2025/6/19,15:09:44,,,,,,,,,,,,,,,,,,,,
1372,2178.5352,2315.5156,3977.5115,0.257158612,0.27332805,2315.5156,0.178408317,0.426658835,15393.32095,0.007555954,480.6648233,31.11061535,6.52,2:Δt out of range,INT : 60.00[Hz],SLOW,1,2025/6/19,15:09:45,,,,,,,,,,,,,,,,,,,,
1373,2178.4617,2315.4558,3977.3682,0.257158332,0.273329915,2315.4558,0.178407413,0.426660049,15393.02454,0.007557081,480.6652742,31.11048936,6.52,2:Δt out of range,INT : 60.00[Hz],SLOW,1,2025/6/19,15:09:46,,,,,,,,,,,,,,,,,,,,
1374,2178.4849,2315.4866,3977.4036,0.257158357,0.273330666,2315.4866,0.178407152,0.426660559,15392.87323,0.007557442,480.6654324,31.11039495,6.51,2:Δt out of range,INT : 60.00[Hz],SLOW,1,2025/6/19,15:09:47,,,,,,,,,,,,,,,,,,,,
1375,2178.4197,2315.4097,3977.3694,0.257156012,0.273327277,2315.4097,0.178406639,0.426657931,15394.0748,0.007557322,480.6650989,31.11153022,6.52,2:Δt out of range,INT : 60.00[Hz],SLOW,1,2025/6/19,15:09:48,,,,,,,,,,,,,,,,,,,,
1376,2178.374,2315.3564,3977.2659,0.257156764,0.273327519,2315.3564,0.178407118,0.426658205,15393.85307,0.007556935,480.6650231,31.11126332,6.47,2:Δt out of range,INT : 60.00[Hz],SLOW,1,2025/6/19,15:09:49,,,,,,,,,,,,,,,,,,,,
1377,2178.4419,2315.4546,3977.3672,0.257156662,0.273330483,2315.4546,0.17840594,0.426660185,15393.30239,0.007558494,480.6656813,31.11095427,6.49,2:Δt out of range,INT : 60.00[Hz],SLOW,1,2025/6/19,15:09:50,,,,,,,,,,,,,,,,,,,,
1378,2178.5935,2315.6401,3977.6875,0.257154602,0.273331169,2315.6401,0.178404129,0.426660341,15393.64822,0.007560232,480.6661805,31.11152976,6.48,2:Δt out of range,INT : 60.00[Hz],SLOW,1,2025/6/19,15:09:51,,,,,,,,,,,,,,,,,,,,
1379,2178.4961,2315.5374,3977.4241,0.257157174,0.273334001,2315.5374,0.178405021,0.426662628,15392.5019,0.007559917,480.6663547,31.11038643,6.48,2:Δt out of range,INT : 60.00[Hz],SLOW,1,2025/6/19,15:09:52,,,,,,,,,,,,,,,,,,,,
1380,2178.2637,2315.2925,3977.0166,0.2571566,0.27333364,2315.2925,0.17840472,0.4266623,15392.70526,0.007560124,480.6663746,31.11061051,6.48,2:Δt out of range,INT : 60.00[Hz],SLOW,1,2025/6/19,15:09:53,,,,,,,,,,,,,,,,,,,,
1381,2178.1846,2315.2246,3976.8552,0.257156624,0.273335576,2315.2246,0.17840402,0.426663606,15392.32459,0.007561081,480.666789,31.11037978,6.47,2:Δt out of range,INT : 60.00[Hz],SLOW,1,2025/6/19,15:09:54,,,,,,,,,,,,,,,,,,,,
1382,2178.2139,2315.2358,3977.0391,0.257153271,0.273329657,2315.2358,0.178403684,0.426659127,15394.25059,0.007560371,480.6660803,31.11212688,6.5,2:Δt out of range,INT : 60.00[Hz],SLOW,1,2025/6/19,15:09:55,,,,,,,,,,,,,,,,,,,,
1383,2178.1404,2315.158,3976.9353,0.257152338,0.273328704,2315.158,0.178403333,0.426658347,15394.65205,0.007560522,480.6660331,31.11253296,6.51,2:Δt out of range,INT : 60.00[Hz],SLOW,1,2025/6/19,15:09:56,,,,,,,,,,,,,,,,,,,,
1384,2178.1165,2315.1514,3976.8562,0.257152844,0.273331462,2315.1514,0.178402691,0.426660278,15394.00017,0.007561567,480.6665432,31.11205468,6.48,2:Δt out of range,INT : 60.00[Hz],SLOW,1,2025/6/19,15:09:57,,,,,,,,,,,,,,,,,,,,
1385,2178.0862,2315.134,3976.7505,0.257153924,0.273334358,2315.134,0.178402432,0.426662387,15393.18811,0.007562293,480.6669854,31.11137803,6.48,2:Δt out of range,INT : 60.00[Hz],SLOW,1,2025/6/19,15:09:58,,,,,,,,,,,,,,,,,,,,
1386,2178.1108,2315.157,3976.8337,0.257152857,0.273332852,2315.157,0.178402185,0.426661216,15393.72769,0.007562257,480.6668415,31.11189033,6.46,2:Δt out of range,INT : 60.00[Hz],SLOW,1,2025/6/19,15:09:59,,,,,,,,,,,,,,,,,,,,
1387,2178.0229,2315.0684,3976.7241,0.257151165,0.273331624,2315.0684,0.178401363,0.426660139,15394.35872,0.007562783,480.6668641,31.11256918,6.51,2:Δt out of range,INT : 60.00[Hz],SLOW,1,2025/6/19,15:10:00,,,,,,,,,,,,,,,,,,,,
1388,2177.9883,2315.0474,3976.6414,0.257151279,0.273333608,2315.0474,0.178400712,0.426661491,15393.94789,0.007563704,480.6672736,31.11230453,6.5,2:Δt out of range,INT : 60.00[Hz],SLOW,1,2025/6/19,15:10:01,,,,,,,,,,,,,,,,,,,,
1389,2177.9888,2315.0286,3976.717,0.257149598,0.273329539,2315.0286,0.178400953,0.426658504,15395.12691,0.007562793,480.6666801,31.1133071,6.47,2:Δt out of range,INT : 60.00[Hz],SLOW,1,2025/6/19,15:10:02,,,,,,,,,,,,,,,,,,,,
1390,2177.9714,2315.0359,3976.7078,0.25714813,0.273331024,2315.0359,0.178399292,0.426659286,15395.18045,0.007564532,480.6672512,31.11360257,6.5,2:Δt out of range,INT : 60.00[Hz],SLOW,1,2025/6/19,15:10:03,,,,,,,,,,,,,,,,,,,,
1391,2177.8154,2314.8811,3976.429,0.257147612,0.273331774,2314.8811,0.178398622,0.426659714,15395.15535,0.007565259,480.6675016,31.11368063,6.48,2:Δt out of range,INT : 60.00[Hz],SLOW,1,2025/6/19,15:10:04,,,,,,,,,,,,,,,,,,,,
1392,2177.7971,2314.8589,3976.4558,0.257145867,0.273329595,2314.8589,0.178398113,0.426657989,15395.9832,0.007565343,480.6673276,31.11448592,6.48,2:Δt out of range,INT : 60.00[Hz],SLOW,1,2025/6/19,15:10:05,,,,,,,,,,,,,,,,,,,,
1393,2177.8181,2314.906,3976.407,0.257147761,0.273334534,2314.906,0.17839771,0.426661593,15394.58606,0.007566546,480.6680728,31.11331554,6.52,2:Δt out of range,INT : 60.00[Hz],SLOW,1,2025/6/19,15:10:06,,,,,,,,,,,,,,,,,,,,
1394,2177.8167,2314.8918,3976.4224,0.257147602,0.273332863,2314.8918,0.17839821,0.426660445,15394.94672,0.007565814,480.6677388,31.1135585,6.52,2:Δt out of range,INT : 60.00[Hz],SLOW,1,2025/6/19,15:10:07,,,,,,,,,,,,,,,,,,,,
1395,2177.6553,2314.7288,3976.1487,0.257146704,0.27333292,2314.7288,0.17839751,0.426660351,15395.14429,0.007566449,480.6679039,31.11383707,6.52,2:Δt out of range,INT : 60.00[Hz],SLOW,1,2025/6/19,15:10:08,,,,,,,,,,,,,,,,,,,,
1396,2177.6167,2314.6785,3976.0896,0.25714664,0.273331757,2314.6785,0.178397894,0.426659559,15395.38451,0.007565908,480.6676634,31.11399134,6.51,2:Δt out of range,INT : 60.00[Hz],SLOW,1,2025/6/19,15:10:09,,,,,,,,,,,,,,,,,,,,
1397,2177.5417,2314.6248,3975.9651,0.257145472,0.273333589,2314.6248,0.178396331,0.426660618,15395.30105,0.007567618,480.6682582,31.11415145,6.55,2:Δt out of range,INT : 60.00[Hz],SLOW,1,2025/6/19,15:10:10,,,,,,,,,,,,,,,,,,,,
1398,2177.595,2314.6643,3976.05,0.25714637,0.273332518,2314.6643,0.178397408,0.42666003,15395.29993,0.007566472,480.6678737,31.11398953,6.5,2:Δt out of range,INT : 60.00[Hz],SLOW,1,2025/6/19,15:10:11,,,,,,,,,,,,,,,,,,,,
1399,2177.376,2314.4419,3975.7085,0.257144282,0.273331525,2314.4419,0.178396199,0.426659053,15395.97765,0.007567384,480.6680145,31.11476721,6.53,2:Δt out of range,INT : 60.00[Hz],SLOW,1,2025/6/19,15:10:12,,,,,,,,,,,,,,,,,,,,
1400,2177.3381,2314.4092,3975.614,0.25714482,0.273332992,2314.4092,0.17839606,0.42666012,15395.56819,0.007567758,480.6682403,31.11442729,6.52,2:Δt out of range,INT : 60.00[Hz],SLOW,1,2025/6/19,15:10:13,,,,,,,,,,,,,,,,,,,,
1401,2177.3379,2314.4084,3975.6682,0.257143181,0.27333118,2314.4084,0.178395494,0.426658659,15396.30034,0.007567955,480.6681276,31.11515673,6.51,2:Δt out of range,INT : 60.00[Hz],SLOW,1,2025/6/19,15:10:14,,,,,,,,,,,,,,,,,,,,
1402,2177.2864,2314.3796,3975.5583,0.257142875,0.273333919,2314.3796,0.178394246,0.426660456,15395.8407,0.007569539,480.6687718,31.11493853,6.54,2:Δt out of range,INT : 60.00[Hz],SLOW,1,2025/6/19,15:10:15,,,,,,,,,,,,,,,,,,,,
1403,2177.2605,2314.3601,3975.4841,0.257143448,0.273335477,2314.3601,0.178394101,0.426661589,15395.40554,0.007569935,480.669011,31.11457696,6.51,2:Δt out of range,INT : 60.00[Hz],SLOW,1,2025/6/19,15:10:16,,,,,,,,,,,,,,,,,,,,
1404,2177.3411,2314.4561,3975.5493,0.257145624,0.273339009,2314.4561,0.178394433,0.426664288,15394.2155,0.007570241,480.6694042,31.11347895,6.54,2:Δt out of range,INT : 60.00[Hz],SLOW,1,2025/6/19,15:10:17,,,,,,,,,,,,,,,,,,,,
1405,2177.248,2314.3445,3975.4761,0.257143068,0.2733348,2314.3445,0.178394065,0.426661078,15395.62505,0.007569851,480.6689293,31.11477565,6.51,2:Δt out of range,INT : 60.00[Hz],SLOW,1,2025/6/19,15:10:18,,,,,,,,,,,,,,,,,,,,
1406,2177.1812,2314.2637,3975.4114,0.257141626,0.27333211,2314.2637,0.178393974,0.426659054,15396.48143,0.007569473,480.6685934,31.11554349,6.52,2:Δt out of range,INT : 60.00[Hz],SLOW,1,2025/6/19,15:10:19,,,,,,,,,,,,,,,,,,,,
1407,2177.1194,2314.2161,3975.3022,0.257140966,0.273333545,2314.2161,0.178392942,0.426659922,15396.3567,0.007570641,480.669016,31.11558789,6.52,2:Δt out of range,INT : 60.00[Hz],SLOW,1,2025/6/19,15:10:20,,,,,,,,,,,,,,,,,,,,
1408,2177.0603,2314.1672,3975.2739,0.257138126,0.27333217,2314.1672,0.178391307,0.426658576,15397.2836,0.007571869,480.6692023,31.11664878,6.48,2:Δt out of range,INT : 60.00[Hz],SLOW,1,2025/6/19,15:10:21,,,,,,,,,,,,,,,,,,,,
1409,2177.0164,2314.1042,3975.1511,0.257139917,0.273332145,2314.1042,0.178392669,0.426658824,15396.87219,0.007570646,480.6688918,31.11608269,6.53,2:Δt out of range,INT : 60.00[Hz],SLOW,1,2025/6/19,15:10:22,,,,,,,,,,,,,,,,,,,,
1410,2177.1301,2314.2556,3975.3723,0.257138577,0.273334327,2314.2556,0.178390846,0.426660095,15396.76066,0.007572649,480.6695919,31.11625706,6.53,2:Δt out of range,INT : 60.00[Hz],SLOW,1,2025/6/19,15:10:23,,,,,,,,,,,,,,,,,,,,
1411,2177.1602,2314.2903,3975.3542,0.257140713,0.273336918,2314.2903,0.178391499,0.426662154,15395.76191,0.007572508,480.6697882,31.11527985,6.51,2:Δt out of range,INT : 60.00[Hz],SLOW,1,2025/6/19,15:10:24,,,,,,,,,,,,,,,,,,,,
1412,2177.0493,2314.1895,3975.2166,0.257138223,0.273336289,2314.1895,0.178389851,0.426661363,15396.46246,0.007573874,480.6700762,31.11614327,6.54,2:Δt out of range,INT : 60.00[Hz],SLOW,1,2025/6/19,15:10:25,,,,,,,,,,,,,,,,,,,,
1413,2177.0459,2314.1719,3975.2151,0.257138505,0.273334937,2314.1719,0.178390566,0.426660494,15396.65909,0.007573004,480.6697358,31.11620952,6.54,2:Δt out of range,INT : 60.00[Hz],SLOW,1,2025/6/19,15:10:26,,,,,,,,,,,,,,,,,,,,
1414,2176.9497,2314.0769,3975.0183,0.257138927,0.273336242,2314.0769,0.1783904,0.426661435,15396.30802,0.007573375,480.6699463,31.11592518,6.52,2:Δt out of range,INT : 60.00[Hz],SLOW,1,2025/6/19,15:10:27,,,,,,,,,,,,,,,,,,,,
1415,2176.8503,2313.9719,3974.8899,0.257137294,0.273334585,2313.9719,0.178389782,0.426660078,15397.00887,0.007573645,480.6698659,31.11663488,6.53,2:Δt out of range,INT : 60.00[Hz],SLOW,1,2025/6/19,15:10:28,,,,,,,,,,,,,,,,,,,,
1416,2176.8135,2313.936,3974.8726,0.257135681,0.27333325,2313.936,0.178389058,0.426658941,15397.64262,0.007574064,480.669852,31.11730113,6.52,2:Δt out of range,INT : 60.00[Hz],SLOW,1,2025/6/19,15:10:29,,,,,,,,,,,,,,,,,,,,
1417,2176.7007,2313.8342,3974.6177,0.257136617,0.273336384,2313.8342,0.178388602,0.426661189,15396.8175,0.007575007,480.6703702,31.11664274,6.53,2:Δt out of range,INT : 60.00[Hz],SLOW,1,2025/6/19,15:10:30,,,,,,,,,,,,,,,,,,,,
1418,2176.7737,2313.9038,3974.7949,0.257135526,0.27333428,2313.9038,0.178388559,0.426659611,15397.47887,0.007574686,480.6701009,31.11723156,6.52,2:Δt out of range,INT : 60.00[Hz],SLOW,1,2025/6/19,15:10:31,,,,,,,,,,,,,,,,,,,,
1419,2176.7131,2313.8516,3974.5933,0.257137918,0.273338265,2313.8516,0.178388886,0.426662647,15396.15057,0.007575074,480.6705554,31.11601283,6.52,2:Δt out of range,INT : 60.00[Hz],SLOW,1,2025/6/19,15:10:32,,,,,,,,,,,,,,,,,,,,
1420,2176.7124,2313.8511,3974.7664,0.257132613,0.273332655,2313.8511,0.178386961,0.426658087,15398.47087,0.007575838,480.6702456,31.11834399,6.51,2:Δt out of range,INT : 60.00[Hz],SLOW,1,2025/6/19,15:10:33,,,,,,,,,,,,,,,,,,,,
1421,2176.6926,2313.8218,3974.686,0.257134208,0.273333376,2313.8218,0.178387899,0.426658808,15397.96056,0.007575122,480.6701298,31.11775446,6.55,2:Δt out of range,INT : 60.00[Hz],SLOW,1,2025/6/19,15:10:34,,,,,,,,,,,,,,,,,,,,
1422,2176.6189,2313.7483,3974.5315,0.257134666,0.273334435,2313.7483,0.178387852,0.426659588,15397.64877,0.007575345,480.6702808,31.11748697,6.53,2:Δt out of range,INT : 60.00[Hz],SLOW,1,2025/6/19,15:10:35,,,,,,,,,,,,,,,,,,,,
1423,2176.491,2313.6399,3974.3469,0.257132342,0.27333522,2313.6399,0.178385804,0.426659773,15398.03678,0.007577311,480.6708462,31.11813484,6.53,2:Δt out of range,INT : 60.00[Hz],SLOW,1,2025/6/19,15:10:36,,,,,,,,,,,,,,,,,,,,
1424,2176.5706,2313.7197,3974.4841,0.257132736,0.27333507,2313.7197,0.178386157,0.42665973,15397.97433,0.007576969,480.6707467,31.11802699,6.52,2:Δt out of range,INT : 60.00[Hz],SLOW,1,2025/6/19,15:10:37,,,,,,,,,,,,,,,,,,,,
1425,2176.4922,2313.6262,3974.3828,0.257131773,0.273332846,2313.6262,0.178386255,0.426658091,15398.62936,0.007576502,480.6704298,31.11858907,6.55,2:Δt out of range,INT : 60.00[Hz],SLOW,1,2025/6/19,15:10:38,,,,,,,,,,,,,,,,,,,,
1426,2176.5635,2313.7188,3974.447,0.257133267,0.27333642,2313.7188,0.178386058,0.426660717,15397.58914,0.007577289,480.6709481,31.11770273,6.53,2:Δt out of range,INT : 60.00[Hz],SLOW,1,2025/6/19,15:10:39,,,,,,,,,,,,,,,,,,,,
1427,2176.3987,2313.5723,3974.1514,0.257132234,0.27333871,2313.5723,0.178384426,0.426662106,15397.38529,0.007579139,480.6716192,31.11776715,6.53,2:Δt out of range,INT : 60.00[Hz],SLOW,1,2025/6/19,15:10:40,,,,,,,,,,,,,,,,,,,,
1428,2176.4399,2313.5891,3974.3015,0.25713078,0.273333975,2313.5891,0.178385086,0.426658704,15398.64134,0.007577741,480.670843,31.11877456,6.52,2:Δt out of range,INT : 60.00[Hz],SLOW,1,2025/6/19,15:10:41,,,,,,,,,,,,,,,,,,,,
1429,2176.2783,2313.439,3974.0068,0.257130109,0.273335824,2313.439,0.178383892,0.426659849,15398.43875,0.007579123,480.6713569,31.11877463,6.56,2:Δt out of range,INT : 60.00[Hz],SLOW,1,2025/6/19,15:10:42,,,,,,,,,,,,,,,,,,,,
1430,2176.3345,2313.5146,3974.0615,0.257131083,0.273338733,2313.5146,0.178383548,0.426661951,15397.64833,0.007579928,480.67182,31.11813008,6.5,2:Δt out of range,INT : 60.00[Hz],SLOW,1,2025/6/19,15:10:43,,,,,,,,,,,,,,,,,,,,
1431,2176.3105,2313.4883,3973.9766,0.257132355,0.273339992,2313.4883,0.178384042,0.426662986,15397.1087,0.007579701,480.6718758,31.11758105,6.53,2:Δt out of range,INT : 60.00[Hz],SLOW,1,2025/6/19,15:10:44,,,,,,,,,,,,,,,,,,,,
1432,2176.3088,2313.4805,3974.0005,0.257131717,0.273338605,2313.4805,0.178384074,0.426661958,15397.52584,0.007579436,480.6716846,31.11794355,6.55,2:Δt out of range,INT : 60.00[Hz],SLOW,1,2025/6/19,15:10:45,,,,,,,,,,,,,,,,,,,,
1433,2176.2913,2313.4434,3974.0647,0.257129357,0.273333912,2313.4434,0.178384034,0.426658451,15398.98418,0.00757867,480.6710715,31.11923364,6.56,2:Δt out of range,INT : 60.00[Hz],SLOW,1,2025/6/19,15:10:46,,,,,,,,,,,,,,,,,,,,
1434,2176.2144,2313.3806,3973.9651,0.257127541,0.27333422,2313.3806,0.178382548,0.42665839,15399.34657,0.007580052,480.6714472,31.119775,6.53,2:Δt out of range,INT : 60.00[Hz],SLOW,1,2025/6/19,15:10:47,,,,,,,,,,,,,,,,,,,,
1435,2176.1641,2313.3281,3973.825,0.257128978,0.273335862,2313.3281,0.178383024,0.426659707,15398.69438,0.007579907,480.6715576,31.11912963,6.53,2:Δt out of range,INT : 60.00[Hz],SLOW,1,2025/6/19,15:10:48,,,,,,,,,,,,,,,,,,,,
1436,2176.1487,2313.3291,3973.7734,0.257129163,0.273338111,2313.3291,0.178382328,0.426661248,15398.21508,0.007580913,480.6720124,31.11881155,6.54,2:Δt out of range,INT : 60.00[Hz],SLOW,1,2025/6/19,15:10:49,,,,,,,,,,,,,,,,,,,,
1437,2176.1658,2313.3357,3973.8645,0.257127696,0.273335184,2313.3357,0.178382307,0.426659061,15399.12382,0.007580432,480.6716292,31.11961492,6.56,2:Δt out of range,INT : 60.00[Hz],SLOW,1,2025/6/19,15:10:50,,,,,,,,,,,,,,,,,,,,
1438,2176.0225,2313.197,3973.6746,0.257125101,0.273334036,2313.197,0.178380772,0.426657904,15399.94968,0.007581609,480.6718228,31.1205715,6.54,2:Δt out of range,INT : 60.00[Hz],SLOW,1,2025/6/19,15:10:51,,,,,,,,,,,,,,,,,,,,
1439,2176.0786,2313.2571,3973.7463,0.257126021,0.273335069,2313.2571,0.178381084,0.426658736,15399.53551,0.007581506,480.6718895,31.12016027,6.53,2:Δt out of range,INT : 60.00[Hz],SLOW,1,2025/6/19,15:10:52,,,,,,,,,,,,,,,,,,,,
1440,2176.0237,2313.209,3973.644,0.257125771,0.273336016,2313.209,0.178380544,0.426659336,15399.40988,0.007582151,480.6721367,31.12013046,6.53,2:Δt out of range,INT : 60.00[Hz],SLOW,1,2025/6/19,15:10:53,,,,,,,,,,,,,,,,,,,,
1441,2175.8572,2313.0715,3973.3635,0.257123856,0.273338647,2313.0715,0.178378119,0.426660823,15399.34505,0.007584768,480.6730316,31.12043594,6.56,2:Δt out of range,INT : 60.00[Hz],SLOW,1,2025/6/19,15:10:54,,,,,,,,,,,,,,,,,,,,
1442,2175.854,2313.0298,3973.3286,0.257125902,0.273336297,2313.0298,0.178380538,0.426659544,15399.32495,0.007582204,480.6721751,31.12005649,6.56,2:Δt out of range,INT : 60.00[Hz],SLOW,1,2025/6/19,15:10:55,,,,,,,,,,,,,,,,,,,,
1443,2175.7786,2312.9788,3973.1672,0.257125737,0.273339566,2312.9788,0.178379199,0.42666172,15398.72948,0.007583959,480.6729102,31.11973243,6.56,2:Δt out of range,INT : 60.00[Hz],SLOW,1,2025/6/19,15:10:56,,,,,,,,,,,,,,,,,,,,
1444,2175.8391,2313.0522,3973.2849,0.257125242,0.273340113,2313.0522,0.178378622,0.426662015,15398.73864,0.007584569,480.6731127,31.11982684,6.54,2:Δt out of range,INT : 60.00[Hz],SLOW,1,2025/6/19,15:10:57,,,,,,,,,,,,,,,,,,,,
1445,2175.8499,2313.0618,3973.3142,0.257125008,0.273339642,2313.0618,0.17837862,0.426661663,15398.8843,0.00758449,480.6730507,31.11995538,6.54,2:Δt out of range,INT : 60.00[Hz],SLOW,1,2025/6/19,15:10:58,,,,,,,,,,,,,,,,,,,,
1446,2175.6724,2312.887,3973.0054,0.25712412,0.27334034,2312.887,0.17837769,0.426662002,15398.95545,0.007585441,480.6733527,31.12015713,6.57,2:Δt out of range,INT : 60.00[Hz],SLOW,1,2025/6/19,15:10:59,,,,,,,,,,,,,,,,,,,,
1447,2175.7527,2312.9661,3973.1543,0.257124241,0.273339729,2312.9661,0.178378009,0.426661608,15399.04567,0.007585052,480.6731999,31.1201889,6.56,2:Δt out of range,INT : 60.00[Hz],SLOW,1,2025/6/19,15:11:00,,,,,,,,,,,,,,,,,,,,
1448,2175.7759,2313.021,3973.1426,0.257124965,0.273344072,2313.021,0.178376944,0.426664638,15398.03541,0.007586746,480.6740157,31.11945865,6.53,2:Δt out of range,INT : 60.00[Hz],SLOW,1,2025/6/19,15:11:01,,,,,,,,,,,,,,,,,,,,
1449,2175.6821,2312.895,3972.9944,0.257125062,0.273341069,2312.895,0.178378132,0.426662632,15398.59496,0.007585171,480.6733499,31.11977367,6.54,2:Δt out of range,INT : 60.00[Hz],SLOW,1,2025/6/19,15:11:02,,,,,,,,,,,,,,,,,,,,
1450,2175.6807,2312.9006,3973.072,0.257122411,0.273339088,2312.9006,0.178376864,0.426660906,15399.59527,0.007585966,480.6733729,31.120844,6.56,2:Δt out of range,INT : 60.00[Hz],SLOW,1,2025/6/19,15:11:03,,,,,,,,,,,,,,,,,,,,
1451,2175.6794,2312.8997,3973.04,0.257123297,0.273340087,2312.8997,0.178377162,0.426661709,15399.1958,0.00758587,480.673438,31.12044767,6.56,2:Δt out of range,INT : 60.00[Hz],SLOW,1,2025/6/19,15:11:04,,,,,,,,,,,,,,,,,,,,
1452,2175.6042,2312.8218,3972.895,0.257123468,0.27334051,2312.8218,0.178377135,0.42666202,15399.07392,0.007585967,480.6735004,31.12034452,6.54,2:Δt out of range,INT : 60.00[Hz],SLOW,1,2025/6/19,15:11:05,,,,,,,,,,,,,,,,,,,,
1453,2175.5242,2312.739,3972.78,0.257122455,0.273339699,2312.739,0.17837667,0.426661324,15399.46675,0.007586244,480.6734974,31.1207598,6.56,2:Δt out of range,INT : 60.00[Hz],SLOW,1,2025/6/19,15:11:06,,,,,,,,,,,,,,,,,,,,
1454,2175.5024,2312.7461,3972.7134,0.257122349,0.273343164,2312.7461,0.178375304,0.42666364,15398.81944,0.007588058,480.6742647,31.12039426,6.56,2:Δt out of range,INT : 60.00[Hz],SLOW,1,2025/6/19,15:11:07,,,,,,,,,,,,,,,,,,,,
1455,2175.4622,2312.7148,3972.616,0.257122731,0.273344922,2312.7148,0.17837494,0.426664879,15398.39009,0.007588683,480.6745797,31.12007066,6.54,2:Δt out of range,INT : 60.00[Hz],SLOW,1,2025/6/19,15:11:08,,,,,,,,,,,,,,,,,,,,
1456,2175.5134,2312.7595,3972.8765,0.257117951,0.273338691,2312.7595,0.178373641,0.426659979,15400.70926,0.00758878,480.674046,31.12230663,6.56,2:Δt out of range,INT : 60.00[Hz],SLOW,1,2025/6/19,15:11:09,,,,,,,,,,,,,,,,,,,,
1457,2175.4548,2312.7097,3972.6311,0.257121777,0.273344235,2312.7097,0.178374474,0.426664276,15398.7449,0.007588982,480.6745935,31.12045272,6.54,2:Δt out of range,INT : 60.00[Hz],SLOW,1,2025/6/19,15:11:10,,,,,,,,,,,,,,,,,,,,
1458,2175.447,2312.7253,3972.6279,0.257120715,0.27334593,2312.7253,0.178373043,0.426665259,15398.66305,0.007590552,480.6751407,31.12059474,6.54,2:Δt out of range,INT : 60.00[Hz],SLOW,1,2025/6/19,15:11:11,,,,,,,,,,,,,,,,,,,,
1459,2175.3313,2312.6045,3972.4519,0.257119576,0.273344979,2312.6045,0.178372535,0.426664451,15399.11219,0.007590844,480.675129,31.12106615,6.55,2:Δt out of range,INT : 60.00[Hz],SLOW,1,2025/6/19,15:11:12,,,,,,,,,,,,,,,,,,,,
1460,2175.3367,2312.5925,3972.4934,0.257119154,0.273342433,2312.5925,0.178373161,0.426662675,15399.704,0.007589849,480.6746504,31.12149357,6.54,2:Δt out of range,INT : 60.00[Hz],SLOW,1,2025/6/19,15:11:13,,,,,,,,,,,,,,,,,,,,
1461,2175.3247,2312.6221,3972.4854,0.257117444,0.273345622,2312.6221,0.178370685,0.426664568,15399.48333,0.007592608,480.6756309,31.12166959,6.55,2:Δt out of range,INT : 60.00[Hz],SLOW,1,2025/6/19,15:11:14,,,,,,,,,,,,,,,,,,,,
1462,2175.2563,2312.5256,3972.3374,0.257118868,0.273344325,2312.5256,0.178372243,0.426663906,15399.40358,0.007590993,480.6751081,31.12136639,6.57,2:Δt out of range,INT : 60.00[Hz],SLOW,1,2025/6/19,15:11:15,,,,,,,,,,,,,,,,,,,,
1463,2175.3445,2312.6323,3972.5042,0.257118301,0.273345251,2312.6323,0.17837147,0.426664445,15399.356,0.007591842,480.6754047,31.12144,6.56,2:Δt out of range,INT : 60.00[Hz],SLOW,1,2025/6/19,15:11:16,,,,,,,,,,,,,,,,,,,,
1464,2175.2429,2312.5413,3972.3457,0.257116962,0.273345838,2312.5413,0.178370241,0.426664642,15399.55327,0.007593042,480.6757596,31.1217976,6.57,2:Δt out of range,INT : 60.00[Hz],SLOW,1,2025/6/19,15:11:17,,,,,,,,,,,,,,,,,,,,
1465,2175.2156,2312.5054,3972.3491,0.257115553,0.273343527,2312.5054,0.178370034,0.426662878,15400.32909,0.007592832,480.6754997,31.12251159,6.58,2:Δt out of range,INT : 60.00[Hz],SLOW,1,2025/6/19,15:11:18,,,,,,,,,,,,,,,,,,,,
1466,2175.1914,2312.4827,3972.2678,0.257116588,0.273344986,2312.4827,0.178370275,0.426664013,15399.80542,0.007592866,480.6756389,31.12201451,6.55,2:Δt out of range,INT : 60.00[Hz],SLOW,1,2025/6/19,15:11:19,,,,,,,,,,,,,,,,,,,,
1467,2175.2524,2312.5667,3972.3386,0.25711724,0.273347942,2312.5667,0.17836967,0.426666099,15399.0807,0.007593912,480.6761672,31.12146693,6.55,2:Δt out of range,INT : 60.00[Hz],SLOW,1,2025/6/19,15:11:20,,,,,,,,,,,,,,,,,,,,
1468,2175.0867,2312.3726,3972.1094,0.257115555,0.27334403,2312.3726,0.178369849,0.426663217,15400.23109,0.007593084,480.6756081,31.122453,6.55,2:Δt out of range,INT : 60.00[Hz],SLOW,1,2025/6/19,15:11:21,,,,,,,,,,,,,,,,,,,,
1469,2175.095,2312.406,3972.0525,0.257116998,0.273348469,2312.406,0.178369291,0.426666418,15399.03489,0.00759434,480.6763224,31.12148322,6.55,2:Δt out of range,INT : 60.00[Hz],SLOW,1,2025/6/19,15:11:22,,,,,,,,,,,,,,,,,,,,
1470,2175.1548,2312.4712,3972.177,0.257116484,0.273348115,2312.4712,0.178369034,0.426666103,15399.22319,0.00759451,480.6763332,31.12168745,6.58,2:Δt out of range,INT : 60.00[Hz],SLOW,1,2025/6/19,15:11:23,,,,,,,,,,,,,,,,,,,,
1471,2175.0967,2312.4128,3972.1155,0.257115026,0.273346963,2312.4128,0.17836836,0.426665112,15399.78541,0.007594916,480.6763323,31.12228326,6.56,2:Δt out of range,INT : 60.00[Hz],SLOW,1,2025/6/19,15:11:24,,,,,,,,,,,,,,,,,,,,
1472,2174.9749,2312.2778,3971.9021,0.257114919,0.273346198,2312.2778,0.178368563,0.426664582,15399.95861,0.007594603,480.676185,31.12240535,6.55,2:Δt out of range,INT : 60.00[Hz],SLOW,1,2025/6/19,15:11:25,,,,,,,,,,,,,,,,,,,,
1473,2174.9866,2312.3079,3971.916,0.257114609,0.273347956,2312.3079,0.178367676,0.426665719,15399.68972,0.007595697,480.676618,31.12230126,6.57,2:Δt out of range,INT : 60.00[Hz],SLOW,1,2025/6/19,15:11:26,,,,,,,,,,,,,,,,,,,,
1474,2174.978,2312.3137,3971.9534,0.257112541,0.273347524,2312.3137,0.178366274,0.426665122,15400.25436,0.007596877,480.6768764,31.12300812,6.55,2:Δt out of range,INT : 60.00[Hz],SLOW,1,2025/6/19,15:11:27,,,,,,,,,,,,,,,,,,,,
1475,2174.9907,2312.3438,3971.9128,0.257113975,0.273351011,2312.3438,0.178366064,0.426667681,15399.24481,0.007597661,480.6773863,31.12215077,6.55,2:Δt out of range,INT : 60.00[Hz],SLOW,1,2025/6/19,15:11:28,,,,,,,,,,,,,,,,,,,,
1476,2175.0181,2312.3594,3971.9917,0.257113509,0.273348916,2312.3594,0.178366489,0.426666202,15399.75929,0.007596922,480.6770127,31.12254011,6.56,2:Δt out of range,INT : 60.00[Hz],SLOW,1,2025/6/19,15:11:29,,,,,,,,,,,,,,,,,,,,
1477,2174.9319,2312.2627,3971.8997,0.257111674,0.273346368,2312.2627,0.178366049,0.426664216,15400.67991,0.007596881,480.6767739,31.12341646,6.57,2:Δt out of range,INT : 60.00[Hz],SLOW,1,2025/6/19,15:11:30,,,,,,,,,,,,,,,,,,,,
1478,2174.7832,2312.1025,3971.7046,0.257109415,0.273343715,2312.1025,0.178365326,0.426662097,15401.71967,0.007597075,480.676585,31.12443986,6.56,2:Δt out of range,INT : 60.00[Hz],SLOW,1,2025/6/19,15:11:31,,,,,,,,,,,,,,,,,,,,
1479,2174.8467,2312.1958,3971.8372,0.257108125,0.273345393,2312.1958,0.178363728,0.426663035,15401.69403,0.00759879,480.6771672,31.12465622,6.58,2:Δt out of range,INT : 60.00[Hz],SLOW,1,2025/6/19,15:11:32,,,,,,,,,,,,,,,,,,,,
1480,2174.7727,2312.1101,3971.6816,0.25710896,0.273345451,2312.1101,0.178364338,0.426663197,15401.48866,0.007598254,480.6770375,31.12438422,6.6,2:Δt out of range,INT : 60.00[Hz],SLOW,1,2025/6/19,15:11:33,,,,,,,,,,,,,,,,,,,,
1481,2174.7458,2312.0977,3971.6309,0.257108516,0.273346893,2312.0977,0.178363467,0.426664102,15401.31228,0.00759928,480.677425,31.1243593,6.6,2:Δt out of range,INT : 60.00[Hz],SLOW,1,2025/6/19,15:11:34,,,,,,,,,,,,,,,,,,,,
1482,2174.6458,2312.0093,3971.4695,0.257107326,0.273347747,2312.0093,0.178362251,0.4266645,15401.42343,0.007600513,480.6778119,31.124639,6.57,2:Δt out of range,INT : 60.00[Hz],SLOW,1,2025/6/19,15:11:35,,,,,,,,,,,,,,,,,,,,
1483,2174.4746,2311.8142,3971.2275,0.257105576,0.273344339,2311.8142,0.178362194,0.426661948,15402.49131,0.007599982,480.6773729,31.1255875,6.56,2:Δt out of range,INT : 60.00[Hz],SLOW,1,2025/6/19,15:11:36,,,,,,,,,,,,,,,,,,,,
1484,2174.4465,2311.7849,3971.1575,0.257106126,0.273344992,2311.7849,0.178362367,0.426662469,15402.23663,0.007599938,480.6774204,31.12533741,6.61,2:Δt out of range,INT : 60.00[Hz],SLOW,1,2025/6/19,15:11:37,,,,,,,,,,,,,,,,,,,,
1485,2174.509,2311.8145,3971.2874,0.257106768,0.273341317,2311.8145,0.178364216,0.426660091,15402.80041,0.007597658,480.6765168,31.12555703,6.57,2:Δt out of range,INT : 60.00[Hz],SLOW,1,2025/6/19,15:11:38,,,,,,,,,,,,,,,,,,,,
1486,2174.4307,2311.7571,3971.157,0.257105599,0.27334313,2311.7571,0.17836266,0.426661138,15402.72042,0.007599359,480.6771077,31.12571943,6.57,2:Δt out of range,INT : 60.00[Hz],SLOW,1,2025/6/19,15:11:39,,,,,,,,,,,,,,,,,,,,
1487,2174.428,2311.7588,3971.179,0.257104641,0.273342652,2311.7588,0.178362114,0.426660675,15403.03577,0.007599766,480.6771673,31.12607869,6.58,2:Δt out of range,INT : 60.00[Hz],SLOW,1,2025/6/19,15:11:40,,,,,,,,,,,,,,,,,,,,
1488,2174.5061,2311.8757,3971.3354,0.257103193,0.273345117,2311.8757,0.178360105,0.426662119,15402.89434,0.007601984,480.6779466,31.12625477,6.57,2:Δt out of range,INT : 60.00[Hz],SLOW,1,2025/6/19,15:11:41,,,,,,,,,,,,,,,,,,,,
1489,2174.3765,2311.7395,3971.1519,0.257101528,0.273343535,2311.7395,0.178359434,0.426660808,15403.58862,0.007602313,480.6778877,31.12696609,6.55,2:Δt out of range,INT : 60.00[Hz],SLOW,1,2025/6/19,15:11:42,,,,,,,,,,,,,,,,,,,,
1490,2174.3413,2311.6929,3971.084,0.257101917,0.273342863,2311.6929,0.178359977,0.426660413,15403.62851,0.007601713,480.6776764,31.12691995,6.56,2:Δt out of range,INT : 60.00[Hz],SLOW,1,2025/6/19,15:11:43,,,,,,,,,,,,,,,,,,,,
1491,2174.251,2311.5913,3970.927,0.257101846,0.273342126,2311.5913,0.178360197,0.426659907,15403.78786,0.00760139,480.6775291,31.12702724,6.58,2:Δt out of range,INT : 60.00[Hz],SLOW,1,2025/6/19,15:11:44,,,,,,,,,,,,,,,,,,,,
1492,2174.2126,2311.563,3970.8523,0.257101604,0.27334335,2311.563,0.17835956,0.426660695,15403.60667,0.007602169,480.6778349,31.12696311,6.57,2:Δt out of range,INT : 60.00[Hz],SLOW,1,2025/6/19,15:11:45,,,,,,,,,,,,,,,,,,,,
1493,2174.281,2311.6655,3970.9558,0.25710135,0.273346601,2311.6655,0.178358161,0.426662845,15403.03508,0.007603975,480.678581,31.12666936,6.57,2:Δt out of range,INT : 60.00[Hz],SLOW,1,2025/6/19,15:11:46,,,,,,,,,,,,,,,,,,,,
1494,2174.262,2311.6057,3970.99,0.257100459,0.273340972,2311.6057,0.178359578,0.426658925,15404.33437,0.007601747,480.6775154,31.12760077,6.58,2:Δt out of range,INT : 60.00[Hz],SLOW,1,2025/6/19,15:11:47,,,,,,,,,,,,,,,,,,,,
1495,2174.1729,2311.5449,3970.8345,0.257099208,0.273343653,2311.5449,0.178357637,0.426660544,15404.10507,0.00760394,480.6783081,31.12768939,6.59,2:Δt out of range,INT : 60.00[Hz],SLOW,1,2025/6/19,15:11:48,,,,,,,,,,,,,,,,,,,,
1496,2174.0911,2311.4587,3970.6663,0.257099756,0.273344327,2311.4587,0.178357801,0.426661079,15403.84683,0.007603909,480.6783605,31.12743758,6.58,2:Δt out of range,INT : 60.00[Hz],SLOW,1,2025/6/19,15:11:49,,,,,,,,,,,,,,,,,,,,
1497,2174.1248,2311.5042,3970.7598,0.257098491,0.273344125,2311.5042,0.17835692,0.426660756,15404.18027,0.007604662,480.6785321,31.12786283,6.59,2:Δt out of range,INT : 60.00[Hz],SLOW,1,2025/6/19,15:11:50,,,,,,,,,,,,,,,,,,,,
1498,2174.1663,2311.5503,3970.8879,0.257096841,0.273342605,2311.5503,0.178356237,0.426659488,15404.85914,0.007605013,480.6784841,31.12856227,6.6,2:Δt out of range,INT : 60.00[Hz],SLOW,1,2025/6/19,15:11:51,,,,,,,,,,,,,,,,,,,,
1499,2174.0969,2311.4971,3970.7546,0.257096414,0.273344585,2311.4971,0.17835518,0.426660758,15404.57411,0.007606297,480.6789849,31.12846972,6.58,2:Δt out of range,INT : 60.00[Hz],SLOW,1,2025/6/19,15:11:52,,,,,,,,,,,,,,,,,,,,
1500,2174.1121,2311.5203,3970.7249,0.257097947,0.273347047,2311.5203,0.178355424,0.426662642,15403.73991,0.007606499,480.6792565,31.12769912,6.58,2:Δt out of range,INT : 60.00[Hz],SLOW,1,2025/6/19,15:11:53,,,,,,,,,,,,,,,,,,,,
1501,2174.032,2311.4272,3970.5923,0.257097772,0.273345923,2311.4272,0.178355709,0.426661859,15403.99879,0.007606052,480.6790431,31.12788425,6.61,2:Δt out of range,INT : 60.00[Hz],SLOW,1,2025/6/19,15:11:54,,,,,,,,,,,,,,,,,,,,
1502,2173.9773,2311.4011,3970.4653,0.257097621,0.273349554,2311.4011,0.178354248,0.42666428,15403.32952,0.007607979,480.6798537,31.12751396,6.57,2:Δt out of range,INT : 60.00[Hz],SLOW,1,2025/6/19,15:11:55,,,,,,,,,,,,,,,,,,,,
1503,2173.9788,2311.3843,3970.5359,0.257096117,0.273345779,2311.3843,0.178354512,0.426661517,15404.41149,0.007607098,480.6792935,31.12842648,6.6,2:Δt out of range,INT : 60.00[Hz],SLOW,1,2025/6/19,15:11:56,,,,,,,,,,,,,,,,,,,,
1504,2173.8918,2311.2676,3970.4419,0.25709488,0.273341601,2311.2676,0.178355128,0.426658523,15405.50987,0.007605834,480.6786008,31.12930075,6.61,2:Δt out of range,INT : 60.00[Hz],SLOW,1,2025/6/19,15:11:57,,,,,,,,,,,,,,,,,,,,
1505,2173.7849,2311.1707,3970.196,0.257095911,0.273344679,2311.1707,0.178354764,0.426660747,15404.67296,0.007606684,480.6790908,31.12861881,6.59,2:Δt out of range,INT : 60.00[Hz],SLOW,1,2025/6/19,15:11:58,,,,,,,,,,,,,,,,,,,,
1506,2173.6423,2311.0557,3969.9792,0.25709347,0.273346415,2311.0557,0.178352276,0.426661553,15404.90378,0.007609206,480.6798812,31.12919419,6.6,2:Δt out of range,INT : 60.00[Hz],SLOW,1,2025/6/19,15:11:59,,,,,,,,,,,,,,,,,,,,
1507,2173.6289,2311.0374,3969.9666,0.257093232,0.273345682,2311.0374,0.178352368,0.426661025,15405.10116,0.007608999,480.6797634,31.12935408,6.62,2:Δt out of range,INT : 60.00[Hz],SLOW,1,2025/6/19,15:12:00,,,,,,,,,,,,,,,,,,,,
1508,2173.5068,2310.9468,3969.7212,0.257092721,0.273349777,2310.9468,0.178350462,0.426663705,15404.42565,0.007611403,480.6807358,31.12904496,6.6,2:Δt out of range,INT : 60.00[Hz],SLOW,1,2025/6/19,15:12:01,,,,,,,,,,,,,,,,,,,,
1509,2173.5859,2311.0168,3969.8989,0.257092139,0.273347491,2311.0168,0.178350871,0.426662081,15405.00454,0.007610647,480.6803404,31.1294931,6.61,2:Δt out of range,INT : 60.00[Hz],SLOW,1,2025/6/19,15:12:02,,,,,,,,,,,,,,,,,,,,
1510,2173.4944,2310.9246,3969.7439,0.257091616,0.273347536,2310.9246,0.178350459,0.426662034,15405.11742,0.007611023,480.6804392,31.12965408,6.59,2:Δt out of range,INT : 60.00[Hz],SLOW,1,2025/6/19,15:12:03,,,,,,,,,,,,,,,,,,,,
1511,2173.53,2310.9729,3969.7952,0.257091715,0.273348878,2310.9729,0.178350036,0.426662951,15404.83395,0.00761163,480.6807123,31.12946793,6.58,2:Δt out of range,INT : 60.00[Hz],SLOW,1,2025/6/19,15:12:04,,,,,,,,,,,,,,,,,,,,
1512,2173.4531,2310.9104,3969.7124,0.257089376,0.27334867,2310.9104,0.178348346,0.426662465,15405.41837,0.007613106,480.6810651,31.130235,6.59,2:Δt out of range,INT : 60.00[Hz],SLOW,1,2025/6/19,15:12:05,,,,,,,,,,,,,,,,,,,,
1513,2173.3926,2310.7988,3969.582,0.257091419,0.27334525,2310.7988,0.178351159,0.426660466,15405.60687,0.007610006,480.6799783,31.12997995,6.62,2:Δt out of range,INT : 60.00[Hz],SLOW,1,2025/6/19,15:12:06,,,,,,,,,,,,,,,,,,,,
1514,2173.3875,2310.7849,3969.5752,0.2570916,0.27334444,2310.7849,0.178351597,0.426659948,15405.72188,0.007609477,480.6797723,31.13001565,6.58,2:Δt out of range,INT : 60.00[Hz],SLOW,1,2025/6/19,15:12:07,,,,,,,,,,,,,,,,,,,,
1515,2173.3367,2310.7292,3969.4744,0.257091896,0.273344554,2310.7292,0.178351777,0.426660068,15405.6311,0.007609334,480.6797467,31.12990874,6.64,2:Δt out of range,INT : 60.00[Hz],SLOW,1,2025/6/19,15:12:08,,,,,,,,,,,,,,,,,,,,
1516,2173.2605,2310.6609,3969.4587,0.257087754,0.273341654,2310.6609,0.178349724,0.426657504,15407.15726,0.007610676,480.6798245,31.13155853,6.62,2:Δt out of range,INT : 60.00[Hz],SLOW,1,2025/6/19,15:12:09,,,,,,,,,,,,,,,,,,,,
1517,2173.2263,2310.6309,3969.323,0.257089787,0.273344569,2310.6309,0.178350179,0.426659766,15406.11844,0.007610767,480.6801087,31.13057669,6.61,2:Δt out of range,INT : 60.00[Hz],SLOW,1,2025/6/19,15:12:10,,,,,,,,,,,,,,,,,,,,
1518,2173.1401,2310.521,3969.1843,0.257089772,0.273342394,2310.521,0.178350975,0.426658301,15406.544,0.007609684,480.6796411,31.13083195,6.62,2:Δt out of range,INT : 60.00[Hz],SLOW,1,2025/6/19,15:12:11,,,,,,,,,,,,,,,,,,,,
1519,2173.0886,2310.5029,3969.1499,0.257086843,0.273343616,2310.5029,0.178348308,0.426658689,15406.98833,0.007612277,480.6804035,31.13162188,6.63,2:Δt out of range,INT : 60.00[Hz],SLOW,1,2025/6/19,15:12:12,,,,,,,,,,,,,,,,,,,,
1520,2172.9944,2310.3926,3968.9934,0.257086678,0.273342241,2310.3926,0.178348694,0.42665774,15407.29353,0.007611697,480.6801342,31.13183257,6.61,2:Δt out of range,INT : 60.00[Hz],SLOW,1,2025/6/19,15:12:13,,,,,,,,,,,,,,,,,,,,
1521,2172.9348,2310.3315,3968.8669,0.257087146,0.273343006,2310.3315,0.178348763,0.426658324,15407.03618,0.007611766,480.6802202,31.13159586,6.58,2:Δt out of range,INT : 60.00[Hz],SLOW,1,2025/6/19,15:12:14,,,,,,,,,,,,,,,,,,,,
1522,2172.9504,2310.3643,3968.8918,0.257086762,0.273344517,2310.3643,0.178347912,0.426659283,15406.83238,0.007612785,480.680612,31.13154387,6.64,2:Δt out of range,INT : 60.00[Hz],SLOW,1,2025/6/19,15:12:15,,,,,,,,,,,,,,,,,,,,
1523,2172.8296,2310.238,3968.7324,0.257084834,0.27334272,2310.238,0.178347122,0.426657789,15407.62958,0.007613184,480.6805515,31.13236327,6.62,2:Δt out of range,INT : 60.00[Hz],SLOW,1,2025/6/19,15:12:16,,,,,,,,,,,,,,,,,,,,
1524,2172.8149,2310.2102,3968.7188,0.257084801,0.273341245,2310.2102,0.178347645,0.426656792,15407.92352,0.007612465,480.6802382,31.13254358,6.63,2:Δt out of range,INT : 60.00[Hz],SLOW,1,2025/6/19,15:12:17,,,,,,,,,,,,,,,,,,,,
1525,2172.5828,2309.9778,3968.4175,0.257080633,0.273338515,2309.9778,0.178345509,0.426654337,15409.42336,0.007613909,480.6803569,31.1341822,6.61,2:Δt out of range,INT : 60.00[Hz],SLOW,1,2025/6/19,15:12:18,,,,,,,,,,,,,,,,,,,,
1526,2172.5735,2309.9529,3968.3286,0.257083277,0.27333955,2309.9529,0.178347123,0.426655425,15408.60714,0.007612643,480.6801309,31.13322293,6.6,2:Δt out of range,INT : 60.00[Hz],SLOW,1,2025/6/19,15:12:19,,,,,,,,,,,,,,,,,,,,
1527,2172.4658,2309.8564,3968.095,0.257083851,0.273342291,2309.8564,0.178346539,0.426657355,15407.94136,0.007613633,480.6806259,31.13272478,6.58,2:Δt out of range,INT : 60.00[Hz],SLOW,1,2025/6/19,15:12:20,,,,,,,,,,,,,,,,,,,,
1528,2172.4495,2309.8525,3968.0935,0.257082583,0.273342532,2309.8525,0.178345491,0.426657329,15408.18985,0.007614611,480.6808937,31.13310014,6.59,2:Δt out of range,INT : 60.00[Hz],SLOW,1,2025/6/19,15:12:21,,,,,,,,,,,,,,,,,,,,
1529,2172.3552,2309.7517,3967.9873,0.25708059,0.273340349,2309.7517,0.178344795,0.426655566,15409.07723,0.007614861,480.6807609,31.13398465,6.57,2:Δt out of range,INT : 60.00[Hz],SLOW,1,2025/6/19,15:12:22,,,,,,,,,,,,,,,,,,,,
1530,2172.291,2309.6873,3967.835,0.257081538,0.273341815,2309.6873,0.178344968,0.426656692,15408.5721,0.007614957,480.6809163,31.13351458,6.61,2:Δt out of range,INT : 60.00[Hz],SLOW,1,2025/6/19,15:12:23,,,,,,,,,,,,,,,,,,,,
1531,2172.2075,2309.6094,3967.6785,0.257081328,0.273342879,2309.6094,0.178344414,0.426657377,15408.41427,0.007615634,480.6811822,31.13345865,6.62,2:Δt out of range,INT : 60.00[Hz],SLOW,1,2025/6/19,15:12:24,,,,,,,,,,,,,,,,,,,,
1532,2172.196,2309.6199,3967.687,0.257079739,0.273343879,2309.6199,0.178342842,0.426657815,15408.58986,0.00761721,480.6816687,31.13384833,6.63,2:Δt out of range,INT : 60.00[Hz],SLOW,1,2025/6/19,15:12:25,,,,,,,,,,,,,,,,,,,,
1533,2172.1245,2309.5295,3967.5825,0.257079382,0.273341798,2309.5295,0.178343345,0.426656362,15409.07681,0.007616405,480.6812795,31.13420132,6.63,2:Δt out of range,INT : 60.00[Hz],SLOW,1,2025/6/19,15:12:26,,,,,,,,,,,,,,,,,,,,
1534,2171.9663,2309.3877,3967.3235,0.257077667,0.2733431,2309.3877,0.178341566,0.426656984,15409.22319,0.007618219,480.6818526,31.13459632,6.61,2:Δt out of range,INT : 60.00[Hz],SLOW,1,2025/6/19,15:12:27,,,,,,,,,,,,,,,,,,,,
1535,2172.0308,2309.4446,3967.3923,0.257079514,0.273343681,2309.4446,0.178342745,0.426657649,15408.68068,0.007617263,480.6816642,31.13394267,6.63,2:Δt out of range,INT : 60.00[Hz],SLOW,1,2025/6/19,15:12:28,,,,,,,,,,,,,,,,,,,,
1536,2172.0376,2309.4604,3967.4153,0.257078931,0.273344076,2309.4604,0.178342159,0.426657828,15408.7396,0.007617855,480.6818486,31.1340823,6.63,2:Δt out of range,INT : 60.00[Hz],SLOW,1,2025/6/19,15:12:29,,,,,,,,,,,,,,,,,,,,
1537,2171.9336,2309.396,3967.1477,0.257079888,0.27335056,2309.396,0.178340475,0.426662333,15407.25839,0.007620467,480.6830876,31.13303143,6.63,2:Δt out of range,INT : 60.00[Hz],SLOW,1,2025/6/19,15:12:30,,,,,,,,,,,,,,,,,,,,
1538,2171.9148,2309.3511,3967.209,0.257077736,0.273345323,2309.3511,0.178340793,0.42665849,15408.77558,0.007619289,480.6823214,31.13431834,6.67,2:Δt out of range,INT : 60.00[Hz],SLOW,1,2025/6/19,15:12:31,,,,,,,,,,,,,,,,,,,,
1539,2171.8647,2309.3147,3967.0999,0.257077758,0.273347343,2309.3147,0.17834006,0.426659853,15408.37835,0.00762029,480.6827544,31.13407873,6.65,2:Δt out of range,INT : 60.00[Hz],SLOW,1,2025/6/19,15:12:32,,,,,,,,,,,,,,,,,,,,
1540,2171.8826,2309.3237,3967.1675,0.257077001,0.273345351,2309.3237,0.178340227,0.4266584,15408.94117,0.0076198,480.6824524,31.13454862,6.63,2:Δt out of range,INT : 60.00[Hz],SLOW,1,2025/6/19,15:12:33,,,,,,,,,,,,,,,,,,,,
1541,2171.885,2309.3247,3967.2146,0.257075748,0.273343835,2309.3247,0.178339843,0.426657195,15409.52683,0.007619885,480.6823378,31.1351211,6.59,2:Δt out of range,INT : 60.00[Hz],SLOW,1,2025/6/19,15:12:34,,,,,,,,,,,,,,,,,,,,
1542,2171.7437,2309.1772,3967.0063,0.25707415,0.27334246,2309.1772,0.178339146,0.426656033,15410.16596,0.007620274,480.6823124,31.13578749,6.62,2:Δt out of range,INT : 60.00[Hz],SLOW,1,2025/6/19,15:12:35,,,,,,,,,,,,,,,,,,,,
1543,2171.6406,2309.0867,3966.8125,0.257073734,0.273344282,2309.0867,0.178338156,0.426657197,15409.90881,0.00762147,480.6827769,31.13570959,6.61,2:Δt out of range,INT : 60.00[Hz],SLOW,1,2025/6/19,15:12:36,,,,,,,,,,,,,,,,,,,,
1544,2171.5874,2309.0391,3966.719,0.257073349,0.273344934,2309.0391,0.178337623,0.426657579,15409.87168,0.007622058,480.6829834,31.13575669,6.6,2:Δt out of range,INT : 60.00[Hz],SLOW,1,2025/6/19,15:12:37,,,,,,,,,,,,,,,,,,,,
1545,2171.469,2308.9194,3966.5229,0.257072547,0.273344814,2308.9194,0.178337061,0.42665738,15410.08171,0.00762254,480.6830939,31.13602546,6.65,2:Δt out of range,INT : 60.00[Hz],SLOW,1,2025/6/19,15:12:38,,,,,,,,,,,,,,,,,,,,
1546,2171.4773,2308.9194,3966.5889,0.257071268,0.27334241,2308.9194,0.178336987,0.426655573,15410.8461,0.007622196,480.6827916,31.13670858,6.63,2:Δt out of range,INT : 60.00[Hz],SLOW,1,2025/6/19,15:12:39,,,,,,,,,,,,,,,,,,,,
1547,2171.4177,2308.8582,3966.5217,0.257069934,0.273341248,2308.8582,0.17833641,0.426654594,15411.38218,0.007622513,480.6827674,31.13726626,6.61,2:Δt out of range,INT : 60.00[Hz],SLOW,1,2025/6/19,15:12:40,,,,,,,,,,,,,,,,,,,,
1548,2171.2834,2308.7224,3966.2781,0.257069668,0.273341795,2308.7224,0.178336007,0.426654922,15411.33787,0.007622968,480.6829307,31.13728769,6.62,2:Δt out of range,INT : 60.00[Hz],SLOW,1,2025/6/19,15:12:41,,,,,,,,,,,,,,,,,,,,
1549,2171.168,2308.606,3966.075,0.257069242,0.273342088,2308.606,0.178335576,0.426655056,15411.38013,0.007623403,480.6830665,31.13738934,6.66,2:Δt out of range,INT : 60.00[Hz],SLOW,1,2025/6/19,15:12:42,,,,,,,,,,,,,,,,,,,,
1550,2171.0679,2308.49,3966.0042,0.257066122,0.273337638,2308.49,0.17833487,0.4266516,15412.97038,0.007623275,480.6826352,31.13889287,6.62,2:Δt out of range,INT : 60.00[Hz],SLOW,1,2025/6/19,15:12:43,,,,,,,,,,,,,,,,,,,,
1551,2171.0317,2308.4624,3965.9824,0.257064442,0.273337141,2308.4624,0.178333785,0.426651017,15413.45827,0.00762416,480.6828134,31.13948413,6.63,2:Δt out of range,INT : 60.00[Hz],SLOW,1,2025/6/19,15:12:44,,,,,,,,,,,,,,,,,,,,
1552,2171.1199,2308.5835,3966.0154,0.25706751,0.273343638,2308.5835,0.178333692,0.426655843,15411.48225,0.007625353,480.6836961,31.13776111,6.64,2:Δt out of range,INT : 60.00[Hz],SLOW,1,2025/6/19,15:12:45,,,,,,,,,,,,,,,,,,,,
1553,2171.0522,2308.5159,3965.9368,0.257066004,0.273342556,2308.5159,0.178332956,0.426654892,15412.04256,0.007625826,480.6837183,31.13836387,6.66,2:Δt out of range,INT : 60.00[Hz],SLOW,1,2025/6/19,15:12:46,,,,,,,,,,,,,,,,,,,,
1554,2170.9036,2308.3704,3965.6772,0.257065263,0.273343249,2308.3704,0.178332138,0.426655249,15412.0806,0.007626676,480.6839942,31.13851967,6.63,2:Δt out of range,INT : 60.00[Hz],SLOW,1,2025/6/19,15:12:47,,,,,,,,,,,,,,,,,,,,
1555,2171.0012,2308.4597,3965.7925,0.257067621,0.273344042,2308.4597,0.178333626,0.426656131,15411.37786,0.007625481,480.6837646,31.13767922,6.65,2:Δt out of range,INT : 60.00[Hz],SLOW,1,2025/6/19,15:12:48,,,,,,,,,,,,,,,,,,,,
1556,2170.9001,2308.3635,3965.666,0.257065506,0.273343131,2308.3635,0.178332366,0.426655205,15412.04694,0.007626452,480.6839274,31.13845603,6.62,2:Δt out of range,INT : 60.00[Hz],SLOW,1,2025/6/19,15:12:49,,,,,,,,,,,,,,,,,,,,
1557,2170.8555,2308.3103,3965.5857,0.257065646,0.273342596,2308.3103,0.17833267,0.426654866,15412.11823,0.007626089,480.6837879,31.13847313,6.66,2:Δt out of range,INT : 60.00[Hz],SLOW,1,2025/6/19,15:12:50,,,,,,,,,,,,,,,,,,,,
1558,2170.7996,2308.2751,3965.5857,0.2570618,0.273341377,2308.2751,0.178330216,0.426653476,15413.25031,0.007628075,480.6841783,31.13983551,6.64,2:Δt out of range,INT : 60.00[Hz],SLOW,1,2025/6/19,15:12:51,,,,,,,,,,,,,,,,,,,,
1559,2170.7456,2308.2151,3965.4875,0.257061865,0.27334114,2308.2151,0.178330353,0.426653327,15413.28113,0.007627912,480.6841161,31.13984212,6.64,2:Δt out of range,INT : 60.00[Hz],SLOW,1,2025/6/19,15:12:52,,,,,,,,,,,,,,,,,,,,
1560,2170.7285,2308.1833,3965.4851,0.257061401,0.273339035,2308.1833,0.178330784,0.426651841,15413.79796,0.007627167,480.6837398,31.1402318,6.63,2:Δt out of range,INT : 60.00[Hz],SLOW,1,2025/6/19,15:12:53,,,,,,,,,,,,,,,,,,,,
1561,2170.5796,2308.0549,3965.1545,0.257062274,0.273343507,2308.0549,0.178329784,0.42665498,15412.7261,0.007628825,480.6845582,31.13943949,6.61,2:Δt out of range,INT : 60.00[Hz],SLOW,1,2025/6/19,15:12:54,,,,,,,,,,,,,,,,,,,,
1562,2170.575,2308.041,3965.1443,0.257062603,0.27334279,2308.041,0.178330299,0.426654546,15412.78883,0.007628242,480.6843473,31.13941758,6.64,2:Δt out of range,INT : 60.00[Hz],SLOW,1,2025/6/19,15:12:55,,,,,,,,,,,,,,,,,,,,
1563,2170.4836,2307.959,3964.998,0.257061511,0.273343428,2307.959,0.178329237,0.426654814,15412.91895,0.007629301,480.6846708,31.13969087,6.67,2:Δt out of range,INT : 60.00[Hz],SLOW,1,2025/6/19,15:12:56,,,,,,,,,,,,,,,,,,,,
1564,2170.4473,2307.9092,3964.9431,0.257061505,0.273342095,2307.9092,0.178329727,0.426653916,15413.17947,0.007628635,480.6843836,31.1398465,6.63,2:Δt out of range,INT : 60.00[Hz],SLOW,1,2025/6/19,15:12:57,,,,,,,,,,,,,,,,,,,,
1565,2170.4307,2307.9033,3964.9507,0.257059992,0.273341878,2307.9033,0.178328665,0.426653546,15413.57353,0.007629548,480.684594,31.14035189,6.66,2:Δt out of range,INT : 60.00[Hz],SLOW,1,2025/6/19,15:12:58,,,,,,,,,,,,,,,,,,,,
1566,2170.2764,2307.7383,3964.6836,0.257059571,0.27334132,2307.7383,0.178328553,0.426653108,15413.7801,0.007629553,480.6845451,31.14055014,6.68,2:Δt out of range,INT : 60.00[Hz],SLOW,1,2025/6/19,15:12:59,,,,,,,,,,,,,,,,,,,,
1567,2170.0874,2307.5654,3964.4292,0.257055949,0.273340794,2307.5654,0.178326012,0.426652218,15414.7253,0.007631736,480.6850471,31.14176123,6.66,2:Δt out of range,INT : 60.00[Hz],SLOW,1,2025/6/19,15:13:00,,,,,,,,,,,,,,,,,,,,
1568,2170.0425,2307.4951,3964.3279,0.257057223,0.273339477,2307.4951,0.178327463,0.42665152,15414.68477,0.007630213,480.6845458,31.14150834,6.61,2:Δt out of range,INT : 60.00[Hz],SLOW,1,2025/6/19,15:13:01,,,,,,,,,,,,,,,,,,,,
1569,2170.0964,2307.5713,3964.4011,0.257057417,0.273341921,2307.5713,0.178326703,0.426653194,15414.16475,0.00763131,480.685041,31.14116515,6.64,2:Δt out of range,INT : 60.00[Hz],SLOW,1,2025/6/19,15:13:02,,,,,,,,,,,,,,,,,,,,
1570,2170.0349,2307.5171,3964.3376,0.257055589,0.273341303,2307.5171,0.178325551,0.426652507,15414.71044,0.007632235,480.6852182,31.14181718,6.66,2:Δt out of range,INT : 60.00[Hz],SLOW,1,2025/6/19,15:13:03,,,,,,,,,,,,,,,,,,,,
1571,2169.8882,2307.3704,3964.0889,0.257054718,0.273341478,2307.3704,0.178324828,0.426652496,15414.8791,0.007632911,480.6854041,31.14207362,6.66,2:Δt out of range,INT : 60.00[Hz],SLOW,1,2025/6/19,15:13:04,,,,,,,,,,,,,,,,,,,,
1572,2169.8608,2307.3213,3964.0808,0.257054048,0.273338401,2307.3213,0.178325464,0.426650326,15415.63294,0.007631817,480.6848528,31.14264081,6.67,2:Δt out of range,INT : 60.00[Hz],SLOW,1,2025/6/19,15:13:05,,,,,,,,,,,,,,,,,,,,
1573,2169.8701,2307.3579,3964.0889,0.257053505,0.273340988,2307.3579,0.178324094,0.426651987,15415.25653,0.007633484,480.6855043,31.14251521,6.62,2:Δt out of range,INT : 60.00[Hz],SLOW,1,2025/6/19,15:13:06,,,,,,,,,,,,,,,,,,,,
1574,2169.7212,2307.2012,3963.8804,0.257051521,0.273339071,2307.2012,0.178323306,0.426650404,15416.09086,0.007633862,480.6854274,31.14336629,6.65,2:Δt out of range,INT : 60.00[Hz],SLOW,1,2025/6/19,15:13:07,,,,,,,,,,,,,,,,,,,,
1575,2169.6731,2307.1548,3963.8479,0.25704969,0.273337687,2307.1548,0.178322436,0.426649201,15416.78622,0.007634403,480.6854394,31.14410741,6.64,2:Δt out of range,INT : 60.00[Hz],SLOW,1,2025/6/19,15:13:08,,,,,,,,,,,,,,,,,,,,
1576,2169.5723,2307.0608,3963.5908,0.25705151,0.273341185,2307.0608,0.178322513,0.426651824,15415.68276,0.007634931,480.6858861,31.14312638,6.66,2:Δt out of range,INT : 60.00[Hz],SLOW,1,2025/6/19,15:13:09,,,,,,,,,,,,,,,,,,,,
1577,2169.5396,2307.0271,3963.5542,0.257050773,0.273340528,2307.0271,0.1783222,0.426651273,15415.98212,0.007635099,480.6858694,31.14343632,6.66,2:Δt out of range,INT : 60.00[Hz],SLOW,1,2025/6/19,15:13:10,,,,,,,,,,,,,,,,,,,,
1578,2169.4316,2306.9229,3963.3374,0.257051042,0.273342075,2306.9229,0.178321829,0.426652354,15415.61859,0.007635695,480.6861582,31.14317242,6.72,2:Δt out of range,INT : 60.00[Hz],SLOW,1,2025/6/19,15:13:11,,,,,,,,,,,,,,,,,,,,
1579,2169.3142,2306.8213,3963.0935,0.257051231,0.27334503,2306.8213,0.178320875,0.42665437,15415.00077,0.007637053,480.6867647,31.14277235,6.66,2:Δt out of range,INT : 60.00[Hz],SLOW,1,2025/6/19,15:13:12,,,,,,,,,,,,,,,,,,,,
1580,2169.1982,2306.7034,3962.9568,0.257048773,0.273343063,2306.7034,0.178319748,0.426652683,15415.95499,0.007637725,480.6867573,31.14377954,6.64,2:Δt out of range,INT : 60.00[Hz],SLOW,1,2025/6/19,15:13:13,,,,,,,,,,,,,,,,,,,,
1581,2169.2722,2306.7891,3963.1091,0.257048039,0.273343112,2306.7891,0.178319175,0.426652607,15416.1164,0.007638246,480.6868928,31.14400721,6.65,2:Δt out of range,INT : 60.00[Hz],SLOW,1,2025/6/19,15:13:14,,,,,,,,,,,,,,,,,,,,
1582,2169.176,2306.655,3962.969,0.257047922,0.273339219,2306.655,0.178320531,0.42664997,15416.90031,0.007636368,480.6860712,31.14449287,6.66,2:Δt out of range,INT : 60.00[Hz],SLOW,1,2025/6/19,15:13:15,,,,,,,,,,,,,,,,,,,,
1583,2169.1914,2306.7021,3962.9539,0.257048303,0.273343265,2306.7021,0.178319318,0.426652749,15416.02528,0.007638144,480.686881,31.14390579,6.66,2:Δt out of range,INT : 60.00[Hz],SLOW,1,2025/6/19,15:13:16,,,,,,,,,,,,,,,,,,,,
1584,2169.1062,2306.625,3962.8096,0.257047545,0.27334406,2306.625,0.178318451,0.426653172,15416.04708,0.007639055,480.6871815,31.14405476,6.68,2:Δt out of range,INT : 60.00[Hz],SLOW,1,2025/6/19,15:13:17,,,,,,,,,,,,,,,,,,,,
1585,2169.0757,2306.5669,3962.844,0.257045582,0.27333893,2306.5669,0.178318871,0.42664943,15417.50111,0.007637804,480.6864065,31.1452693,6.64,2:Δt out of range,INT : 60.00[Hz],SLOW,1,2025/6/19,15:13:18,,,,,,,,,,,,,,,,,,,,
1586,2169.0266,2306.5356,3962.7166,0.257046093,0.273341952,2306.5356,0.178318135,0.426651539,15416.79473,0.007638978,480.6869728,31.14475882,6.64,2:Δt out of range,INT : 60.00[Hz],SLOW,1,2025/6/19,15:13:19,,,,,,,,,,,,,,,,,,,,
1587,2168.946,2306.4421,3962.5708,0.257046286,0.273341234,2306.4421,0.178318548,0.426651084,15416.88931,0.007638486,480.6867848,31.14478018,6.66,2:Δt out of range,INT : 60.00[Hz],SLOW,1,2025/6/19,15:13:20,,,,,,,,,,,,,,,,,,,,
1588,2168.8318,2306.3403,3962.3772,0.25704523,0.273342438,2306.3403,0.178317303,0.426651739,15416.90124,0.007639805,480.6872247,31.14497709,6.64,2:Δt out of range,INT : 60.00[Hz],SLOW,1,2025/6/19,15:13:21,,,,,,,,,,,,,,,,,,,,
1589,2168.6611,2306.1707,3962.094,0.257043993,0.273342537,2306.1707,0.178316332,0.426651622,15417.17003,0.00764069,480.6874561,31.14535859,6.67,2:Δt out of range,INT : 60.00[Hz],SLOW,1,2025/6/19,15:13:22,,,,,,,,,,,,,,,,,,,,
1590,2168.7234,2306.2454,3962.1863,0.257044392,0.273343962,2306.2454,0.178316104,0.426652639,15416.80037,0.007641137,480.6876964,31.14506795,6.67,2:Δt out of range,INT : 60.00[Hz],SLOW,1,2025/6/19,15:13:23,,,,,,,,,,,,,,,,,,,,
1591,2168.6604,2306.1748,3962.1086,0.257043362,0.273342439,2306.1748,0.178315891,0.426651463,15417.33593,0.007641068,480.6875424,31.14557036,6.66,2:Δt out of range,INT : 60.00[Hz],SLOW,1,2025/6/19,15:13:24,,,,,,,,,,,,,,,,,,,,
1592,2168.522,2306.0208,3961.8542,0.257043617,0.273341902,2306.0208,0.178316283,0.426651139,15417.38107,0.007640626,480.6873828,31.14555128,6.7,2:Δt out of range,INT : 60.00[Hz],SLOW,1,2025/6/19,15:13:25,,,,,,,,,,,,,,,,,,,,
1593,2168.4792,2305.9814,3961.8577,0.257040942,0.273339781,2305.9814,0.178315049,0.426649316,15418.41619,0.007641368,480.6873793,31.14664543,6.69,2:Δt out of range,INT : 60.00[Hz],SLOW,1,2025/6/19,15:13:26,,,,,,,,,,,,,,,,,,,,
1594,2168.5457,2306.0784,3961.9541,0.257040906,0.273342858,2306.0784,0.178313879,0.426651381,15417.82648,0.007642939,480.6880505,31.14630251,6.67,2:Δt out of range,INT : 60.00[Hz],SLOW,1,2025/6/19,15:13:27,,,,,,,,,,,,,,,,,,,,
1595,2168.467,2306.0012,3961.8267,0.257040208,0.273342887,2306.0012,0.178313342,0.426651297,15417.9833,0.007643424,480.6881751,31.14652069,6.67,2:Δt out of range,INT : 60.00[Hz],SLOW,1,2025/6/19,15:13:28,,,,,,,,,,,,,,,,,,,,
1596,2168.3523,2305.8745,3961.6221,0.257040201,0.273342319,2305.8745,0.178313548,0.426650914,15418.09531,0.007643143,480.6880536,31.14658834,6.64,2:Δt out of range,INT : 60.00[Hz],SLOW,1,2025/6/19,15:13:29,,,,,,,,,,,,,,,,,,,,
1597,2168.1738,2305.6829,3961.3745,0.257037863,0.273339621,2305.6829,0.178312782,0.426648752,15419.16432,0.007643368,480.6878679,31.14764198,6.64,2:Δt out of range,INT : 60.00[Hz],SLOW,1,2025/6/19,15:13:30,,,,,,,,,,,,,,,,,,,,
1598,2168.105,2305.6299,3961.1938,0.257038924,0.27334314,2305.6299,0.178312278,0.426651278,15418.23296,0.007644419,480.6884482,31.1468994,6.67,2:Δt out of range,INT : 60.00[Hz],SLOW,1,2025/6/19,15:13:31,,,,,,,,,,,,,,,,,,,,
1599,2168.063,2305.5898,3961.1501,0.257037779,0.273342463,2305.5898,0.178311663,0.426650652,15418.63144,0.007644853,480.6884965,31.14734141,6.68,2:Δt out of range,INT : 60.00[Hz],SLOW,1,2025/6/19,15:13:32,,,,,,,,,,,,,,,,,,,,
1600,2167.9331,2305.4509,3960.9773,0.257035835,0.273340306,2305.4509,0.178310995,0.426648913,15419.50334,0.007645082,480.6883606,31.14820725,6.67,2:Δt out of range,INT : 60.00[Hz],SLOW,1,2025/6/19,15:13:33,,,,,,,,,,,,,,,,,,,,
1601,2167.9861,2305.5361,3961.0449,0.257035847,0.273343738,2305.5361,0.178309731,0.426651225,15418.83332,0.007646799,480.6891004,31.14780812,6.68,2:Δt out of range,INT : 60.00[Hz],SLOW,1,2025/6/19,15:13:34,,,,,,,,,,,,,,,,,,,,
1602,2167.8955,2305.4456,3960.8987,0.25703508,0.273343615,2305.4456,0.178309197,0.426651028,15419.03586,0.007647256,480.6892043,31.14806602,6.67,2:Δt out of range,INT : 60.00[Hz],SLOW,1,2025/6/19,15:13:35,,,,,,,,,,,,,,,,,,,,
1603,2167.8408,2305.4192,3960.7488,0.257035634,0.273347972,2305.4192,0.178307999,0.426654042,15418.05994,0.007649071,480.6900517,31.14738815,6.69,2:Δt out of range,INT : 60.00[Hz],SLOW,1,2025/6/19,15:13:36,,,,,,,,,,,,,,,,,,,,
1604,2167.7053,2305.2932,3960.571,0.257032956,0.27334727,2305.2932,0.178306236,0.426653174,15418.81987,0.007650528,480.6903551,31.14831969,6.7,2:Δt out of range,INT : 60.00[Hz],SLOW,1,2025/6/19,15:13:37,,,,,,,,,,,,,,,,,,,,
1605,2167.7087,2305.3091,3960.5803,0.257032488,0.273348228,2305.3091,0.178305526,0.426653749,15418.74267,0.007651326,480.6906419,31.14835814,6.67,2:Δt out of range,INT : 60.00[Hz],SLOW,1,2025/6/19,15:13:38,,,,,,,,,,,,,,,,,,,,
1606,2167.6331,2305.1497,3960.4709,0.25703402,0.27334049,2305.1497,0.178309556,0.426648769,15419.89027,0.007646401,480.6887089,31.14876267,6.69,2:Δt out of range,INT : 60.00[Hz],SLOW,1,2025/6/19,15:13:39,,,,,,,,,,,,,,,,,,,,
1607,2167.5093,2305.0498,3960.2664,0.257032391,0.273342523,2305.0498,0.17830757,0.426649896,15419.87438,0.007648524,480.6894252,31.14904604,6.69,2:Δt out of range,INT : 60.00[Hz],SLOW,1,2025/6/19,15:13:40,,,,,,,,,,,,,,,,,,,,
1608,2167.5015,2305.0198,3960.3369,0.257030469,0.273337906,2305.0198,0.178307832,0.426646504,15421.21981,0.007647502,480.6887537,31.15018835,6.7,2:Δt out of range,INT : 60.00[Hz],SLOW,1,2025/6/19,15:13:41,,,,,,,,,,,,,,,,,,,,
1609,2167.3933,2304.9006,3960.1982,0.257028797,0.273335637,2304.9006,0.17830741,0.42664473,15422.05057,0.007647492,480.6885475,31.1509809,6.69,2:Δt out of range,INT : 60.00[Hz],SLOW,1,2025/6/19,15:13:42,,,,,,,,,,,,,,,,,,,,
1610,2167.4438,2304.9736,3960.2317,0.25703,0.273339205,2304.9736,0.178306996,0.426647309,15421.07641,0.007648472,480.6891142,31.15018771,6.69,2:Δt out of range,INT : 60.00[Hz],SLOW,1,2025/6/19,15:13:43,,,,,,,,,,,,,,,,,,,,
1611,2167.2427,2304.7646,3959.8467,0.257030387,0.273340193,2304.7646,0.178306921,0.426648031,15420.79407,0.007648707,480.689262,31.1499509,6.68,2:Δt out of range,INT : 60.00[Hz],SLOW,1,2025/6/19,15:13:44,,,,,,,,,,,,,,,,,,,,
1612,2167.0344,2304.5483,3959.5425,0.257027899,0.273338166,2304.5483,0.178305794,0.426646299,15421.76776,0.00764937,480.6892467,31.15097474,6.73,2:Δt out of range,INT : 60.00[Hz],SLOW,1,2025/6/19,15:13:45,,,,,,,,,,,,,,,,,,,,
1613,2166.9768,2304.4895,3959.3989,0.257028994,0.273339621,2304.4895,0.178306081,0.42664744,15421.22984,0.007649361,480.6893752,31.15045945,6.72,2:Δt out of range,INT : 60.00[Hz],SLOW,1,2025/6/19,15:13:46,,,,,,,,,,,,,,,,,,,,
1614,2166.9387,2304.4534,3959.3899,0.257027011,0.273338037,2304.4534,0.178305171,0.42664608,15421.9998,0.007649905,480.6893697,31.15127179,6.71,2:Δt out of range,INT : 60.00[Hz],SLOW,1,2025/6/19,15:13:47,,,,,,,,,,,,,,,,,,,,